tree
version=v4
num_class=1
num_tree_per_iteration=1
label_index=0
max_feature_idx=12
objective=binary sigmoid:1
feature_names=Column_0 Column_1 Column_2 Column_3 Column_4 Column_5 Column_6 Column_7 Column_8 Column_9 Column_10 Column_11 Column_12
feature_infos=[0:1] [0:1] [0:1] [0:1] [0:1] [0:1] [0:1] [0:1] [0:11] [0:1] [0:1] [0:1] [1:154]
tree_sizes=3820 3875 3865 3907 3885 3883 3899 3903 3915 3932 3902 3926 3919 3914 3929 3915 3935 3939 3933 3927 3936 3945 3933 3933 3937 3941 3930 3927 3931 3912 3932 3941 3940 3945 3950 3938 3945 3950 3949 3935 3948 3941 3928 3954 3933 3942 3938 3954 3959 3941 3958 3945 3967 3946 3934 3947 3954 3963 3949 3949 3957 3956 3969 3951 3941 3941 3948 3941 3968 3955 3957 3966 3949 3959 3954 3970 3978 3972 3970 3955 3979 3945 3966 3962 3966 3957 3954 3962 3969 3952 3939 3962 3960 3967 3947 3957 3923 3960 3987 3943 3971 3963 3978 3952 3959 3966 3986 3954 3957 3913 3936 3982 3947 3980 3971 3929 3961 3969 3937 3923 3948 3889 3966 3993 3945 3932 3896 3964 3948 3932 3936 3962 3955 3932 3919 3960 3936 3960 3953 3951 3956 3970 3891 3917 3970 3904 3916 3950 3929 3896 3951 3921 3917 3939 3949 3930 3977 3957 3939 3941 3922 3917 3924 3905 3965 3930 3912 3962 3949 3947 3950 3959 3949 3932 3943 3950 3957 3976 3922 3960

Tree=0
num_leaves=35
num_cat=0
split_feature=12 5 6 3 3 1 5 4 4 6 2 5 1 12 5 3 8 6 5 3 5 5 6 8 3 5 8 3 8 8 5 12 12 5
split_gain=1.21052e+06 94305.1 59357.7 56657.9 43376.4 13457.4 55833.1 20251.8 11523.1 8106.84 4555.2 3883.57 5081.71 1818.4 1790.03 13792 2116.29 1663.34 1182.09 1172.06 2470.18 1127.74 1093.54 1016.98 917.057 6587.33 770.623 647.288 635.072 598.836 579.852 473.952 443.123 410.819
threshold=23.500000000000004 0.64303661162957648 0.84389334862385335 0.55646630236794181 0.60120481927710856 0.82972848596410509 0.61410415803287755 1.0000000180025095e-35 1.0000000180025095e-35 0.88322510822510836 0.9240384615384617 0.55230987917555097 0.74443344878772899 19.500000000000004 0.88322510822510836 0.67117117117117131 1.0000000180025095e-35 0.9788721916381492 0.7235442329227324 0.6861407249466952 0.85794995964487497 0.54007299270073006 0.96799795186891979 1.0000000180025095e-35 0.93683510638297884 0.71468475658419794 1.0000000180025095e-35 0.57359307359307365 1.0000000180025095e-35 1.0000000180025095e-35 0.5337121212121213 12.500000000000002 43.500000000000007 0.92508503401360553
decision_type=2 2 2 2 2 2 2 2 2 2 2 2 2 2 2 2 2 2 2 2 2 2 2 2 2 2 2 2 2 2 2 2 2 2
left_child=2 8 5 9 17 10 7 21 11 33 14 32 -13 31 24 27 -17 28 26 20 -5 -7 29 -23 -1 -26 -8 -16 -4 -11 -12 -9 -2 -3
right_child=1 3 4 19 -6 6 18 13 -10 22 30 12 -14 -15 15 16 -18 -19 -20 -21 -22 23 -24 -25 25 -27 -28 -29 -30 -31 -32 -33 -34 -35
leaf_value=-2.6507075160144145 -2.6274103525510784 -2.6063107749878007 -2.6276554675679451 -2.4214950398101425 -1.6223166099034474 -2.6480341755250238 -2.1326266425029203 -2.3203470776751041 -1.7590857198225014 -2.5047154671287566 -2.4853418910272289 -2.6118835307699921 -1.6904904318561651 -1.8731479729679275 -2.6424273501448159 -2.2337833827835971 -1.6896403801653197 -1.8716126457279616 -1.6143564487515061 -1.5943796242773631 -1.6678530887134673 -2.5039962753828293 -1.7270648224100187 -1.8489033687629055 -2.6296840168929907 -2.006177975752109 -1.686608529134638 -2.4266533158584265 -2.4149254357067496 -2.0157986750835133 -1.5890692645301892 -2.1054523566136476 -1.8425552343296077 -2.4051048651498772
leaf_weight=97534.103486895561 588.84684254229069 280.99427224695683 375.35949057340622 25.216592788696289 482.92401918768883 3713.0776199251413 40.84562686085701 95.218905061483383 103.49309957027435 15.694702282547949 4.2027654647827175 62.975813761353493 54.898623883724213 132.58411677181721 1766.3435229957104 60.940099239349365 82.347935825586319 16.41705259680748 278.3018756210804 6365.482305675745 137.57490076124668 52.534568309783936 65.47120575606823 14.90668375790119 2004.0624445974827 86.616369500756264 35.460833609104156 70.855999007821083 84.186645716428757 56.343324512243271 22.327191531658173 106.57950545847416 3.5460833609104148 60.414753556251526
leaf_count=1485256 8967 4279 5716 384 7354 56543 622 1450 1576 239 64 959 836 2019 26898 928 1254 250 4238 96934 2095 800 997 227 30518 1319 540 1079 1282 858 340 1623 54 920
internal_value=-2.57658 -1.73587 -2.63799 -1.65304 -2.08972 -2.64295 -2.52407 -2.5967 -2.44915 -2.38793 -2.64817 -2.5497 -2.18276 -2.07454 -2.64841 -2.58252 -1.92106 -2.56395 -1.68128 -1.59912 -1.78459 -2.64288 -1.93413 -2.3592 -2.64972 -2.60385 -1.92535 -2.63411 -2.58868 -2.12232 -1.73105 -2.20685 -2.62271 -2.57071
internal_weight=114881 7820.95 107060 7007.19 958.887 106101 4469.51 4114.9 813.76 478.918 101632 710.267 117.874 334.383 101605 1980.49 143.288 475.963 354.608 6528.27 162.791 3780.52 137.509 67.4413 99624.8 2090.68 76.3065 1837.2 459.546 72.038 26.53 201.798 592.393 341.409
internal_count=1749418 119098 1630320 106706 14602 1615718 68062 62662 12392 7293 1547656 10816 1795 5092 1547252 30159 2182 7248 5400 99413 2479 57570 2094 1027 1517093 31837 1162 27977 6998 1097 404 3073 9021 5199
is_linear=0
shrinkage=1


Tree=1
num_leaves=35
num_cat=0
split_feature=12 6 2 2 5 1 5 4 6 4 9 2 9 5 2 9 9 9 1 6 9 9 5 5 9 1 12 9 5 1 5 2 5 5
split_gain=535053 32247.2 18343.7 13800.2 12280.3 9270.73 17399.3 12386.3 7894.62 5270.81 3283.3 1827.1 1715.96 1275.51 5478.81 769.336 711.896 545.66 1740.88 2106.42 489.069 428.728 1120.03 413.871 400.274 552.032 379.964 372.279 365.527 327.416 4189.94 370.516 318.56 273.745
threshold=22.500000000000004 0.82232606438213918 0.41897974493623408 0.46709956709956718 0.50920383963862237 0.82972848596410509 0.56928691746210003 1.0000000180025095e-35 0.83393285371702663 1.0000000180025095e-35 0.61250000000000016 0.9194594594594595 0.61250000000000016 0.88322510822510836 0.48313755210306936 0.38750000000000007 0.47222222222222227 0.31666666666666671 0.73499399759903972 0.79324593901396423 0.61250000000000016 0.73214285714285732 0.78809997788099995 0.64767316017316034 0.23611111111111113 0.9194594594594595 12.500000000000002 0.31666666666666671 0.97489495798319337 0.68323556653288053 0.72148047997295939 0.87007672634271105 0.97489495798319337 0.45179515217787508
decision_type=2 2 2 2 2 2 2 2 2 2 2 2 2 2 2 2 2 2 2 2 2 2 2 2 2 2 2 2 2 2 2 2 2 2
left_child=1 5 8 10 9 11 7 16 21 24 32 13 28 29 20 -16 -7 18 19 -6 -15 -2 -23 27 -4 -26 -9 -8 -10 31 -31 -1 -3 -18
right_child=2 3 4 -5 17 6 23 26 12 -11 -12 -13 -14 14 15 -17 33 -19 -20 -21 -22 22 -24 -25 25 -27 -28 -29 -30 30 -32 -33 -34 -35
leaf_value=-0.073881936253538061 -0.062483660308637924 -0.054940314111451352 -0.070393241772918738 0.41336412284471574 -0.018567157706073246 -0.072423111905266083 0.12296327303806052 0.19043287379920057 0.046100494819279379 0.38551332193145477 0.45567208390392561 0.36862829134262104 0.42272501959255282 -0.065190009513712288 0.19191086622199216 0.45451982179875866 0.084258065589552303 0.41530104588374683 0.40178963740656093 0.37380980263884384 0.16071400807922714 -0.056144102458136322 0.40004331977482921 0.39981756661671358 0.0020632948631731408 0.7071342535608155 0.33379288967805021 0.43696662946347142 0.28231191697792229 -0.0651024354751331 0.374578196481688 0.38300601088859987 0.1226520709962873 0.53362171782035694
leaf_weight=88630.967154920101 586.3114259056747 597.04328041523695 388.27081558853388 971.84063169360161 113.54539259895682 3494.6749212816358 53.836986161768436 118.10273826122284 90.780827458947897 199.27638758718967 72.733104005455971 46.185467958450317 322.931849591434 1577.9565097615123 117.6552962064743 102.09781654551625 14.508830793201925 12068.618432898074 1765.053970195353 163.6819859072566 48.39924419298768 88.486859440803528 37.568205188959837 530.97433169931173 18.112601049244407 7.7776864394545546 388.88217576593161 28.187718421220779 49.661057807505131 4427.2983285337687 108.81117054820061 8.6981283873319608 53.965908732265234 12.252374410629271
leaf_count=1438180 9067 9209 6169 7277 1226 56527 662 1450 1097 1595 715 378 2616 25181 1338 832 235 86531 12709 1215 697 1398 445 3967 285 116 3631 226 442 71562 1428 131 725 156
internal_value=-0.00248095 -0.061679 0.375064 0.241028 0.39631 -0.0668267 0.0297737 -0.0230954 0.108989 0.0897065 0.00961631 -0.0715429 0.333891 -0.0717568 -0.0141399 0.31392 -0.0696689 0.409639 0.376176 0.213102 -0.0584673 -0.0373038 0.0798135 0.377211 -0.052623 0.213873 0.300397 0.23087 0.129626 -0.0728984 -0.0545555 -0.0738371 -0.0402187 0.289995
internal_weight=117305 101405 15900.1 1695.58 14724.3 99709.5 4641.42 4028.42 1175.74 613.437 723.742 95068.1 463.374 95021.9 1846.11 219.753 3521.44 14110.9 2042.28 277.227 1626.36 712.366 126.055 612.999 414.161 25.8903 506.985 82.0247 140.442 93175.8 4536.11 88639.7 651.009 26.7612
internal_count=1749418 1624507 124911 17926 109846 1606581 66854 61999 15065 8165 10649 1539727 4155 1539349 28048 2170 56918 101681 15150 2441 25878 10910 1843 4855 6570 401 5081 888 1539 1511301 72990 1438311 9934 391
is_linear=0
shrinkage=0.07


Tree=2
num_leaves=35
num_cat=0
split_feature=12 6 3 3 1 5 4 5 4 6 9 3 5 4 9 9 2 5 3 9 6 12 9 9 3 6 5 3 3 9 1 12 5 12
split_gain=379847 26018.5 12018.7 10446.1 8338.55 11170.7 9182.76 6123.73 3391.17 3152.51 1425.4 1307.71 5192.3 1409.72 846.049 801.186 707.415 645.173 2688.17 542.548 397.936 373.559 311.85 266.63 992.867 1130.05 294.08 258.209 248.509 293.55 229.381 223.583 211.19 250.672
threshold=22.500000000000004 0.81264269406392708 0.5300120048019209 0.56070175438596503 0.82972848596410509 0.56928691746210003 1.0000000180025095e-35 0.51075393154486604 1.0000000180025095e-35 0.85372985308800475 0.92857142857142871 0.91476997578692509 0.66009708737864081 1.0000000180025095e-35 0.31666666666666671 0.73214285714285732 0.89725545390570038 0.88322510822510836 0.6066017316017317 0.47222222222222227 0.7013956193060672 9.5000000000000018 0.23611111111111113 0.31666666666666671 0.82807881773399028 0.81264269406392708 0.6971087016958577 0.97366597366597374 0.69028213166144214 0.47222222222222227 0.84292763157894746 17.500000000000004 0.68258720653930249 12.500000000000002
decision_type=2 2 2 2 2 2 2 2 2 2 2 2 2 2 2 2 2 2 2 2 2 2 2 2 2 2 2 2 2 2 2 2 2 2
left_child=1 4 9 10 11 6 19 8 22 -2 -3 16 13 -13 20 -11 17 -1 -19 -6 -14 -15 -4 24 25 -9 30 -24 29 -5 -26 -8 33 -7
right_child=2 3 7 28 5 32 31 23 -10 15 -12 12 14 21 -16 -17 -18 18 -20 -21 -22 -23 27 -25 26 -27 -28 -29 -30 -31 -32 -33 -34 -35
leaf_value=-0.073527923474245693 -0.048007168729476919 -0.053893593852686682 -0.069018830831320391 0.094798502500819087 -0.071910350559819008 0.046123353729237045 0.18030740794202604 -0.023705749078577958 0.27565808329597791 0.062794115575724882 0.31606323993811203 -0.069264372216308726 0.076510717304111908 0.02268525165844389 0.40570391081240403 0.29793036338625573 0.28343971327567374 -0.064049933674560258 0.1978582269750202 0.20949427136442669 0.32883516211090441 0.29908381007213286 -0.03062626334635123 0.29804654493487109 -0.039973619665818597 0.26977115537888269 0.29362065877218924 0.36175691211393651 0.30296405935620446 0.32091309838903553 0.22411945759362098 0.26362650051938924 0.29072483392016019 0.25355456015385069
leaf_weight=85045.042131122202 676.40768848359585 714.21662865579128 366.78482466563582 63.43202406540513 3280.8271021023393 39.519309043884277 313.42479072511196 111.8986414000392 256.42507632821798 106.83660946041346 54.957397378981113 2036.1895488537848 98.035640981048346 38.087092746049166 123.35544265061617 211.71285051852465 27.34163623675704 1472.1559637412429 220.82784337550402 33.918638177216053 44.540344938635826 64.595849134027958 17.297266725450754 15720.279110960662 20.115674488246441 151.10782622918487 2240.5393645875156 15.655061803758143 1274.6564743332565 50.55575292557478 81.036223083734512 317.86229920387268 605.23069739341736 102.81345824152231
leaf_count=1471812 10873 11589 6189 627 56527 373 2865 1214 1595 1103 464 34485 1103 645 956 1387 201 24840 1913 391 403 1086 276 87877 210 905 12613 148 7371 324 521 2216 3488 828
internal_value=-0.00306503 -0.0608412 0.274655 0.179483 -0.0663659 0.0245733 -0.0224301 0.287086 0.076969 0.0375011 -0.0274602 -0.0711526 -0.020234 -0.0565026 0.271472 0.219069 -0.0725639 -0.0726761 -0.0298874 -0.0690308 0.155336 0.196562 -0.0504869 0.29461 0.273866 0.144909 0.28835 0.155788 0.294109 0.195085 0.1716 0.22226 0.272682 0.19596
internal_weight=115998 96021.6 19976.1 2157.82 93863.8 4693.6 3946.03 18981.1 656.162 994.957 769.174 89170.2 2404.8 2138.87 265.931 318.549 86765.4 86738 1692.98 3314.75 142.576 102.683 399.737 18325 2604.7 263.006 2341.69 32.9523 1388.64 113.988 101.152 631.287 747.563 142.333
internal_count=1749418 1624507 124911 20375 1604132 66688 61999 111548 8208 13363 12053 1537444 38678 36216 2462 2490 1498766 1498565 26753 56918 1506 1731 6613 103340 15463 2119 13344 424 8322 951 731 5081 4689 1201
is_linear=0
shrinkage=0.07


Tree=3
num_leaves=35
num_cat=0
split_feature=12 6 3 3 1 5 4 5 4 6 3 5 4 5 5 3 8 0 8 8 8 8 6 8 5 0 0 5 0 8 5 12 12 10
split_gain=297050 22265.9 9714.8 7699.63 7224.35 7615.03 7340.96 3821.32 2476.18 2407.46 1114.4 3443.27 1141.4 648.644 604.518 2053.23 513.691 397.347 339.304 265.92 246.786 208.275 206.082 184.624 222.568 181.463 176.505 155.686 957.483 195.208 152.659 184.344 150.728 165.322
threshold=22.500000000000004 0.79324593901396423 0.58919961427193834 0.52730883813306872 0.82972848596410509 0.55938129666943237 1.0000000180025095e-35 0.50920383963862237 1.0000000180025095e-35 0.84389334862385335 0.91476997578692509 0.66009708737864081 1.0000000180025095e-35 0.97489495798319337 0.88322510822510836 0.58919961427193834 1.0000000180025095e-35 0.95293466223698797 1.0000000180025095e-35 1.0000000180025095e-35 1.0000000180025095e-35 1.0000000180025095e-35 0.67422150882825049 1.0000000180025095e-35 0.49867724867724872 0.92031746031746042 0.40253164556962034 0.75573053368328968 0.8447574334898279 1.0000000180025095e-35 0.68258720653930249 17.500000000000004 16.500000000000004 1.0000000180025095e-35
decision_type=2 2 2 2 2 2 2 2 2 2 2 2 2 2 2 2 2 2 2 2 2 2 2 2 2 2 2 2 2 2 2 2 2 2
left_child=1 4 13 9 10 6 23 8 20 -2 14 12 -12 21 -1 -16 -17 -14 22 -11 -5 -3 -13 -6 -25 -22 -4 28 29 -9 31 -7 33 -8
right_child=3 2 26 7 5 30 32 27 -10 19 11 18 17 -15 15 16 -18 -19 -20 -21 25 -23 -24 24 -26 -27 -28 -29 -30 -31 -32 -33 -34 -35
leaf_value=-0.073128420543995959 -0.049378520850283429 -0.06646264064045207 0.12080988623016296 -0.069305016390083643 -0.072309255953615967 0.095723453633258862 0.18527487971790699 -0.07992638898884416 0.21893870809193985 0.027037349907746859 -0.068605779764532651 0.045460899639412716 -0.044659197175547213 0.13548153789701387 -0.064757604127845925 0.043962721541008457 0.24289299036352138 0.23303155033494818 0.27122561326908251 0.19817117153441652 -0.05783344210619773 0.021686561685593245 0.2213030867244809 -0.022218026299342764 0.25493323583573752 0.24901051867185364 0.2424655324360416 0.23795991287902818 0.23383295206373669 0.112473938505754 0.23120164543460256 0.24248863708805138 0.2023466027068738 0.076337326202463307
leaf_weight=79528.742141198367 635.01427782699466 776.19369566068053 60.574680622667074 342.11594600975513 2999.0973389446735 100.66271366924047 153.35012383759022 56.199412420392036 298.39911634474993 51.620485745370388 1916.1142657250166 77.315158791840076 35.646009221673012 100.65173967927694 1301.851454295218 117.13008634001017 139.19151989370584 86.565040815621614 157.91892286762595 322.14891485869884 16.527878995984793 158.08999088034034 56.541212379932404 92.502287901937962 16.772279277443886 22.033518932759762 1655.8934256248176 20160.982394959778 828.90715839341283 47.831298921257257 628.24686928093433 71.879730045795441 454.18058851361275 123.02133637666702
leaf_count=1468229 10692 13781 481 6139 55088 845 1207 649 1595 602 34485 840 496 1073 23293 1152 880 1235 1032 2044 277 2298 441 1532 165 179 8452 98066 4284 384 3139 489 2790 1084
internal_value=-0.00335638 -0.0600552 0.136037 0.222645 -0.0661823 0.0188332 -0.0221252 0.231405 0.0679621 0.0335852 -0.0709109 -0.0231822 -0.0553769 -0.0333576 -0.0722824 -0.0291025 0.151989 0.152036 0.201728 0.174536 -0.0503829 -0.0515469 0.119737 -0.0690528 0.0203212 0.117494 0.238172 0.236666 0.20871 0.00853554 0.215185 0.156865 0.177544 0.136783
internal_weight=113590 90808.1 2751.4 22781.8 88056.7 4639.71 3838.92 21773 679.076 1008.78 83417 2330.1 2038.33 1034.94 81086.9 1558.17 256.322 122.211 291.775 373.769 380.677 934.284 133.856 3108.37 109.275 38.5614 1716.47 21093.9 932.938 104.031 800.789 172.542 730.552 276.371
internal_count=1749418 1624507 26085 124911 1598422 66339 61866 111573 8190 13338 1532083 38529 36216 17152 1493554 25325 2032 1731 2313 2646 6595 16079 1281 56785 1697 456 8933 103383 5317 1033 4473 1334 5081 2291
is_linear=0
shrinkage=0.07


Tree=4
num_leaves=35
num_cat=0
split_feature=12 3 6 5 4 3 0 5 4 9 5 2 9 5 3 9 9 9 0 5 5 9 9 0 5 5 0 5 9 0 12 3 3 9
split_gain=245919 14970.9 10520.6 10445.4 5120.28 3874.42 2900.23 5757.45 3667.55 2712.3 1399.49 891.254 669.724 489.239 2011.71 480.249 401.451 354.403 1379.35 1230.83 349.607 328.893 319.725 300.65 284.651 280.783 197.056 190.885 144.586 125.742 144.226 122.752 115.646 123.962
threshold=18.500000000000004 0.53452380952380962 0.81264269406392708 0.53708994708994717 1.0000000180025095e-35 0.56070175438596503 0.88493064312736458 0.61920122887864837 1.0000000180025095e-35 0.73214285714285732 0.75573053368328968 0.88493064312736458 0.47222222222222227 0.85304401480872094 0.62593283582089565 0.31666666666666671 0.47222222222222227 0.47222222222222227 0.84680573663624525 0.91445993031358896 0.97044263249854412 0.47222222222222227 0.31666666666666671 0.92031746031746042 0.76230831315577086 0.50120772946859915 0.95293466223698797 0.81106578276389618 0.58571428571428574 0.91476997578692509 12.500000000000002 0.97366597366597374 0.69028213166144214 0.31666666666666671
decision_type=2 2 2 2 2 2 2 2 2 2 2 2 2 2 2 2 2 2 2 2 2 2 2 2 2 2 2 2 2 2 2 2 2 2
left_child=2 9 6 4 16 12 11 8 21 20 -11 13 -4 -1 28 -16 -3 18 19 27 -2 -8 24 -18 31 -23 -6 -5 -15 -10 -31 -9 33 -7
right_child=1 3 5 17 26 32 7 22 29 10 -12 -13 -14 14 15 -17 23 -19 -20 -21 -22 25 -24 -25 -26 -27 -28 -29 -30 30 -32 -33 -34 -35
leaf_value=-0.072991374416273069 -0.06559748664449723 -0.067214636870391503 -0.057236745364423393 -0.063589777089254132 -0.027090621406840872 0.045149294466565001 -0.071506912299694469 0.18842193446759989 0.002397427367650049 -0.063464010753626843 0.20540459272728723 0.24476393245201616 0.18136288000209014 -0.068262619587921514 0.049721413827117318 0.24038020017204564 -0.0592608020188733 0.20449878767052923 0.19810344817322587 0.17884150362291548 0.079837842042442472 -0.012539966955626985 0.23329268666877917 0.22817989924344209 0.19285623578263722 0.30064476944660273 0.18337398620618547 0.048620693448050437 0.05930903695807424 0.094997094195833423 0.17116510293203493 0.027188479854527065 0.20392920598774655 0.20622267246508771
leaf_weight=73472.066970814019 1422.5495872199535 1134.424139495939 516.14223155006766 171.12408797070384 22.482690986245871 48.865613535046577 3798.1466113440692 29.013405807316303 36.538846101611853 129.65144630521536 353.50279869884253 43.531851898878813 64.890961773693562 1695.0115969479084 130.73422007635236 128.23548136278987 31.644795782864094 19693.14965814352 4136.9811141677201 342.99946029856801 85.880511596798897 43.638304717838764 305.21713457629085 40.84430980682373 175.30078310891986 20.671704914420843 716.35154212266207 131.2684050835669 44.680035624653101 220.97679998353124 271.44836435094476 114.24524771422148 914.80351043492556 44.946122467517853
leaf_count=1446220 26078 21805 9208 2549 212 427 73266 215 428 2418 2258 228 527 32463 1299 730 569 87922 19033 1773 876 740 1544 339 968 184 3670 1102 710 2165 1977 1103 4179 233
internal_value=-0.00351894 0.173988 -0.0649355 0.187938 0.0318365 0.113394 -0.0684557 -0.0169082 -0.0451753 -0.0110848 0.133255 -0.0718792 -0.0305895 -0.0720618 -0.0378906 0.144131 -0.0570094 0.200348 0.183255 0.0880754 -0.0573173 -0.068849 0.182094 0.102699 0.133039 0.0881296 0.17697 -0.0148793 -0.0649862 0.127688 0.136985 0.0598422 0.196339 0.122321
internal_weight=110532 28412.9 82119.1 26421.3 1945.75 1589.65 80529.5 5015.2 4391.42 1991.58 483.154 75514.3 581.033 75470.7 1998.66 258.97 1206.91 24475.5 4782.37 645.392 1508.43 3862.46 623.777 72.4891 318.559 64.31 738.834 302.392 1739.69 528.964 492.425 143.259 1008.62 93.8117
internal_count=1749418 170604 1578814 138974 26595 14574 1564240 82590 78760 31630 4676 1481650 9735 1481422 35202 2029 22713 112379 24457 5424 26954 74190 3830 908 2286 924 3882 3651 33173 4570 4142 1318 4839 660
is_linear=0
shrinkage=0.07


Tree=5
num_leaves=35
num_cat=0
split_feature=12 3 5 5 3 4 9 0 5 4 5 9 9 5 9 9 9 0 5 1 5 0 3 9 5 5 5 0 5 1 1 5 3 9
split_gain=209368 11569.5 7979.73 7906.52 7369.6 4150.35 2405.87 2359.2 3858.74 3186.82 1091.7 656.666 387.415 368.191 279.205 274.274 263.878 995.881 928.592 231.804 398.382 230.347 219.462 302.047 196.865 186.365 175.063 146.899 138.605 127.035 119.62 114.537 1826 783.673
threshold=18.500000000000004 0.54692082111436957 0.86512474012474017 0.53708994708994717 0.58919961427193834 1.0000000180025095e-35 0.73214285714285732 0.88493064312736458 0.61410415803287755 1.0000000180025095e-35 0.75573053368328968 0.61250000000000016 0.23611111111111113 0.97044263249854412 0.47222222222222227 0.47222222222222227 0.31666666666666671 0.86425061425061434 0.92508503401360553 0.83910792512943055 0.65015337423312902 0.9025932953826693 0.67117117117117131 0.31666666666666671 0.75887238862320683 0.44912747707778772 0.84389334862385323 0.95293466223698797 0.66009708737864081 0.64346246973365628 0.82972848596410509 0.77291825821237603 0.6861407249466952 0.31666666666666671
decision_type=2 2 2 2 2 2 2 2 2 2 2 2 2 2 2 2 2 2 2 2 2 2 2 2 2 2 2 2 2 2 2 2 2 2
left_child=2 6 7 5 11 12 13 19 9 15 -8 -4 -3 -2 24 -9 17 18 26 31 -21 -14 23 -6 29 -17 -5 -7 -19 -10 -16 -1 -33 -34
right_child=1 3 4 16 22 27 10 8 14 -11 -12 -13 21 -15 30 25 -18 28 -20 20 -22 -23 -24 -25 -26 -27 -28 -29 -30 -31 -32 32 33 -35
leaf_value=-0.073184083185673918 -0.064331531249511464 -0.06884457015599256 -0.062474892948421526 -0.062829691851786371 -0.0014292097819101855 -0.025618758299817863 -0.062247684887624298 -0.071199470547338939 -0.043740656415172316 0.10874687962771176 0.17463246344090971 0.12879865938202398 -0.061716692939612218 0.076838672553045703 0.30864120609399176 -0.039955523962814411 0.17922370070827742 0.10023594355813908 0.16305979558096312 -0.052968670833436461 0.18403672415445366 0.15413272233147032 0.17149316220650529 0.20153944177857036 0.16385960604116198 0.19611443864471476 0.05300173766880379 0.15731721513811914 0.17614630135057172 0.095741501421319763 0.18563433417248484 -0.070325088769026795 0.07055379581068856 0.41482054804357588
leaf_weight=65148.600624598563 1365.832227949053 1038.3165819458663 1649.4489046484232 170.78616048023105 87.793539687991142 22.123478185385466 124.58038929477334 3556.974608309567 42.722626071423292 575.46761481836438 406.07671543210745 92.902563575655222 38.745625663548708 96.95423885434866 53.641258485615253 34.190247878432274 21766.464674454182 122.13399368152022 273.31617394834757 140.58454382792115 46.163369506597519 64.645377174019814 1281.2701281234622 60.81092144548893 194.14323683828115 31.467458467930555 102.19020265340805 774.1551856584847 3369.2706345282495 127.41798649728298 139.43437272310257 3880.0207452066243 104.160789526999 47.027961805462837
leaf_count=1370041 26429 21300 32761 2554 895 212 2448 73171 575 4570 2347 892 745 913 334 597 92117 837 1302 2622 215 593 5913 359 943 317 747 3670 14390 931 595 81095 1538 450
internal_value=-0.00361775 0.154229 -0.0643425 0.165934 0.0443777 0.0295727 -0.00865683 -0.0689955 -0.0212991 -0.0442746 0.119021 -0.0522761 -0.0559773 -0.0549747 0.151756 -0.0685826 0.176175 0.159739 0.0718529 -0.0722653 0.00561816 0.0732435 0.162154 0.0816283 0.115686 0.0731846 -0.0194676 0.152235 0.173491 0.0607173 0.219809 -0.0724756 -0.0610253 0.17764
internal_weight=107030 29735.6 77294.2 27742.1 3172.23 1937.99 1993.44 74122 4755.46 4198.1 530.657 1742.35 1141.71 1462.79 557.359 3622.63 25804.2 4037.7 546.293 69366.6 186.748 103.391 1429.87 148.604 364.284 65.6577 272.976 796.279 3491.4 170.141 193.076 69179.8 4031.21 151.189
internal_count=1749418 170604 1578814 138467 40820 26520 32137 1537994 82033 78655 4795 33653 22638 27342 3378 74085 111947 19830 4603 1455961 2837 1338 7167 1254 2449 914 3301 3882 15227 1506 929 1453124 83083 1988
is_linear=0
shrinkage=0.07


Tree=6
num_leaves=35
num_cat=0
split_feature=12 3 6 6 0 6 4 3 9 4 9 9 6 2 9 6 9 0 6 6 6 0 6 3 6 9 9 9 1 0 12 2 1 1
split_gain=181375 9303.81 8662.72 4920.62 2746.57 3015.21 2476.01 2459.46 1969.04 1937.25 2372.98 1300.04 808.416 765.567 499.33 307.472 280.479 848.02 819.494 232.813 186.23 158.569 152.697 150.687 1337.62 412.628 367.618 137.366 123.696 114.125 112.124 99.0605 97.2787 92.4953
threshold=18.500000000000004 0.53452380952380962 0.81264269406392708 0.47281683833407978 0.88493064312736458 0.57080200501253142 1.0000000180025095e-35 0.56070175438596503 0.73214285714285732 1.0000000180025095e-35 0.19090909090909094 0.31666666666666671 0.68194955333683671 0.86526825332795487 0.47222222222222227 0.48795005807200936 0.47222222222222227 0.85912698412698429 0.81264269406392708 0.89099909990999115 0.61125503742084064 0.92031746031746042 0.62973194188663817 0.63733075435203113 0.69467381027418862 0.31666666666666671 0.47222222222222227 0.31666666666666671 0.85857142857142865 0.95293466223698797 32.500000000000007 0.83910792512943055 0.65142409197805085 0.63702239789196324
decision_type=2 2 2 2 2 2 2 2 2 2 2 2 2 2 2 2 2 2 2 2 2 2 2 2 2 2 2 2 2 2 2 2 2 2
left_child=2 8 4 9 13 6 11 14 19 10 -3 -6 -10 23 -4 -15 17 18 31 -2 28 -12 27 -1 26 -26 -25 -7 -19 -11 -21 -5 -13 -8
right_child=1 3 7 16 5 22 33 -9 12 29 21 32 -14 15 -16 -17 -18 20 -20 30 -22 -23 -24 24 25 -27 -28 -29 -30 -31 -32 -33 -34 -35
leaf_value=-0.072897180269653847 -0.064435480352096203 -0.06019413452176945 -0.054726348599837389 -0.020773032599374321 -0.068337183761273984 0.020131068223029448 -0.023652282522515441 0.15488764535608249 -0.04643705213542728 -0.0242093053044104 0.034875172420327095 0.023917183178361501 0.15299231288966023 -0.022124580274402735 0.13997320569066352 0.18762549727977304 0.16152080734979002 0.008667485134360664 0.13908563481802219 -0.0061423402326867878 0.15871888685769914 0.1566521387377581 0.16464855828371056 -0.070781657556335281 0.033661707955466066 0.2371196723937366 -0.016359826509624708 0.17607451075690789 0.12331481731938852 0.1381261647700141 0.14009464339915526 0.18259625878517741 0.13517745638436229 0.10025674193224075
leaf_weight=55914.881738752127 1236.7603189796209 979.8742309845984 463.15975623205304 299.40566490218043 3381.7171571180224 78.778357170522213 31.084763284772635 1105.0507939346135 132.51814376562834 21.785228479653597 61.383266940712929 50.250338047742844 400.93463524058461 62.204765174537897 74.994552917778492 76.188157323747873 21240.177969414741 55.394256822764874 394.30804279074073 90.887698844075203 4101.0980797745287 357.7836517766118 395.81778000295162 9448.5452232509851 124.73949712514877 80.276765394955873 650.04382897540927 42.67035223916173 275.22040188312531 818.19891092926264 35.814646527171135 12.214965403079985 164.76367162913084 586.2566316537559
leaf_count=1255146 25570 20658 9208 3848 72913 856 356 4839 2573 212 883 722 2103 1151 527 381 87016 478 1777 1142 16893 1784 1962 209404 1892 509 13167 216 1692 3670 242 63 1351 4214
internal_value=-0.00367798 0.139562 -0.0637731 0.149514 -0.067446 -0.0159177 -0.0354958 0.0951244 -0.0105676 0.0498846 -0.000567785 -0.0577254 0.103451 -0.07112 -0.027594 0.0933472 0.157971 0.143294 0.0720376 -0.0551772 0.154645 0.138819 0.143581 -0.0714637 -0.0636849 0.113328 -0.0672785 0.074921 0.104106 0.133916 0.0351941 -0.0128013 0.109175 0.0940176
internal_weight=103245 30513.8 72731.4 28616.8 71088.2 4731.34 4214.07 1643.21 1896.92 2239.03 1399.04 3596.73 533.453 66356.9 538.154 138.393 26377.8 5137.64 705.929 1363.46 4431.71 419.167 517.266 66218.5 10303.6 205.016 10098.6 121.449 330.615 839.984 126.702 311.621 215.014 617.341
internal_count=1749418 170604 1578814 138974 1564240 82590 79556 14574 31630 27207 23325 74986 4676 1481650 9735 1532 111767 24751 5688 26954 19063 2667 3034 1480118 224972 2401 222571 1072 2170 3882 1384 3911 2073 4570
is_linear=0
shrinkage=0.07


Tree=7
num_leaves=35
num_cat=0
split_feature=12 6 3 5 3 4 0 5 4 9 5 2 9 9 5 3 9 5 9 5 0 5 9 1 5 9 5 5 3 5 2 0 5 3
split_gain=159015 7918.17 7672.93 5325.98 2880.42 2728.35 2476.59 3296.18 2531.27 1710.27 684.269 591.389 526.643 478.099 414.71 1249.93 391.089 275.026 255.863 227.432 224.204 188.98 183.495 677.043 625.044 142.657 136.444 121.508 118.753 106.741 93.2403 91.5005 89.8787 88.7547
threshold=18.500000000000004 0.79324593901396423 0.53452380952380962 0.56928691746210003 0.56070175438596503 1.0000000180025095e-35 0.88493064312736458 0.58633653098262906 1.0000000180025095e-35 0.73214285714285732 0.75573053368328968 0.87007672634271105 0.47222222222222227 0.47222222222222227 0.85304401480872094 0.57359307359307365 0.31666666666666671 0.97044263249854412 0.31666666666666671 0.6115176080433754 0.89512961508248245 0.74585432890517656 0.47222222222222227 0.66312056737588665 0.92508503401360553 0.47222222222222227 0.82404540763673906 0.47506906077348071 0.69028213166144214 0.9455533596837945 0.16108108108108113 0.94826048171275656 0.44912747707778772 0.97100840336134464
decision_type=2 2 2 2 2 2 2 2 2 2 2 2 2 2 2 2 2 2 2 2 2 2 2 2 2 2 2 2 2 2 2 2 2 2
left_child=1 6 9 5 13 12 11 8 25 17 -11 14 27 -3 -1 -16 -17 -2 21 -13 -14 33 23 24 26 -8 -5 -4 29 -6 -19 -7 -27 -9
right_child=2 4 3 22 28 31 7 18 -10 10 -12 19 20 -15 15 16 -18 30 -20 -21 -22 -23 -24 -25 -26 32 -28 -29 -30 -31 -32 -33 -34 -35
leaf_value=-0.072150946167704524 -0.063209268655218517 -0.058427038396810349 -0.070202652384385736 -0.059039013946317907 0.019347517835666853 -0.026386046405947529 -0.071015982903845989 0.1282607627753162 0.08239422219234202 -0.061105132121992256 0.13293447546115475 -0.038576843807246471 -0.05371304936605286 0.11682195461763106 -0.065397563488748534 0.017520101594604424 0.17714732807172609 0.23606349646451658 0.16486817243110913 0.17517886731915122 0.15318438518585412 0.12620719812340947 0.14794797706565874 0.14249999376573022 0.13031054812489273 -0.041675738652598632 0.037716286193498032 0.0092072919274760641 0.14830157859333754 0.15258294647999901 0.032936904435789449 0.12320626894687929 0.12299800352927673 0.00070101470857769003
leaf_weight=60202.196948807687 1200.6184280626476 614.22879487648606 899.6822360008955 145.09900247305632 70.207867905497551 20.517944883555174 3113.7531735785306 33.326649501919746 653.55006730183959 111.86934413015842 436.59715903550386 38.862073082476854 36.523329548537731 87.09459538385272 1350.8912994787097 160.96862712129951 141.15791593492031 12.776410453021525 339.81139707192779 65.494987957179546 86.319277286529541 203.61638463288546 21773.227985173464 4645.1475382000208 326.93667379021645 35.626908574253321 140.63917196914554 105.48719868808985 1108.4569769576192 50.770244017243385 83.054444447159767 852.14802447706461 29.846207778900862 134.98023315519094
leaf_count=1442553 26078 13249 20616 2216 620 207 72694 262 4570 2418 2258 788 622 645 31015 1701 744 103 1510 292 483 979 87725 19287 1471 597 1033 1639 4577 253 773 3675 269 1496
internal_value=-0.00370801 -0.0632048 0.12816 0.136957 0.0765388 0.0267513 -0.0672619 -0.0173836 -0.0430735 -0.0102637 0.0933567 -0.0709203 -0.0451483 -0.0366636 -0.0712012 -0.0366113 0.0921003 -0.0541005 0.120959 0.0955773 0.09167 0.0808419 0.145114 0.133377 0.0642122 -0.0688658 -0.0114164 -0.061869 0.141114 0.0752617 0.0600183 0.119689 0.0333915 0.0259593
internal_weight=99311.5 68434.8 30876.6 29031.7 1930.76 2000.68 66504.1 4544.51 3832.78 1844.92 548.467 61959.6 1128.01 701.323 61855.2 1653.02 302.127 1296.45 711.735 104.357 122.843 371.923 27031.1 5257.82 612.675 3179.23 285.738 1005.17 1229.44 120.978 95.8309 872.666 65.4731 168.307
internal_count=1749418 1578814 170604 138974 19344 27242 1559470 82377 78130 31630 4676 1477093 23360 13894 1476013 33460 2445 26954 4247 1080 1105 2737 111732 24007 4720 73560 3249 22255 5450 873 876 3882 866 1758
is_linear=0
shrinkage=0.07


Tree=8
num_leaves=35
num_cat=0
split_feature=12 6 3 6 3 0 6 4 6 4 9 9 2 9 9 6 9 1 6 9 6 3 9 3 6 9 9 6 3 12 9 0 0 12
split_gain=140724 7270.94 6478.82 3392.68 2442.44 2407.82 1977.02 1960.51 1602.74 1357.06 1703.16 995.91 550.286 487.145 414.064 240.842 584.961 511.007 198.831 176.513 216.723 143.468 143.649 142.174 966.912 751.594 235.337 115.907 105.582 100.29 89.9497 87.6215 78.5599 91.4051
threshold=18.500000000000004 0.79324593901396423 0.54692082111436957 0.46192500966370315 0.56070175438596503 0.88493064312736458 0.55010917030567696 1.0000000180025095e-35 0.83393285371702663 1.0000000180025095e-35 0.14835164835164838 0.31666666666666671 0.86526825332795487 0.47222222222222227 0.47222222222222227 0.66519174041297957 0.31666666666666671 0.85857142857142865 0.46621154112274549 0.73214285714285732 0.62529620853080581 0.99253731343283602 0.47222222222222227 0.61651583710407254 0.64140689089417569 0.47222222222222227 0.47222222222222227 0.63658977838082331 0.69028213166144214 32.500000000000007 0.31666666666666671 0.92031746031746042 0.91476997578692509 12.500000000000002
decision_type=2 2 2 2 2 2 2 2 2 2 2 2 2 2 2 2 2 2 2 2 2 2 2 2 2 2 2 2 2 2 2 2 2 2
left_child=1 5 8 9 14 12 7 11 19 10 -4 -7 23 29 -3 16 17 -5 -14 -2 -21 -8 27 -1 26 -26 -25 -23 30 -10 -6 -12 -9 -34
right_child=2 4 3 15 28 6 21 32 13 -11 31 -13 18 -15 -16 -17 -18 -19 -20 20 -22 22 -24 24 25 -27 -28 -29 -30 -31 -32 -33 33 -35
leaf_value=-0.072458002268299626 -0.06574889962102437 -0.057391290261122455 -0.060285899858391792 -0.034940237676647737 0.013716107515194902 -0.068151387670092781 0.15328614825634432 -0.016411780001016171 -0.039463311104409718 0.10823938980729281 0.029893614424871973 0.088867303768886824 -0.024912010944548774 0.12233454528560289 0.10199091471356866 0.13569503879346195 0.13620664656047016 0.10211753277390691 0.15046954021051209 -0.05678814545320774 0.094796925405240498 -0.0063898526065832356 0.14966477593638156 -0.070676659344832596 -0.004451278740266653 0.23778564156790205 -0.027500830049822907 0.093776378470031757 0.13665356161996045 0.10728050455531397 0.13363325400690715 0.12782868445347689 0.049859397682382608 0.10300437073466144
leaf_weight=48193.341456774622 1037.9322639703751 582.67495205625892 854.16696430370212 214.20938512682915 67.140756752341986 2958.9657642059028 212.46114651486278 45.130383536219597 144.82691874727607 896.43000930547714 51.419903133064508 212.1199286878109 56.188540939241648 446.50185033306479 92.557183939963579 25096.899369012564 1236.7542620375752 352.88291641697288 72.602044079452753 108.46172174811363 80.529176168143749 102.46764914318919 99.55848790705204 8680.3541399873793 295.24582589790225 79.705830577760935 666.05791308358312 126.47455818206072 1118.2863371968269 27.089429754763842 56.394806120544672 345.83142748475075 287.82171186059713 353.14645548164845
leaf_count=1235004 24366 13249 20286 2782 612 72484 1026 428 2371 3882 749 2000 1114 2036 645 101535 5416 2111 371 2317 822 1182 436 219655 5443 518 14988 679 4577 225 261 1706 2165 1977
internal_value=-0.00372342 -0.0626725 0.11908 0.12716 0.071607 -0.0667951 -0.016859 -0.0344348 -0.00810414 0.0424979 -0.00459472 -0.0576481 -0.0705789 0.0837838 -0.035544 0.133919 0.109214 0.0503463 0.0739544 -0.0544193 0.00780238 0.108461 0.0794701 -0.0709003 -0.0631781 0.0470425 -0.0675998 0.048945 0.12987 -0.0163404 0.0684591 0.115152 0.0728548 0.07914
internal_weight=95252.6 64358.7 30893.9 29048.6 1917.05 62441.6 4398.15 3857.18 1845.34 2147.85 1251.42 3171.09 58043.5 618.418 675.232 26900.7 1803.85 567.092 128.791 1226.92 188.991 540.962 328.501 57914.7 9721.36 374.952 9346.41 228.942 1241.82 171.916 123.536 397.251 686.099 640.968
internal_count=1749418 1578814 170604 138467 19344 1559470 82377 79054 32137 26623 22741 74484 1477093 4632 13894 111844 10309 4893 1485 27505 3139 3323 2297 1475608 240604 5961 234643 1861 5450 2596 873 2455 4570 4142
is_linear=0
shrinkage=0.07


Tree=9
num_leaves=35
num_cat=0
split_feature=12 6 3 5 3 0 5 4 4 6 2 5 5 2 5 5 8 3 8 8 5 0 8 3 2 5 0 8 8 5 3 1 2 8
split_gain=125339 6693.06 5574.42 3946.53 2813.34 2161.36 2190.26 2126.45 2003.71 1584.45 514.923 434.438 390.398 1181.4 349.297 313.713 307.201 167.994 175.554 167.043 130.111 124.203 131.462 119.614 111.367 103.812 371.691 248.028 81.9752 76.1823 76.1061 69.3823 75.9594 68.1047
threshold=18.500000000000004 0.77677926662922259 0.57359307359307365 0.56928691746210003 0.58919961427193834 0.90366769774635458 0.55230987917555097 1.0000000180025095e-35 1.0000000180025095e-35 0.81264269406392708 0.86526825332795487 0.47320036115899206 0.8389976958525347 0.48528138528138537 0.6115176080433754 0.96110200479132524 1.0000000180025095e-35 0.99253731343283602 1.0000000180025095e-35 1.0000000180025095e-35 0.97044263249854412 0.89512961508248245 1.0000000180025095e-35 0.55646630236794181 0.45748709122203107 0.75088652482269513 0.88493064312736458 1.0000000180025095e-35 1.0000000180025095e-35 0.74095860566448823 0.87226107226107241 0.63702239789196324 0.99253731343283602 1.0000000180025095e-35
decision_type=2 2 2 2 2 2 2 2 2 2 2 2 2 2 2 2 2 2 2 2 2 2 2 2 2 2 2 2 2 2 2 2 2 2
left_child=1 5 9 8 15 10 7 -7 11 -2 12 -4 -1 23 -12 28 20 -8 29 -15 -11 -13 -23 -14 33 26 27 -5 -3 -19 -10 -9 -33 -6
right_child=2 4 3 25 24 6 17 31 30 16 14 21 13 19 -16 -17 -18 18 -20 -21 -22 22 -24 -25 -26 -27 -28 -29 -30 -31 -32 32 -34 -35
leaf_value=-0.071747876511744205 -0.055645693612976027 -0.064649120786236067 -0.064744643515088796 -0.07584288963293119 -0.010973986577314418 -0.069538621188735023 0.15015499156175591 -0.029800692137120163 -0.036367752896092065 -0.049354373776535371 -0.046003791615222604 -0.057073576728126733 -0.066599921717058988 0.041668711751293913 0.13762155201871212 0.076493923272245842 0.097611701276260426 0.0011420425029317503 0.12016236318312339 0.16069861482431194 0.10167854756089781 0.014388457076891703 0.14722564756311307 0.013117223622161811 0.12882735265419024 0.12721241346333709 0.12192481210039388 0.090953753640898874 -0.0035048591518210483 0.077875450946453276 0.10164719736989174 0.094707912695875626 0.046188748105761852 0.10868912213309996
leaf_weight=52518.845049515367 1157.7000261731446 641.04257221519947 850.18613725155592 82.914642106741667 46.160436477512121 2582.8741226941347 205.65174992755055 32.894634276628494 20.016011286526918 117.12826338410378 107.33769975230098 39.241020187735558 1343.1552261635661 103.19701242446899 96.302314445376396 101.54871702194214 597.38498065248132 143.1276630461216 221.57118605449796 131.24260440841317 36.708238188177347 70.490012526512146 75.718000486493111 99.030933558940887 1215.4272476397455 25551.593104604632 1082.2670843675733 92.326570365577936 129.07331792637706 113.81219195574522 894.21632058173418 377.80922114849091 271.88733953237534 47.069143611937761
leaf_count=1435488 27079 16224 21060 1316 407 67822 1006 340 175 2358 2306 701 35328 1147 418 1129 3357 1887 1093 718 261 1010 400 1484 5115 103917 4576 687 2192 559 3707 2391 1540 220
internal_value=-0.00372591 -0.0621391 0.111564 0.119253 0.0582768 -0.0666387 -0.0166394 -0.0404996 0.023101 -0.00427341 -0.0702689 -0.0435701 -0.0706864 -0.037435 0.0408335 -0.0391519 0.0748959 0.0972441 0.0745043 0.108303 -0.0133151 0.0535039 0.083182 -0.061126 0.123172 0.126246 0.106611 0.0120346 -0.0544012 0.0351313 0.0986255 0.0693818 0.0744034 0.0494407
internal_weight=91197 60529.1 30667.9 28759 2180.32 58348.7 3949.63 3265.47 1949.87 1908.92 54399.1 1035.64 54195.5 1676.63 203.64 871.665 751.221 684.163 478.511 234.44 153.837 185.449 146.208 1442.19 1308.66 26809.1 1257.51 175.241 770.116 256.94 914.232 682.591 649.697 93.2296
internal_count=1749418 1578814 170604 137549 25287 1553527 76638 72093 27053 33055 1476889 23171 1474165 38677 2724 19545 5976 4545 3539 1865 2619 2111 1410 36812 5742 110496 6579 2003 18416 2446 3882 4271 3931 627
is_linear=0
shrinkage=0.07


Tree=10
num_leaves=35
num_cat=0
split_feature=12 6 5 0 0 0 5 9 4 4 5 0 9 5 2 5 9 2 9 9 5 9 5 5 5 2 2 5 2 9 0 6 5 0
split_gain=112275 6192.51 4382.17 2844.79 2378.39 2103.14 2061.12 1985.52 1918.83 1305.96 1158.38 1040.79 544.529 469.04 1220.17 264.677 246.3 229.555 179.276 143.086 125.724 120.132 117.416 107.468 91.3097 84.3161 83.1587 224.751 80.9472 79.7314 328.666 366.317 97.1364 70.3191
threshold=18.500000000000004 0.77677926662922259 0.67806351061757264 0.42462121212121212 0.45867486338797819 0.88493064312736458 0.54912120288529931 0.47222222222222227 1.0000000180025095e-35 1.0000000180025095e-35 0.51075393154486604 0.88493064312736458 0.47222222222222227 0.8389976958525347 0.48808848553601819 0.97044263249854412 0.31666666666666671 0.88493064312736458 0.58571428571428574 0.23611111111111113 0.73186673043201023 0.31666666666666671 0.77931627196333086 0.88322510822510836 0.96110200479132524 0.76631205673758884 0.83910792512943055 0.65015337423312902 0.83910792512943055 0.27922077922077926 0.8447574334898279 0.79324593901396423 0.9455533596837945 0.95293466223698797
decision_type=2 2 2 2 2 2 2 2 2 2 2 2 2 2 2 2 2 2 2 2 2 2 2 2 2 2 2 2 2 2 2 2 2 2
left_child=1 5 9 7 12 13 8 15 -7 10 -2 28 24 17 18 -4 20 26 -15 25 -8 -13 -9 -21 -3 -16 -1 -28 -12 30 31 32 -5 -11
right_child=2 4 3 29 -6 6 16 22 -10 33 11 21 -14 14 19 -17 -18 -19 -20 23 -22 -23 -24 -25 -26 -27 27 -29 -30 -31 -32 -33 -34 -35
leaf_value=-0.071596899026828698 -0.060737241086942506 -0.062010546179322751 -0.063279709930258471 -0.047366246131515057 0.11829624553554452 -0.06942881343315542 0.010881549861837498 -0.010578825087464178 0.058571913510721468 -0.030279220122367216 -0.059362362605168147 0.060918007373208065 0.093138584669725091 -0.064851578253946426 0.01772672213912074 0.068658533041334485 0.13251706248642195 0.15748676408188986 0.072538701292602648 0.27521630777155887 0.089575695338367012 0.13010155991619651 0.10558377979438451 0.1208239046450296 0.028426167126771255 0.17118600363649644 -0.056426911704496333 0.15474462329234223 0.13459830749767418 0.12139414920809583 0.11773638434588742 0.10409137708854127 0.11100623332738895 0.093646551639286341
leaf_weight=48836.363391391933 1036.7182397507131 698.57737132906914 756.39347426593304 147.9166804663837 1236.1342696920037 2597.7119154557586 194.4314040876925 44.897951077669859 736.58104692026973 23.00805389136076 303.86832494661212 185.09418781101704 144.98264382407069 1319.6504301317036 96.841600578278303 82.642417516559362 336.16146603599191 21.47802446782589 48.239032860845327 26.899729862809181 203.69989462196827 366.50796612352133 846.8355809263885 123.58649598062038 59.352340139448643 21.4249630831182 177.53442770987749 28.686529129743576 10.922110021114348 21713.146183006465 3512.4677644222975 271.1615730561316 21.769473381340504 902.41190765053034
leaf_count=1427789 26579 17799 17498 1939 5666 72722 2425 878 4570 212 6858 1180 956 36113 1059 610 1484 103 763 199 956 1529 4557 552 866 123 4520 149 60 89247 14384 1250 153 3670
internal_value=-0.00372164 -0.0616306 0.105308 0.113872 0.0552122 -0.0661939 -0.0177712 0.0270093 -0.0411521 0.0223559 -0.0108122 0.0489277 -0.0311531 -0.0700797 -0.0332158 -0.0502842 0.0883972 -0.0713094 -0.0600065 0.103142 0.0511446 0.106887 0.0997351 0.148422 -0.0549286 0.0455271 -0.0714096 -0.0270517 -0.0526326 0.119729 0.110586 0.0536146 -0.0270482 0.0905655
internal_weight=87134.1 56908.3 30225.8 27397.2 2139.05 54769.3 4068.59 1730.77 3334.29 2828.53 1903.11 866.393 902.912 50700.7 1636.64 839.036 734.293 49064.1 1367.89 268.753 398.131 551.602 891.734 150.486 757.93 118.267 49042.6 206.221 314.79 25666.5 3953.32 440.848 169.686 925.42
internal_count=1749418 1578814 170604 130516 25287 1553527 82157 23543 77292 40088 36206 9627 19621 1471370 38809 18108 4865 1432561 36876 1933 3381 2709 5435 751 18665 1182 1432458 4669 6918 106973 17726 3342 2092 3882
is_linear=0
shrinkage=0.07


Tree=11
num_leaves=35
num_cat=0
split_feature=12 6 3 5 3 1 5 4 4 6 5 3 8 6 8 8 2 3 5 3 1 8 1 6 2 5 10 12 5 5 5 5 1 5
split_gain=101047 5735.2 4340.74 3055.6 2171.56 1985.05 2127.86 1592.75 1497.37 1250.15 460.114 1073.26 379.546 232.247 217.105 212.947 204.413 159.213 219.111 119.522 110.176 104.216 329.354 435.825 102.161 97.6917 88.1716 98.233 84.2571 80.8559 80.177 79.8208 73.8842 73.3281
threshold=18.500000000000004 0.77677926662922259 0.57359307359307365 0.56928691746210003 0.56070175438596503 0.76028169014084523 0.54912120288529931 1.0000000180025095e-35 1.0000000180025095e-35 0.81264269406392708 0.8389976958525347 0.57359307359307365 1.0000000180025095e-35 0.89864245092643558 1.0000000180025095e-35 1.0000000180025095e-35 0.90366769774635447 0.91476997578692509 0.61920122887864837 0.69028213166144214 0.70505385252692632 1.0000000180025095e-35 0.73499399759903972 0.76349757113115901 0.25198412698412703 0.97044263249854412 1.0000000180025095e-35 12.500000000000002 0.95275297619047639 0.46113572291582766 0.9455533596837945 0.94148770619358868 0.56562756357670241 0.47506906077348071
decision_type=2 2 2 2 2 2 2 2 2 2 2 2 2 2 2 2 2 2 2 2 2 2 2 2 2 2 2 2 2 2 2 2 2 2
left_child=1 5 9 8 13 10 7 -7 12 -2 16 -12 33 -3 28 25 17 -1 -19 30 -14 22 23 31 -15 -11 -8 -28 -13 -22 32 -5 -6 -4
right_child=2 4 3 21 19 6 26 -9 -10 15 11 14 20 24 -16 -17 -18 18 -20 -21 29 -23 -24 -25 -26 -27 27 -29 -30 -31 -32 -33 -34 -35
leaf_value=-0.071501074606964088 -0.053812284678279892 -0.055632530580112964 -0.070223659593412049 -0.050292640235232867 -0.029906293567369006 -0.068609176026006469 0.11754091600816917 0.053980793560139954 0.083670283151115937 -0.046656558153225273 -0.063812519873985799 -0.0054621738291889916 -0.049782435268086282 0.13288322760398047 0.12403426827623207 0.081892533589025596 0.12414603782926306 -0.057288377078400399 0.0325316531011983 0.11506889682917752 0.013468643615528547 0.11503223441123224 0.11119970737723957 0.09481689915537074 -0.00024596548032242258 0.081499525687946037 -0.040599893290652216 0.089092309940875067 0.1317924100196613 0.12444132760963718 0.11244534758185894 0.10641562819584101 0.12709199587593378 -0.0012297879641022581
leaf_weight=45205.951887398958 1059.5727985911071 666.49731628969312 684.407928802073 165.57741007208824 67.0118000023067 2239.8470453955233 469.68206949159503 676.07006691023707 931.28977429121733 107.24950385838747 1219.9153776392341 143.56995663046837 40.693144723773003 45.433519352227449 193.30301897972822 614.27500516921282 26.350986652076244 900.13520927727222 156.1687625348568 1166.3478749170899 52.446576062589884 22003.34865899384 3313.5046005882323 406.58541413396597 74.655687760561705 40.021992243826389 38.431734409183264 112.05765163525939 25.863311301916838 83.221766632050276 55.541087549179792 17.621821843087673 18.810849372297525 84.839104782789946
leaf_count=1413396 27079 17428 20027 2118 760 67523 3029 4206 3882 2358 35958 1648 743 542 1042 3357 172 24001 1423 4956 611 92630 13892 1764 1227 261 340 570 219 454 272 92 102 1336
internal_value=-0.00371225 -0.061129 0.100052 0.106914 0.0524197 -0.0657549 -0.0151436 -0.0401861 0.0206682 -0.00464309 -0.0694934 -0.0323794 -0.0413799 -0.039487 0.0733331 0.0637682 -0.0707623 -0.0708733 -0.044009 0.107701 0.0512403 0.113162 0.102621 0.0544251 0.050121 -0.0118293 0.102601 0.0559717 0.0154892 0.0815416 0.0469142 -0.035219 0.00450503 -0.0626144
internal_weight=83106.3 53501.6 29604.7 27783.5 2094.3 51407.3 3536.09 2915.92 1876.9 1821.12 47871.3 1582.65 945.609 786.587 362.736 761.547 46288.6 46262.3 1056.3 1307.71 176.361 25906.6 3903.29 589.785 120.089 147.271 620.171 150.489 169.433 135.668 141.364 183.199 85.8226 769.247
internal_count=1749418 1578814 170604 137549 25287 1553527 75668 71729 27053 33055 1477859 38867 23171 19197 2909 5976 1438992 1438820 25424 6090 1808 110496 17866 3974 1769 2619 3939 910 1867 1065 1134 2210 862 21363
is_linear=0
shrinkage=0.07


Tree=12
num_leaves=35
num_cat=0
split_feature=12 6 3 5 0 3 5 4 4 9 9 5 3 9 5 9 0 9 5 9 0 5 1 3 5 5 3 5 9 9 3 9 0 1
split_gain=91244.2 5316.25 3870.6 2796.9 2005.4 1913.3 1505.88 1646.74 1084.21 1000.36 629.004 480.064 1032.48 343.564 322.627 216.936 205.78 202.879 168.77 160.519 492.989 394.354 155.044 144.784 136.743 120.773 109.886 82.7052 78.3048 76.1042 103.401 75.9522 74.9947 74.1501
threshold=18.500000000000004 0.77677926662922259 0.5300120048019209 0.61410415803287755 0.90366769774635458 0.56070175438596503 0.54912120288529931 1.0000000180025095e-35 1.0000000180025095e-35 0.73214285714285732 0.23611111111111113 0.8389976958525347 0.57359307359307365 0.47222222222222227 0.74585432890517656 0.31666666666666671 0.88067796610169513 0.31666666666666671 0.97044263249854412 0.47222222222222227 0.85912698412698429 0.92508503401360553 0.83910792512943055 0.97100840336134464 0.61920122887864837 0.47506906077348071 0.69028213166144214 0.80136054421768721 0.31666666666666671 0.38750000000000007 0.49306742640075979 0.47222222222222227 0.27639257294429714 0.76631205673758884
decision_type=2 2 2 2 2 2 2 2 2 2 2 2 2 2 2 2 2 2 2 2 2 2 2 2 2 2 2 2 2 2 2 2 2 2
left_child=1 4 9 8 11 13 7 31 10 18 25 22 29 -3 -11 -14 -12 23 -2 20 21 27 -1 -8 -24 -4 28 -5 -7 -13 -31 -6 -16 -33
right_child=2 5 3 19 6 26 17 -9 -10 14 16 12 15 -15 32 -17 -18 -19 -20 -21 -22 -23 24 -25 -26 -27 -28 -29 -30 30 -32 33 -34 -35
leaf_value=-0.070980828393802292 -0.060279495902999296 -0.057426810904374348 -0.069729223961554385 -0.061630448155092055 -0.070423434955661307 -0.0014776182280543614 0.12336562111718619 0.05273432416440247 0.077518007486642004 -0.05888516053542299 -0.047405833837961431 -0.068161251753408827 0.020255923906987328 0.077717344223339618 0.11101313578032829 0.12846624262812487 0.09923217981023727 0.11927458728375775 0.031008937911509233 0.11079944098533034 0.10571095725577349 0.089317209038702924 -0.043620140888513945 0.02023796308767354 0.091110362498527123 -0.0013553258323951791 0.10922171173712573 0.012356737768324294 0.10394298778468278 -0.033195037764264267 0.17738700241397645 -0.059045252043546562 0.053031450941502759 0.11560464668673678
leaf_weight=42985.031562073156 935.67390142381191 649.73121382668614 650.96795554831624 120.17002002522349 2086.5678548943251 80.528406377881765 85.972052317112684 740.44397203624249 934.69007031992078 85.576604656875134 60.263422373682261 1065.9040225427598 189.1006079800427 107.41220052912831 288.2549460157752 174.59830042347312 211.35342083871365 313.24554941058159 111.00677709653974 20269.492290053517 4282.7285568676889 392.07594834268093 135.94549242220819 297.66969935595989 50.670217990875244 157.1430405266583 1143.5740077681839 192.81793362647295 60.435475919395685 70.007618183270097 13.653944063931702 26.862918924540281 176.07309689000249 21.401560828089714
leaf_count=1434301 25888 18416 20255 1965 67003 843 477 4271 3882 2358 1068 33797 2022 781 1369 873 1149 1409 871 87396 18305 1743 3505 2726 230 2052 4956 1405 291 1838 323 513 898 239
internal_value=-0.00369794 -0.0606304 0.0954986 0.1017 -0.0653114 0.0500087 -0.0148414 -0.0372168 0.0223226 -0.0104357 -0.0254585 -0.069346 -0.0305927 -0.0382546 0.0660084 0.0722037 0.0666977 0.0774766 -0.0505978 0.108031 0.0967817 0.0425431 -0.0707044 0.0433483 -0.00703788 -0.0564334 0.102034 -0.0160502 0.0437194 -0.0631153 0.0011729 -0.0684153 0.0890265 0.0183985
internal_weight=79167 50298.8 28868.3 27271.7 48257.1 2041.68 3572.16 2875.28 2014.42 1596.59 1079.73 44684.9 1513.26 757.143 549.905 363.699 271.617 696.887 1046.68 25257.3 4987.79 705.064 43171.6 383.642 186.616 808.111 1284.54 312.988 140.964 1149.57 83.6616 2134.83 464.328 48.2645
internal_count=1749418 1578814 170604 139220 1553527 25287 76638 72026 28406 31384 24524 1476889 38853 19197 4625 2895 2217 4612 26759 110814 23418 5113 1438036 3203 3735 22307 6090 3370 1134 35958 2161 67755 2267 752
is_linear=0
shrinkage=0.07


Tree=13
num_leaves=35
num_cat=0
split_feature=12 6 5 0 0 2 5 4 9 0 5 2 9 4 9 5 5 2 9 9 2 9 1 5 5 5 9 1 5 5 9 2 9 1
split_gain=82651.3 4930.52 3173.75 2048.08 1948.71 1649.1 1435.95 1507.42 1412.72 866.505 449.295 894.112 444.734 985.232 423.662 420.237 202.945 201.367 201.338 157.498 105.134 105.002 101.508 197.786 101 93.3793 75.9619 240.861 240.035 74.8747 70.4082 66.2954 65.0452 62.3091
threshold=18.500000000000004 0.77677926662922259 0.6866570760654559 0.42462121212121212 0.88493064312736458 0.45748709122203107 0.54912120288529931 1.0000000180025095e-35 0.47222222222222227 0.94826048171275656 0.8389976958525347 0.48313755210306936 0.31666666666666671 1.0000000180025095e-35 0.47222222222222227 0.48295234405269277 0.97489495798319337 0.88493064312736458 0.31666666666666671 0.38750000000000007 0.88067796610169491 0.38750000000000007 0.81120250685468098 0.62392660550458723 0.74585432890517656 0.97489495798319337 0.41428571428571431 0.72377109317681587 0.82404540763673906 0.96110200479132524 0.47222222222222227 0.76028169014084523 0.84523809523809534 0.86526825332795487
decision_type=2 2 2 2 2 2 2 2 2 2 2 2 2 2 2 2 2 2 2 2 2 2 2 2 2 2 2 2 2 2 2 2 2 2
left_child=1 4 9 8 10 14 7 30 16 20 17 19 13 15 25 -11 -4 22 24 -12 -2 31 -1 -24 -8 -3 27 28 -5 -30 -6 -13 -10 -32
right_child=2 5 3 26 6 -7 18 -9 32 12 11 21 -14 -15 -16 -17 -18 -19 -20 -21 -22 -23 23 -25 -26 -27 -28 -29 29 -31 33 -33 -34 -35
leaf_value=-0.070944332448086969 -0.061396113929650782 -0.059559340595587949 -0.060893715767354119 -0.041734264072452051 -0.070242955356116549 0.10125259642892316 0.0068571822333386521 0.044912622175057822 0.044400906495195638 -0.067588719321786048 -0.066081055427916716 0.022573673940056861 0.10244047456655994 0.074217300830369107 0.077515331845795607 0.047876643254515822 0.05748910734135957 0.1437036006919033 0.11274240677769949 0.024928946275426116 0.046294881487505185 0.1308723058385933 -0.054441699819606545 0.11328026171386632 0.076507020469842354 0.043439415592411601 0.10644490021716803 0.10289871545710233 0.048960782958322492 0.10090629845274669 -0.043840877322397005 0.13471522509708303 0.092336856342909848 0.11690833839554013
leaf_weight=39927.271919049323 571.65989665314555 619.89316598698497 660.04038144648075 102.02018197253346 2097.5246093012393 1167.2775506656617 221.36492798104882 788.3797701112926 172.34056358411908 539.32697714492679 1055.1378045156598 132.1877193748951 454.7174444720149 888.0049332305789 150.8648721575737 216.42961278557777 79.504292018711567 21.481626965105534 324.34892413020134 102.1984093580395 48.162691870704293 118.80681981146336 197.95908592827618 41.711048316210508 189.22505273669958 46.355591271072626 19087.374329511076 3953.5579720959067 268.41271257773042 275.55072898417711 33.90099922567606 32.105082269757986 710.66291517391801 18.136511713266373
leaf_count=1426059 15306 18072 17267 1394 71909 5592 2518 4570 1831 17667 34504 1305 2101 3581 958 1585 561 103 1484 2267 599 563 6125 274 863 665 84974 17341 1687 1194 648 170 3516 165
internal_value=-0.00368079 -0.0601371 0.0915677 0.0992873 -0.0648679 0.0478623 -0.0159905 -0.0378816 0.0232047 0.0196918 -0.0691803 -0.030768 0.0411709 0.0242218 -0.0284078 -0.0345224 -0.048167 -0.0705571 0.07152 -0.0580444 -0.0530281 0.0807402 -0.0706717 -0.0252522 0.0389561 -0.052393 0.104499 0.0964237 0.0567952 0.0752744 -0.0682475 0.0444877 0.0829809 0.0121847
internal_weight=75313.9 47286.1 28027.8 25309.5 45301.7 1984.39 3672.88 2937.94 1622.55 2718.3 41628.9 1440.44 2098.48 1643.76 817.114 755.757 739.545 40188.4 734.939 1157.34 619.823 283.1 40166.9 239.67 410.59 666.249 23686.9 4599.54 645.984 543.963 2149.56 164.293 883.003 52.0375
internal_count=1749418 1578814 170604 129765 1553527 25287 82157 77292 23175 40839 1471370 38809 24934 22833 19695 19252 17828 1432561 4865 36771 15905 2038 1432458 6399 3381 18737 106590 21616 4275 2881 72722 1475 5347 813
is_linear=0
shrinkage=0.07


Tree=14
num_leaves=35
num_cat=0
split_feature=5 3 0 5 4 6 2 3 8 8 1 5 5 8 2 3 1 5 8 8 8 6 5 8 5 4 3 1 3 1 2 0 3 1
split_gain=67532.6 9712.26 9490.93 3061.37 3029.18 1266.59 513.133 276.201 437.126 260.277 260.203 186.762 170.231 162.746 145.036 116.192 112.369 400.376 97.7647 93.7551 91.5293 98.7809 86.8893 76.7139 73.7655 66.7442 68.9702 66.3083 64.2707 66.7444 64.5845 62.4045 59.2528 61.469
threshold=0.80788655788655805 0.54692082111436957 0.91476997578692509 0.51445279866332505 1.0000000180025095e-35 0.87287157287157302 0.87007672634271105 0.67117117117117131 1.0000000180025095e-35 1.0000000180025095e-35 0.64346246973365628 0.48579499596448755 0.96110200479132524 1.0000000180025095e-35 0.23629112662013965 0.49306742640075979 0.77459677419354855 0.61410415803287755 1.0000000180025095e-35 1.0000000180025095e-35 1.0000000180025095e-35 0.62973194188663817 0.90967365967365976 1.0000000180025095e-35 0.44912747707778772 1.0000000180025095e-35 0.9104278074866311 0.61633428300094983 0.80901722391084108 0.63702239789196324 0.76417112299465251 0.82842724978973936 0.49306742640075979 0.24068965517241384
decision_type=2 2 2 2 2 2 2 2 2 2 2 2 2 2 2 2 2 2 2 2 2 2 2 2 2 2 2 2 2 2 2 2 2 2
left_child=2 5 6 4 13 9 16 8 12 -2 18 25 27 -4 -7 23 -1 -18 -5 -19 21 -12 -11 -16 -15 -8 -27 -3 30 -30 -6 -21 33 -24
right_child=1 7 3 10 28 14 11 -9 -10 22 20 -13 -14 24 15 -17 17 19 -20 31 -22 -23 32 -25 -26 26 -28 -29 29 -31 -32 -33 -34 -35
leaf_value=-0.070452238835090664 -0.068150751925189393 -0.04778365068989697 -0.06968787920058328 -0.051459997256136911 0.12328279202820673 0.094050828458538654 -0.06852917685884187 0.10129122331152161 0.095330448297516787 -0.036755266635041847 0.043625506529016124 0.097697899368011945 0.088970652660097904 -0.0289294843159008 -0.043333328616948545 0.089285505368347909 -0.064376225616671515 0.0084916504597234016 0.056719755387276666 0.27759503868526775 0.10159635475644048 0.097178619543775421 0.054248289993504929 0.029752826826260025 0.071428835064392598 0.21418374676079074 -0.034601627014213682 0.10460294589326037 -0.036799246226809801 0.062032794995582924 -0.084326884676597547 0.10935340667682074 0.093115136491407235 -0.02629965259098031
leaf_weight=37613.214521659538 1816.5636437926441 210.42512002214789 2235.5089221447706 84.914558513090014 9.8566581904888135 257.56819761916995 70.257491199299693 22685.646559033543 619.68033735267818 393.42332096770406 334.55496171489358 118.41837469115853 67.636134140193462 119.53723584488034 102.76886683702469 112.25739747658372 468.01598160527647 34.09394421055913 79.033110614866018 15.106134425848721 1525.8904137350619 340.58547108620405 70.14830138348043 223.23339074850082 51.283880412578583 9.4377639405429381 12.955633185803888 14.988296132534741 34.195463113486767 1605.4817280843854 28.782119728624821 37.924187917262316 40.914965134114027 137.26770822890103
leaf_count=1426384 64189 3557 81070 1260 79 1827 2272 105096 3250 10697 2913 631 389 2333 2443 774 15988 394 490 110 7057 1552 1208 1256 546 69 94 99 329 7320 150 184 585 2823
internal_value=-0.00366148 0.0843525 -0.0561854 0.0223843 -0.0143123 -0.031013 -0.0693889 0.0997722 0.0620172 -0.0546127 0.0857643 0.0394547 -0.00842666 -0.0646557 0.0523635 0.0278635 -0.0699908 -0.0387273 0.000689462 0.0990544 0.0921012 0.0706412 -0.0162917 0.00671317 0.00120007 -0.0349868 0.0702497 -0.0376511 0.0578688 0.0599717 -0.0313662 0.157278 0.0161282 0.000941742
internal_weight=71581.6 26752.5 44829 6449.62 4084.65 3154.15 38379.4 23598.4 912.73 2458.32 2364.98 211.069 293.05 2406.33 695.828 438.26 38168.4 555.14 163.948 87.1243 2201.03 675.14 641.754 326.002 170.821 92.6509 22.3934 225.413 1678.32 1639.68 38.6388 53.0303 248.331 207.416
internal_count=1749418 198193 1551225 105099 91827 85802 1446126 112391 7295 79502 13272 3066 4045 83949 6300 4473 1443060 16676 1750 688 11522 4465 15313 3699 2879 2435 163 3656 7878 7649 229 294 4616 4031
is_linear=0
shrinkage=0.07


Tree=15
num_leaves=35
num_cat=0
split_feature=5 0 0 5 4 9 2 9 6 1 9 5 9 2 5 0 9 1 9 5 6 5 2 6 1 5 9 2 2 1 0 1 2 7
split_gain=61426.9 8920.24 7937.68 2793.17 2728.17 2600.42 396.39 296.223 262.09 248.56 213.641 133.495 131.924 391.797 218.651 151.563 130.435 113.187 373.229 100.721 85.3183 82.7203 82.6196 78.0874 64.2031 57.2687 593.333 329.392 71.7944 51.7421 49.0038 46.78 45.5965 45.2878
threshold=0.80788655788655805 0.90366769774635458 0.45222154595252589 0.52011560693641634 1.0000000180025095e-35 0.47222222222222227 0.87007672634271105 0.31666666666666671 0.89864245092643558 0.76028169014084523 0.47222222222222227 0.48579499596448755 0.38750000000000007 0.64660633484162899 0.96110200479132524 0.89512961508248245 0.61250000000000016 0.77459677419354855 0.31666666666666671 0.52957074721780617 0.63185164985001374 0.97489495798319337 0.56465997770345611 0.71468475658419794 0.76631205673758884 0.75573053368328968 0.47222222222222227 0.48313755210306936 0.54669987546699883 0.63702239789196324 0.82842724978973936 0.52704678362573121 0.76028169014084523 0.47281683833407978
decision_type=2 2 2 2 2 2 2 2 2 2 2 2 2 2 2 2 2 2 2 2 2 2 2 2 2 2 2 2 2 2 2 2 2 2
left_child=1 6 5 4 10 8 17 9 22 -5 33 -8 13 14 15 31 -7 25 23 -20 -11 -10 -2 -19 -12 -1 28 -28 -27 -6 -21 -4 -15 -3
right_child=2 3 12 7 29 16 11 -9 21 20 24 -13 -14 32 -16 -17 -18 18 19 30 -22 -23 -24 -25 -26 26 27 -29 -30 -31 -32 -33 -34 -35
leaf_value=-0.070878836852959232 -0.063520024364558891 -0.069709388598516345 -0.040584961970502459 -0.027795993965298662 -0.03236370359916204 0.022017353647559454 -0.037510425637837047 0.10068025760412581 -0.016887199019702658 0.043659789781437489 -0.054670739356651891 0.093069306609568345 0.099915104709416044 0.074207715050033776 0.09404189428205996 0.077818428839893969 0.082203191150772972 -0.064206892979187746 -0.052700478908681757 0.25928789781070277 0.093615698272074624 0.074515533509942444 0.13226576536657511 0.16912823797321297 0.070757035440472696 -0.070487795171860504 0.020933492543757523 0.28617174659740224 0.015803241006406562 0.054535180662540164 0.11499649508568545 0.013299029830498799 0.097487168970805047 -0.0090556725293058447
leaf_weight=33274.881192361936 2235.9979362301528 2177.2024423740804 180.41571304574609 167.0228926204145 34.261492729187012 216.44619878195226 63.994782518595457 1482.873302616179 116.84873212873936 349.07626697979867 27.560951519757509 95.77976356819272 17510.31561637111 466.27512482181191 213.19620305858552 111.23336305469275 954.65654385089874 427.18099150620401 13.566398264840243 16.93361784145236 322.08574195578694 82.963849239051342 10.611405190080403 7.1453095711767665 72.863594729453325 1726.5998890809715 77.756062973290682 32.544835962355137 48.574103379622102 1674.7864890806377 36.162415146827698 140.3719346486032 3559.5002979040146 62.038968397304416
leaf_count=1352633 77807 83557 3116 2128 342 3252 1794 7054 2202 2500 523 509 84004 2384 1086 504 5290 15082 411 125 1477 545 63 39 481 69107 2225 271 1171 7670 179 1228 16712 1947
internal_value=-0.00364083 -0.0556699 0.0814465 0.0206582 -0.0144388 -0.0146998 -0.0692427 0.0818792 -0.0557624 0.0486173 -0.0635494 0.040768 0.0971269 0.0866747 0.0360344 0.00740855 0.0710795 -0.0697356 -0.0366979 0.117522 0.0676333 0.021064 -0.0625953 -0.0603682 0.0363341 -0.0702064 -0.0583383 0.0991934 -0.0681266 0.0527931 0.161015 -0.0170061 0.0947909 -0.068029
internal_weight=67989.7 42190.9 25798.8 6369.77 4048.71 3617.52 35821.1 2321.06 2446.42 838.185 2339.67 159.775 22181.3 4670.99 645.217 432.021 1171.1 35661.3 500.989 66.6624 671.162 199.813 2246.61 434.326 100.425 35160.4 1885.47 110.301 1775.17 1709.05 53.096 320.788 4025.78 2239.24
internal_count=1749418 1551225 198193 107679 94520 89159 1443546 13159 80617 6105 86508 2303 109034 25030 5934 4848 8542 1441243 15836 715 3977 2747 77870 15121 1004 1425407 72774 2496 70278 8012 304 4344 19096 85504
is_linear=0
shrinkage=0.07


Tree=16
num_leaves=35
num_cat=0
split_feature=12 5 3 3 5 0 5 4 6 4 5 2 5 6 2 8 3 12 12 8 0 6 2 5 2 8 2 8 5 6 5 12 3 12
split_gain=62489.7 3976.33 2585.69 2381.35 1919.05 1576.37 750.995 1145.46 737.889 628.287 456.66 262.747 280.719 212.984 153.658 152.196 133.797 130.797 106.587 91.4362 242.25 270.092 69.1326 69.1126 741.825 338.29 64.9323 63.9422 63.6036 63.2529 61.4627 55.7976 54.8586 54.6757
threshold=18.500000000000004 0.8389976958525347 0.57359307359307365 0.54692082111436957 0.61410415803287755 0.90366769774635458 0.54912120288529931 1.0000000180025095e-35 0.81264269406392708 1.0000000180025095e-35 0.46113572291582766 0.83910792512943055 0.6115176080433754 0.89099909990999115 0.56966490299823647 1.0000000180025095e-35 0.99253731343283602 29.500000000000004 26.500000000000004 1.0000000180025095e-35 0.88493064312736458 0.79324593901396423 0.24068965517241384 0.76230831315577086 0.53093112244897966 1.0000000180025095e-35 0.17712418300653601 1.0000000180025095e-35 0.96110200479132524 0.66519174041297957 0.96110200479132524 40.500000000000007 0.62593283582089565 12.500000000000002
decision_type=2 2 2 2 2 2 2 2 2 2 2 2 2 2 2 2 2 2 2 2 2 2 2 2 2 2 2 2 2 2 2 2 2 2
left_child=1 5 8 13 9 11 7 -7 31 10 -4 23 -13 -3 15 28 -8 26 -12 20 21 30 -15 -1 32 -26 -10 29 -5 -18 -6 -2 -25 -9
right_child=2 3 4 14 19 6 16 33 17 -11 18 12 -14 22 -16 -17 27 -19 -20 -21 -22 -23 -24 24 25 -27 -28 -29 -30 -31 -32 -33 -34 -35
leaf_value=-0.070826953688205407 -0.051312436386497212 -0.05817713049428818 -0.061760811107760688 -0.023468845268630922 -0.047025583177979155 -0.066856540944703599 0.10949776502359419 0.014866372046330381 0.087961141703644274 0.060076126655577079 0.008317132419951738 -0.051047830707578554 0.097941671718081866 0.10372940224137382 0.090493700997091531 0.082752901540023863 -0.01177017724403083 0.072108051962457828 0.086731948350418059 0.096044765449920785 0.091066877458354248 0.076031571817673796 -0.0019563674831634017 -0.068608239375914107 0.036773327101904403 0.31670460763393243 -0.0014574612027792493 0.068232014672791538 0.073726621103220147 0.064122876074297924 0.11819801114515974 0.087051220619380143 0.0068004432808163725 0.051428867592326198
leaf_weight=31053.058336814865 828.5154151301831 1208.6063002310693 552.4421707559377 157.38271534070373 153.51950762979686 1660.0300780646503 160.60266715288162 368.17638850957155 46.976715188473463 921.07754616811872 208.41269655153155 188.14970691874623 92.396874867379665 46.687391474843025 1182.8105866163969 205.74880819581449 171.97601599246264 427.14288007467985 143.3682410530746 18412.977452084422 2880.0626044794917 303.49929561465979 86.552922634407878 1892.357485992834 59.426487825810909 32.845062408596277 260.19884934462607 163.79512317478657 41.739666847512126 78.316335007548332 11.886415734887121 14.531788943335412 48.482456242665648 439.81400758773088
leaf_count=1355786 26893 44469 20597 2187 1955 67755 865 2207 425 3882 2787 6287 461 554 5975 1246 1996 2106 846 92102 13930 1397 1532 80741 1359 375 3445 862 283 375 53 186 1435 2064
internal_value=-0.00361979 -0.0587252 0.0825245 0.0197326 0.0883271 -0.065038 -0.0168047 -0.0335861 -0.00424429 0.019385 -0.0220645 -0.0694363 -0.00197874 -0.0489175 0.077753 0.0405315 0.0552635 0.047055 0.0402751 0.0941097 0.0834703 0.0368116 0.0350759 -0.0700083 -0.057505 0.136418 0.0122174 0.0342289 -0.00309491 0.0119767 -0.0351523 -0.0489274 -0.0667245 0.0347685
internal_weight=64503.6 39339 25164.6 2929.53 23587.2 36409.4 3042.71 2468.02 1577.37 1825.3 904.223 33366.7 280.547 1341.85 1587.68 404.871 574.69 734.318 351.781 21761.9 3348.97 468.905 133.24 33086.2 2033.11 92.2716 307.176 414.087 199.122 250.292 165.406 843.047 1940.84 807.99
internal_count=1749418 1578814 170604 56246 137549 1522568 76124 72026 33055 28112 24230 1446444 6748 46555 9691 3716 4098 5976 3633 109437 17335 3405 2086 1439696 83910 1734 3870 3233 2470 2371 2008 27079 82176 4271
is_linear=0
shrinkage=0.07


Tree=17
num_leaves=35
num_cat=0
split_feature=12 5 3 3 5 0 9 5 4 4 9 2 5 9 5 6 9 2 9 3 9 2 6 5 5 12 5 2 9 9 0 5 6 6
split_gain=57004.9 3731.29 2372.59 2123.38 1791.7 1542.01 810.152 673.98 1084.3 544.199 460.698 252.399 249.484 237.855 207.178 200.75 185.865 232.857 163.018 119.382 117.272 225.302 245.483 96.5796 81.6971 71.627 70.6509 647.254 272.918 112.219 66.6605 66.2932 62.7897 60.9705
threshold=18.500000000000004 0.8389976958525347 0.60943257184966848 0.54692082111436957 0.61410415803287755 0.90366769774635458 0.73214285714285732 0.52011560693641634 1.0000000180025095e-35 1.0000000180025095e-35 0.23611111111111113 0.83910792512943055 0.62084711069122978 0.38750000000000007 0.71248622264210371 0.87287157287157302 0.38750000000000007 0.64899964899964913 0.47222222222222227 0.98147512864494013 0.41428571428571431 0.77459677419354855 0.75066137566137581 0.47506906077348071 0.95275297619047639 12.500000000000002 0.76230831315577086 0.53093112244897966 0.31666666666666671 0.61250000000000016 0.88067796610169513 0.94148770619358868 0.85372985308800475 0.89864245092643558
decision_type=2 2 2 2 2 2 2 2 2 2 2 2 2 2 2 2 2 2 2 2 2 2 2 2 2 2 2 2 2 2 2 2 2 2
left_child=1 5 6 13 9 11 15 8 -7 10 23 26 -13 33 -8 -2 17 24 19 -9 21 22 31 -4 -5 -21 -1 29 -29 -28 -12 -6 -15 -3
right_child=2 3 4 16 20 7 14 18 -10 -11 30 12 -14 32 -16 -17 -18 -19 -20 25 -22 -23 -24 -25 -26 -27 27 28 -30 -31 -32 -33 -34 -35
leaf_value=-0.070650893719585148 -0.056169333108516802 -0.064415808847436876 -0.068060755964123879 -0.011745546857558312 -0.025430574474953494 -0.067921785460188719 -0.057456565096016085 0.094275193342718513 0.031938136444901219 0.05628714773738374 -0.028650929153816659 -0.048625305741011642 0.09467079199121288 -0.0080672185935377946 0.072545345160982405 0.020118598928886081 0.098617635332624978 0.083697618429183621 0.10772204188665006 -0.033887638317205482 0.094384555638137108 0.089177752575275493 0.073462067452884139 -0.0042535580506220146 0.068430902544282482 0.032992901959076434 -0.068543941663433278 0.03292297000526815 0.27689297689250547 0.067083749108181254 0.076945983674017962 0.080942605430782855 0.074996544136139598 0.0043274719534534458
leaf_weight=29023.293487699702 794.54654775373638 1027.9510942995548 475.80731907859445 264.60290646366775 209.66090351343155 1529.5602718945593 66.756833294406533 99.086212076246738 817.59325928986073 914.50083157047629 34.200510153546929 182.76891766861081 88.295985363423824 109.89336397312582 599.44559982791543 214.69053065963089 762.797438275069 444.61754051595926 171.43151014298201 129.56569807976484 16558.517038181424 3369.9904454872012 557.01792273297906 153.81147143244743 81.441582115367055 198.94490110501647 1791.0592102389783 65.063245983794332 34.31818163394928 30.400205155834556 204.13890093937516 33.262294672429562 75.043474920094013 67.363053530454636
leaf_count=1355786 26618 42278 20245 2989 2154 66930 2323 649 4271 3882 696 6308 440 2411 3076 2030 3918 2261 860 1778 86511 17057 2706 2008 523 1636 81193 1443 291 983 1149 149 360 1506
internal_value=-0.00359628 -0.0582296 0.07997 0.0189577 0.0859513 -0.0646323 -0.000393036 -0.0162232 -0.0331372 0.018606 -0.0210958 -0.0692013 -0.0019484 -0.0477901 0.0595185 -0.0399409 0.0739665 0.0501841 0.0500501 0.0269283 0.0917424 0.0812504 0.0478538 -0.0524731 0.00712398 0.00661499 -0.0697904 -0.0567889 0.11717 -0.0662803 0.0617934 -0.0108654 0.0256383 -0.060188
internal_weight=61181.4 36995.1 24186.3 2833.71 22510.9 34161.4 1675.44 2946.18 2347.15 1782.46 867.958 31215.2 271.065 1280.25 666.202 1009.24 1553.46 790.662 599.028 427.597 20728.4 4169.93 799.941 629.619 346.044 328.511 30944.1 1920.84 99.3814 1821.46 238.339 242.923 184.937 1095.31
internal_count=1749418 1578814 170604 56246 136557 1522568 34047 76124 71201 27980 24098 1446444 6748 46555 5399 28648 9691 5773 4923 4063 108577 22066 5009 22253 3512 3414 1439696 83910 1734 82176 1845 2303 2771 43784
is_linear=0
shrinkage=0.07


Tree=18
num_leaves=35
num_cat=0
split_feature=12 6 3 0 3 6 9 9 4 9 4 6 9 3 6 9 9 6 6 6 6 1 9 1 6 1 6 6 3 3 0 12 9 3
split_gain=52077.6 3464.01 2185.01 1582.57 1264.75 1264.53 638.331 633.225 707.701 579.592 506.384 398.142 277.508 198.176 700.609 507.353 215.412 191.541 172.331 166.516 155.417 134.059 91.5089 228.178 181.629 75.7663 72.8555 69.2927 68.1632 61.6959 56.2556 52.9975 50.2193 49.9838
threshold=18.500000000000004 0.76349757113115901 0.57359307359307365 0.88493064312736458 0.62593283582089565 0.61125503742084064 0.73214285714285732 0.31666666666666671 1.0000000180025095e-35 0.27922077922077926 1.0000000180025095e-35 0.50920383963862237 0.47222222222222227 0.62145593869731808 0.59275647328744685 0.47222222222222227 0.31666666666666671 0.49132832080200506 0.42598071444225294 0.62529620853080581 0.84389334862385335 0.85857142857142865 0.47222222222222227 0.72377109317681587 0.85372985308800475 0.77836257309941537 0.89864245092643558 0.62973194188663817 0.6861407249466952 0.26794871794871805 0.34178433889602061 32.500000000000007 0.14835164835164838 0.99253731343283602
decision_type=2 2 2 2 2 2 2 2 2 2 2 2 2 2 2 2 2 2 2 2 2 2 2 2 2 2 2 2 2 2 2 2 2 2
left_child=1 3 6 13 12 9 20 8 11 10 18 -5 26 -1 16 25 -15 -18 32 -8 -2 -20 23 24 28 -16 -3 -13 -7 -22 -6 -31 -4 -12
right_child=2 4 5 7 30 22 19 -9 -10 -11 33 27 -14 14 15 -17 17 -19 21 -21 29 -23 -24 -25 -26 -27 -28 -29 -30 31 -32 -33 -34 -35
leaf_value=-0.070574064095515629 -0.058252566858966612 -0.060481536644835673 -0.058797482449496438 -0.065595912188318256 -0.011509802443444841 -0.063102413488775363 -0.046448856649876268 0.06966194072279687 0.02729609447985892 0.082902068263858347 -0.019947069880048168 -0.01085626495888913 0.057131826386188987 -0.068558087000909401 -0.021601635745845036 0.1702429919936024 -0.04164261291910424 0.065889727407321672 -0.048072990798245105 0.066392687626494779 0.11960564632576239 0.036630123804475029 0.092076423218060047 0.087366276411118396 0.07395736451515858 0.089185941164207722 0.01128623840552982 0.05238110131752368 0.017795476868298198 -0.026518011486130508 0.086958083463747754 0.049354315771989524 0.041004749242821444 0.055887434727338516
leaf_weight=24588.385880690068 669.73085738159716 568.28987005352974 427.31339806877077 1558.3634470310062 29.221421604976058 70.294743534177542 73.113578939810395 376.96697586774826 817.97197759523988 936.44885855168104 44.864696901291609 187.8166759442538 139.47092988714576 4274.381636723876 314.80346343107522 96.751288728788495 420.53705715760589 100.5797283295542 135.27489976398647 518.55678351968527 21.932136544957757 283.30316959321499 15286.193621963263 3127.1170377321541 333.80013813078403 33.4627571310848 78.938085319474339 154.95585552603006 186.27455620281398 149.74053546600044 1049.3429594002664 64.560980450361967 26.221071831882 839.42117176949978
leaf_count=1225821 25257 23246 18529 71284 239 833 2359 3041 4377 5521 295 2485 998 207922 9688 771 17977 2659 2214 2676 198 3119 83726 16538 1611 290 1598 819 1338 2198 5599 367 332 3493
internal_value=-0.00357215 -0.0577384 0.0776748 -0.0629957 0.0350624 0.0833196 -0.00410144 -0.0153604 -0.0271475 0.0384264 0.0147135 -0.0505721 -0.0324291 -0.06794 -0.055581 0.0284379 -0.0633779 -0.020888 -0.0231339 0.0524487 -0.0410334 0.00925601 0.089681 0.079831 0.0399175 -0.0109567 -0.0517285 0.0177312 -0.00436889 0.0077836 0.0842903 -0.00366054 -0.0530274 0.0520399
internal_weight=57984.4 34790.2 23194.2 32925 1865.26 21696.5 1497.63 3096.07 2719.11 2692.85 1756.4 1901.14 786.699 29828.9 5240.52 445.018 4795.5 521.117 872.113 591.67 905.965 418.578 19003.7 3717.49 590.369 348.266 647.228 342.773 256.569 236.234 1078.56 214.302 453.534 884.286
internal_count=1749418 1578814 170604 1547134 31680 137549 33055 82006 78965 33503 27982 74588 25842 1465128 239307 10749 228558 20636 24194 5035 28020 5333 104046 20320 3782 9978 24844 3304 2171 2763 5838 2565 18861 3788
is_linear=0
shrinkage=0.07


Tree=19
num_leaves=35
num_cat=0
split_feature=12 5 5 2 0 0 9 0 5 5 9 9 5 5 2 9 5 9 2 1 0 5 9 1 6 1 5 9 2 5 5 1 0 7
split_gain=47594.9 3330.11 1974.42 1965 1398.66 1237.68 746.241 567.035 485.284 936.932 399.65 348.519 417.385 356.178 190.637 136.987 135.763 106.704 153.721 88.5928 86.5426 81.6155 79.4223 181.381 144.49 77.3009 146.689 72.4456 115.714 68.1439 63.2578 63.203 62.0877 60.2123
threshold=18.500000000000004 0.82404540763673906 0.71248622264210371 0.4624765478424015 0.90366769774635458 0.41897974493623413 0.47222222222222227 0.88493064312736458 0.52011560693641634 1.0000000180025095e-35 0.61250000000000016 0.47222222222222227 1.0000000180025095e-35 0.45478595478595479 0.87007672634271105 0.47222222222222227 0.9788353863381859 0.38750000000000007 0.76028169014084523 0.64051282051282066 0.79118217054263573 0.9455533596837945 0.41428571428571431 0.76028169014084523 0.77677926662922259 0.81120250685468098 0.52316636851520582 0.77500000000000013 0.48528138528138537 0.96110200479132524 0.6115176080433754 0.85857142857142865 0.89725545390570038 0.66513056835637496
decision_type=2 2 2 2 2 2 2 2 2 2 2 2 2 2 2 2 2 2 2 2 2 2 2 2 2 2 2 2 2 2 2 2 2 2
left_child=1 4 7 10 14 6 16 27 9 -6 20 12 -9 -14 25 19 -4 18 21 -10 29 32 23 24 -7 -1 -27 -2 -29 -3 -16 -15 -5 -21
right_child=2 3 5 17 8 22 -8 11 15 -11 -12 -13 13 31 30 -17 -18 -19 -20 33 -22 -23 -24 -25 -26 26 -28 28 -30 -31 -32 -33 -34 -35
leaf_value=-0.06968445449773468 -0.067471509310549668 -0.060039210561938332 -0.056322129549791211 -0.011633584459309725 0.026980786888064212 -0.0027000212563139878 0.062115641015647587 0.050154569795509939 -0.039488280459023577 -0.067241603232019123 0.062438840932392603 0.086031796724974324 -0.067224465919540025 -0.034913731992103125 -0.02685933887592468 0.099521379697411982 0.047845271532564376 0.095413744665327982 0.092385648379560856 0.020307994240682751 0.072317917733382531 0.07880338996528434 0.090072480724303267 0.08589183936576951 0.067547878479052623 -0.060727995435254548 0.082477763418685748 -0.053523594387902523 0.1086006827809754 -0.0083637193303990678 0.08044266018060349 0.044853966319273048 0.065908953451675925 0.090475959282421428
leaf_weight=26797.192061999813 362.62804915197194 1212.8970063980669 491.29287186264992 213.21775580197573 836.87006405740976 208.96870762296021 794.33005861006677 865.80876905471087 91.493432857096195 1353.4778073560447 166.91784241050482 467.48091401159763 390.96823140978813 58.971463205292821 57.015792379155755 149.64439482241869 70.04900911077857 664.96249701455235 317.45343690365553 224.95517848059535 26.80018787831068 106.3984167855233 14672.194668700919 3002.4219622500241 457.75385194644332 137.49355504661798 47.039932537823915 64.561086157336831 32.396479927003384 139.41393586993217 51.003667648881674 278.68132703751326 66.338890239596367 81.683457270264626
leaf_count=1426725 13401 53235 16218 2428 4271 2154 5050 3650 1302 66930 1443 2484 18201 558 1810 787 506 3711 1682 2241 128 629 84434 16569 2512 6155 482 2331 288 3878 252 2248 321 404
internal_value=-0.00354427 -0.0572048 0.0755325 0.0142136 -0.0641829 0.0829985 0.0184567 0.0172106 -0.0165047 -0.0312419 -0.0398615 0.0328826 0.0172994 -0.0217419 -0.069002 0.0424236 -0.0433232 0.0753093 0.0563038 0.0209625 -0.0522433 0.0266259 0.087769 0.0785577 0.0455303 -0.0693735 -0.024223 -0.0531007 0.000647071 -0.0547118 0.0238056 0.0309224 0.00676729 0.0389996
internal_weight=54960.8 32742.3 22218.5 2914.4 29827.9 19697 1355.67 2521.5 2738.12 2190.35 1546.03 2061.91 1594.43 728.621 27089.7 547.776 561.342 1368.37 703.408 398.132 1379.11 385.955 18341.3 3669.14 666.723 26981.7 184.533 459.586 96.9576 1352.31 108.019 337.653 279.557 306.639
internal_count=1749418 1578814 170604 67455 1511359 127443 21774 43161 75935 71201 58684 27141 24657 21007 1435424 4734 16724 8771 5060 3947 57241 3378 105669 21235 4666 1433362 6637 16020 2619 57113 2062 2806 2749 2645
is_linear=0
shrinkage=0.07


Tree=20
num_leaves=35
num_cat=0
split_feature=12 5 3 3 5 0 9 5 5 5 9 9 2 5 9 2 5 9 1 6 9 3 5 1 5 9 12 1 5 5 12 5 5 6
split_gain=43546.3 3124.2 1900.45 1877.65 1550.79 1371.5 573.231 432.597 870.305 385.848 329.517 215.856 180.924 174.236 172.113 203.026 145.843 125.763 216.201 200.721 124.431 88.4121 84.856 77.2982 217.313 74.5912 73.2067 71.1161 61.9454 61.2586 61.25 60.1291 55.9871 55.9488
threshold=18.500000000000004 0.82404540763673906 0.60943257184966848 0.55646630236794181 0.61410415803287755 0.90366769774635458 0.73214285714285732 0.52011560693641634 1.0000000180025095e-35 1.0000000180025095e-35 0.23611111111111113 0.38750000000000007 0.87007672634271105 0.92885264341957263 0.47222222222222227 0.64899964899964913 0.65229016507788906 0.41428571428571431 0.77459677419354855 0.75066137566137581 0.47222222222222227 0.98147512864494013 0.47506906077348071 0.77836257309941537 0.54912120288529931 0.31666666666666671 32.500000000000007 0.6081452944413871 0.83405797101449286 0.95275297619047639 12.500000000000002 0.48295234405269277 0.6115176080433754 0.89864245092643558
decision_type=2 2 2 2 2 2 2 2 2 2 2 2 2 2 2 2 2 2 2 2 2 2 2 2 2 2 2 2 2 2 2 2 2 2
left_child=1 5 6 11 9 12 13 8 -7 -4 22 27 23 -2 15 29 -8 18 19 28 21 -9 -11 -1 -25 -26 -15 33 -6 -5 -23 -12 -14 -3
right_child=2 3 4 14 17 7 16 20 -10 10 31 -13 32 26 -16 -17 -18 -19 -20 -21 -22 30 -24 24 25 -27 -28 -29 -30 -31 -32 -33 -34 -35
leaf_value=-0.069590468846448261 -0.058011827423782955 -0.063752475455051916 0.046679780034871859 -0.010267962078137242 -0.044519154043682709 0.024836891000401616 -0.064312719694709738 0.082335569945962458 -0.066846699269857604 -0.067081502466156309 -0.0027098905904879974 0.019943447961103859 -0.025588050049448471 -0.014946302639703046 0.092852263193971871 0.076608572795869981 0.059220881337553634 0.088405052088456865 0.082350135208026753 0.06527221240684157 0.095248199681212745 -0.036697818212642577 -0.0058657845196763789 -0.063380585882521281 0.020094009258049446 0.17540184804839096 0.062346774089711655 0.583423878176348 0.027313654759467166 0.059610846840046187 0.027046350508266325 0.073188483942575155 0.076488451673082034 0.0026502082617968631
leaf_weight=24910.306436067447 616.82194395177066 1047.4066695738584 887.65879098698497 272.69576024636626 133.19425784237683 845.15444236248732 50.853547627106309 86.099219871684909 1269.1690970286727 399.86884794197977 75.27182369120419 198.28493128158152 55.707344276830554 203.08797576092184 695.82377677597106 445.52640908770263 591.64644754678011 14307.797088705003 2981.3452216908336 498.89716665074229 145.56085236370564 121.15285229496658 153.56930393911898 263.68179028108716 38.828901821747422 24.851042658090591 85.246999114751816 0.84285643137991328 105.35352014377713 79.360882451757789 189.22451898269355 159.57900425232947 49.924803681671619 66.098659561946988
leaf_count=1419253 24576 52324 3882 3367 1776 4271 2094 596 66930 20245 854 3211 1810 3592 4030 2501 3305 86511 17107 2608 787 1760 2008 13330 629 150 480 11 575 498 1591 991 252 1513
internal_value=-0.00351637 -0.056691 0.0735691 0.0137266 0.0794362 -0.063748 -0.00112183 -0.0158953 -0.0301982 0.0150282 -0.0206133 -0.0473501 -0.0687637 -0.037014 0.0674101 0.045214 0.0494433 0.0854243 0.0739558 0.0400193 0.0398962 0.0195745 -0.0500952 -0.0691464 -0.0353528 0.0807028 0.0079056 -0.0593242 -0.0127945 0.00548417 0.00216442 0.0488624 0.0226563 -0.0598108
internal_weight=52055.9 30805.7 21250.2 2806.04 19702.5 27999.7 1547.66 2656.36 2114.32 1675.95 788.289 1312.63 25343.3 905.157 1493.41 797.583 642.5 18026.6 3718.79 737.445 542.037 396.477 553.438 25237.7 327.362 63.6799 288.335 1114.35 238.548 352.057 310.377 234.851 105.632 1113.51
internal_count=1749418 1578814 170604 67455 136557 1511359 34047 75935 71201 27980 24098 57059 1435424 28648 10396 6366 5399 108577 22066 4959 4734 3947 22253 1433362 14109 779 4072 53848 2351 3865 3351 1845 2062 53837
is_linear=0
shrinkage=0.07


Tree=21
num_leaves=35
num_cat=0
split_feature=12 6 3 0 6 3 9 4 9 4 9 6 2 9 9 3 9 6 9 2 6 6 6 6 1 6 2 9 6 0 2 2 1 6
split_gain=39870.4 2844.94 1765.3 1442.84 1149.18 1029.26 464.83 558.367 425.961 390.653 389.338 312.28 217.851 210.465 191.135 124.964 416.054 601.078 119.828 266.861 140.84 116.442 115.578 106.471 103.247 94.2865 88.7969 86.3935 70.0647 66.9909 61.761 60.3882 58.8415 102.142
threshold=18.500000000000004 0.75733900155110023 0.5300120048019209 0.88493064312736458 0.61125503742084064 0.55646630236794181 0.31666666666666671 1.0000000180025095e-35 0.23611111111111113 1.0000000180025095e-35 0.84523809523809534 0.48549301307593024 0.81375640520299586 0.31666666666666671 0.47222222222222227 0.59824561403508791 0.31666666666666671 0.52839964805943895 0.47222222222222227 0.56966490299823647 0.87287157287157302 0.42598071444225294 0.64140689089417569 0.59895762642851336 0.85857142857142865 0.80119760479041935 0.56966490299823647 0.58571428571428574 0.63427747180697625 0.27639257294429714 0.56966490299823647 0.17467581998474449 0.77459677419354855 0.71468475658419794
decision_type=2 2 2 2 2 2 2 2 2 2 2 2 2 2 2 2 2 2 2 2 2 2 2 2 2 2 2 2 2 2 2 2 2 2
left_child=1 3 10 12 8 14 7 11 9 21 25 -5 15 22 -3 -1 28 -18 19 20 -6 -4 -14 -12 -23 -2 27 -7 -17 -25 -10 -27 33 -21
right_child=2 5 4 6 18 26 -8 -9 30 -11 23 -13 13 -15 -16 16 17 -19 -20 32 -22 24 -24 29 -26 31 -28 -29 -30 -31 -32 -33 -34 -35
leaf_value=-0.07029141091802682 -0.059790047637421857 -0.053605815935511121 -0.05407546318446977 -0.065322634213895947 -0.03699391350382783 0.0052418322870502092 0.061424413593144184 0.021426392259317889 0.007930398548384978 0.043192322367140608 -0.055803320269223737 0.008018905345862061 -0.052909462411677238 0.11304072383130399 0.042696945850440433 -0.068039882516567785 -0.042531823488155422 0.11973467015772483 0.086679379276057289 -0.018796324742102608 0.060563494358752849 -0.053365592566386469 0.11151489707144902 0.07171178621270044 0.026418628975690223 0.078455763326509526 0.084946383777840889 0.096669966935333126 -0.025021556937067198 0.015598148423726704 0.076325597251670582 -0.020732748605190709 0.082007343208660904 0.069744239693069768
leaf_weight=19666.90343529731 483.01287682726979 558.50454085320234 369.11793628334999 1264.4111250881106 157.56245832517743 152.4820537827909 348.33353861235082 839.82680843770504 70.095678543671966 857.03535006940365 52.117241848260164 367.05320941470563 209.88330223970115 57.4884521830827 123.27509140409529 3670.1544174421579 471.02812719903886 146.69552148506045 13218.378788594157 77.018247695639729 134.32911091297865 115.58710621669888 23.270482648164034 269.59398494660854 254.39927649311721 34.794683260843158 823.15756222605705 75.826432399451733 195.39571623131633 169.97928366996348 839.38859644718468 221.79526098631322 2600.5637655369937 373.22342986799777
leaf_count=1199248 22540 26855 18709 70229 1884 1646 3010 4377 933 3788 2053 4328 10071 530 959 217984 24549 2764 84168 701 698 2191 130 1467 3011 430 4912 440 6782 1011 5338 3883 15772 2027
internal_value=-0.00348756 -0.0561634 0.0717547 -0.0616924 0.0770006 0.0307966 -0.0142787 -0.0249492 0.0328191 0.0110326 -0.00947933 -0.048822 -0.0671623 -0.00692009 -0.036193 -0.0678873 -0.0573409 -0.00399717 0.0836851 0.0718445 0.00790221 -0.0262584 -0.0364987 0.038797 0.00149331 -0.0415736 0.0742332 0.0356072 -0.0658654 0.0500131 0.0710542 -0.00728237 0.0779623 0.0545985
internal_weight=49291.7 28993.7 20298 27260.4 19066.7 1733.25 2819.62 2471.29 2505.62 1596.14 1231.29 1631.46 24440.8 290.642 681.78 24150.2 4483.27 617.724 16561.1 3342.7 291.892 739.104 233.154 491.691 369.986 739.603 1051.47 228.308 3865.55 439.573 909.484 256.59 3050.81 450.242
internal_count=1749418 1578814 170604 1544002 139220 34812 81944 78934 33970 27699 31384 74557 1462058 10731 27814 1451327 252079 27313 105250 21082 2582 23911 10201 4531 5202 26853 6998 2086 224766 2478 6271 4313 18500 2728
is_linear=0
shrinkage=0.07


Tree=22
num_leaves=35
num_cat=0
split_feature=12 5 3 5 0 3 9 0 4 5 12 9 2 9 2 4 5 9 9 9 2 5 9 1 5 9 1 3 0 3 0 5 5 9
split_gain=36502.5 2803.29 1712.08 1681.05 1274.12 1163.38 510.947 461.765 361.989 724.164 256.762 183.748 214.124 178.474 152.97 149.425 367.412 119.451 117.601 105.249 106.138 95.5461 76.9472 135.166 96.1264 75.6217 75.0928 65.6623 62.9227 57.6538 143.317 57.2341 52.9525 422.529
threshold=18.500000000000004 0.81509971509971524 0.5300120048019209 0.72148047997295939 0.90366769774635458 0.61651583710407254 0.47222222222222227 0.94826048171275656 1.0000000180025095e-35 0.49867724867724872 30.500000000000004 0.38750000000000007 0.64660633484162899 0.47222222222222227 0.83910792512943055 1.0000000180025095e-35 0.45478595478595479 0.31666666666666671 0.47222222222222227 0.77500000000000013 0.48528138528138537 0.97489495798319337 0.41428571428571431 0.77459677419354855 0.97044263249854412 0.47222222222222227 0.64051282051282066 0.84889995848899968 0.89039039039039047 0.48331479421579537 0.27639257294429714 0.9455533596837945 0.76230831315577086 0.47222222222222227
decision_type=2 2 2 2 2 2 2 2 2 2 2 2 2 2 2 2 2 2 2 2 2 2 2 2 2 2 2 2 2 2 2 2 2 2
left_child=1 4 13 7 14 6 21 19 9 -6 15 12 28 -3 32 16 -9 -16 26 -2 -21 -5 23 24 27 -18 -11 -7 31 30 -8 -4 -1 -34
right_child=3 2 11 5 8 22 29 10 -10 18 -12 -13 -14 -15 17 -17 25 -19 -20 20 -22 -23 -24 -25 -26 -27 -28 -29 -30 -31 -32 -33 33 -35
leaf_value=-0.069833123796550448 -0.062421301225640206 -0.059754986341424399 -0.027034655200713804 -0.053186223163305603 -0.067281692754235345 -0.0058053495986808588 0.066173611579278327 -0.061505634019294667 0.021092867133176669 -0.043845799987201381 0.078685182754049024 0.089396389781588856 0.073417820442085877 0.014100993134105821 -0.035723180674467052 0.039237439768383751 0.015759694699060679 0.095369889766244567 0.088879137838570613 -0.048643925871437725 0.088505039582871203 0.032920034498912738 0.085362456672721049 0.080409957487956457 0.080885739776454316 0.078133509656461222 0.029471414027338334 0.050147367231779608 0.065034271465859966 0.076379100054505211 -0.013620532479108317 0.04123880349893156 -0.06424025553610016 0.13244238525332716
leaf_weight=20774.054188793525 384.73874210193753 1074.2188305072486 245.62929468043149 440.74129479564726 1104.3317380920053 190.63672386296093 286.25678466819227 321.57420048676431 859.49572052806616 88.185684492811561 425.2988384719938 664.40445959940553 441.66247029975057 188.4498345144093 167.05464666709304 734.91556870937347 263.60238899290562 42.780615098774433 134.46061734855175 59.677662663161755 51.51821799762547 73.704822294414043 12544.534192845225 2560.9620992466807 229.03357674181461 149.12567195296288 305.88523862138391 222.97471057809889 65.19504851102829 263.9608942233026 179.42559454031289 79.683436997234821 1017.0103481188416 56.4935621060431
leaf_count=1355786 15205 59482 4892 16685 65990 1465 1840 16457 4271 1460 3183 4260 2651 3157 6302 3180 2342 354 772 2373 401 547 84429 16266 1280 841 3315 1191 318 1497 1422 660 63234 1910
internal_value=-0.00345631 -0.0555991 0.0112981 0.0700096 -0.0631179 0.0777417 0.0125754 0.015047 -0.0156771 -0.0350319 0.030788 0.0619459 0.0400295 -0.0487322 -0.0684784 0.016923 -0.00541006 -0.0089963 0.032352 -0.045085 0.0148986 -0.0408498 0.0828898 0.0732073 0.0445042 0.0382964 0.0130644 0.0243583 0.00226745 0.0502436 0.0354292 -0.0103115 -0.0690497 -0.0538898
internal_weight=46691.7 27309 2759.24 19382.7 24549.8 16992.2 1244.09 2390.45 2492.36 1632.86 1894.52 1496.57 832.17 1262.67 22057.4 1469.22 734.302 209.835 528.532 495.935 111.196 514.446 15748.1 3203.61 642.645 412.728 394.071 413.611 390.508 729.643 465.682 325.313 21847.6 1073.5
internal_count=1749418 1578814 75420 170604 1503394 126622 21991 43982 75808 71537 26003 12781 8521 62639 1427586 22820 19640 6656 5547 17979 2774 17232 104631 20202 3936 3183 4775 2656 5870 4759 3262 5552 1420930 65144
is_linear=0
shrinkage=0.07


Tree=23
num_leaves=35
num_cat=0
split_feature=12 5 5 2 1 2 9 5 4 1 9 9 4 5 2 5 9 4 9 5 9 2 9 1 5 6 9 9 2 6 5 12 2 1
split_gain=33449.5 2630.64 1584.24 1476.03 1190.24 995.346 497.166 434.392 672.361 412.272 304.475 267.391 276.286 240.386 139.998 667.148 446.433 150.121 111.936 107.522 96.909 135.39 84.0966 148.287 93.2789 80.2038 74.0243 70.3487 74.8275 66.922 57.3711 55.4927 47.1951 110.084
threshold=18.500000000000004 0.81509971509971524 0.72148047997295939 0.4624765478424015 0.76028169014084523 0.42462121212121218 0.47222222222222227 0.52011560693641634 1.0000000180025095e-35 0.74133811230585434 0.47222222222222227 0.31666666666666671 1.0000000180025095e-35 0.45478595478595479 0.56070175438596503 0.64303661162957648 0.31666666666666671 1.0000000180025095e-35 0.31666666666666671 0.96110200479132524 0.38750000000000007 0.76028169014084523 0.47222222222222227 0.76028169014084523 0.97044263249854412 0.89864245092643558 0.47222222222222227 0.77500000000000013 0.48528138528138537 0.63185164985001374 0.9455533596837945 9.5000000000000018 0.99253731343283602 0.95419580419580419
decision_type=2 2 2 2 2 2 2 2 2 2 2 2 2 2 2 2 2 2 2 2 2 2 2 2 2 2 2 2 2 2 2 2 2 2
left_child=1 4 9 10 14 6 19 8 26 27 25 12 13 -11 -1 17 -17 -16 29 -4 21 30 23 24 -7 -3 -6 -2 -29 -9 -5 -19 33 -10
right_child=2 3 5 20 7 22 -8 18 32 11 -12 -13 -14 -15 15 16 -18 31 -20 -21 -22 -23 -24 -25 -26 -27 -28 28 -30 -31 -32 -33 -34 -35
leaf_value=-0.07002534587329505 -0.063078954317145025 -0.058035692423340002 -0.055116513691547159 0.0055270571431738037 -0.06837743803600603 0.019539045215831646 0.051540861810631521 -0.0024445327399578373 0.026859687951996808 -0.066757069566121055 0.030415789902363297 0.073643095097674693 0.039197261330467588 0.022705211529175769 -0.068219662169252807 -0.0027788522849400647 0.2164491812237844 -0.042806883826793977 0.10151348827628269 0.022739299356411027 0.088191356817226479 0.085031333734899947 0.084002961944395479 0.078505055068956997 0.078358016346358819 0.01729125396685437 0.052044180865010191 -0.046477470780911412 0.077592936104867075 0.069194143763006519 0.066869948217147146 0.033381471920868398 0.0011681087625561397 0.17262027445623385
leaf_weight=18212.052693747915 330.37931372225285 1084.0087946411222 385.22863841988146 283.75691603031009 1018.8408585796133 390.23610339686275 801.29811090417206 169.38702573999763 406.4625074416399 304.43614467047155 261.41873165406287 478.52101499587297 828.07033235579729 284.8998062890023 2221.5026878053322 142.93213762901723 66.7816481012851 89.732412114739418 140.55255352519453 112.24406265839934 563.43324691615999 289.53476091846824 11793.479948708788 2475.3240605071187 199.73054209724069 73.988637214526534 25.642277083359659 58.175882861018181 40.331822372972965 102.59644072130322 101.40454468131065 98.008611106313765 341.40626554191113 27.080192223191261
leaf_count=1267386 13962 60963 15648 3067 66237 3112 5370 2430 2549 18058 3618 3040 3665 2561 149367 4916 643 3803 904 1030 3786 1761 83817 16486 1159 1596 500 2379 317 578 629 2424 1540 117
internal_value=-0.00342602 -0.0550446 0.0684078 0.0109041 -0.0626439 0.0761816 0.0174161 -0.0140626 -0.0287674 0.0143792 -0.0378188 0.0283995 0.0131251 -0.0235088 -0.0678492 -0.0527164 0.0670325 -0.06314 0.0507907 -0.03755 0.066761 0.0488646 0.0813182 0.0709886 0.0394519 -0.0532228 -0.0654211 -0.0475985 0.00432044 0.0245787 0.0216773 -0.0030334 0.0206347 0.0359643
internal_weight=44202.9 25720.5 18482.4 2657.55 23063 16157.5 1298.77 2231.97 1819.43 2324.81 1419.42 1895.93 1417.41 589.336 20831 2618.96 209.714 2409.24 412.536 497.473 1238.13 674.696 14858.8 3065.29 589.967 1158 1044.48 428.887 98.5077 271.983 385.161 187.741 774.949 433.543
internal_count=1749418 1578814 170604 75420 1503394 126622 22048 74855 70943 43982 66177 27324 24284 20619 1428539 161153 5559 155594 3912 16678 9243 5457 104574 20757 4271 62559 66737 16658 2696 3008 3696 6227 4206 2666
is_linear=0
shrinkage=0.07


Tree=24
num_leaves=35
num_cat=0
split_feature=12 5 3 5 5 3 9 3 1 5 9 5 5 9 2 6 9 1 2 9 1 6 12 1 3 5 5 2 9 3 7 3 1 9
split_gain=30653 2476.07 1540.95 1495.27 1155.29 1136.95 408.034 346.603 318.615 726.201 246.14 278.789 202.748 185.743 192.243 181.446 125.567 111.301 101.513 92.8984 142.865 97.4918 85.1562 72.3408 70.7812 262.614 68.2516 66.9802 62.5214 61.8254 61.1557 52.5436 123.487 48.639
threshold=18.500000000000004 0.80788655788655805 0.5300120048019209 0.70286650286650298 1.0000000180025095e-35 0.61651583710407254 0.47222222222222227 0.82097069597069605 0.76028169014084523 0.49473450836936045 0.47222222222222227 1.0000000180025095e-35 0.45478595478595479 0.38750000000000007 0.76028169014084523 0.86377084454007547 0.31666666666666671 0.68042553191489374 0.88493064312736458 0.41428571428571431 0.77459677419354855 0.75066137566137581 32.500000000000007 0.84292763157894746 0.85313725490196091 0.61920122887864837 0.9455533596837945 0.25198412698412703 0.47222222222222227 0.84680573663624525 0.64126286093594431 0.48566748566748574 0.27639257294429714 0.47222222222222227
decision_type=2 2 2 2 2 2 2 2 2 2 2 2 2 2 2 2 2 2 2 2 2 2 2 2 2 2 2 2 2 2 2 2 2 2
left_child=1 4 15 7 17 6 22 -2 18 33 11 -9 -13 14 26 28 30 -1 24 20 21 -7 -5 -14 -6 -26 29 -17 -3 -4 -11 32 -8 -10
right_child=3 2 13 5 8 19 31 10 9 16 -12 12 23 -15 -16 27 -18 -19 -20 -21 -22 -23 -24 -25 25 -27 -28 -29 -30 -31 -32 -33 -34 -35
leaf_value=-0.04422130183448169 -0.05659070751902958 -0.064852713061866324 -0.019467672843471982 -0.049554979204717249 -0.069559950085520919 -0.0036063018333561663 0.057670451098133443 0.037449959996680604 -0.069029315736075805 -0.0020421850911622433 0.073758652215774198 -0.065630064324415829 -0.049674436583304511 0.086501003593206768 0.0817623668602631 0.075536096662593116 0.10144623556173224 0.01957935284252706 0.074256140340791213 0.082858429126410185 0.076887835453309919 0.057025860273986803 0.045688252585371215 0.030639746089503192 -0.066872656227994431 0.03147641459212891 0.055127776775731503 -0.015706274894128298 -0.012869423403759369 0.041267470151080253 0.072523562629061344 0.068477549534688514 -0.015977089744262835 0.032643700007531314
leaf_weight=158.2277024211362 309.03729439154267 960.02682295814157 297.83214133419096 441.68891115672886 18168.71709449403 183.57764344289899 286.70708159729838 817.03533283621073 937.17211671546102 198.60961105581373 379.3613433483988 304.16693788114935 69.711927320808172 621.37084796652198 292.03971521183848 64.687050871551037 131.639344278723 874.33256578538567 24.404853931628168 11289.803523637354 2350.1109686046839 444.78010132908821 51.345798311755061 259.57410382293165 761.13933570962399 161.21603981778026 132.02387230284512 100.94017920829356 128.5502975974232 113.39461677148938 73.968029173091054 255.22202626056969 182.61402730643749 23.636702543124557
leaf_count=7589 14143 62956 5824 17454 1357408 1483 1909 3691 65284 3405 2444 18745 1031 4363 1844 1039 903 6225 341 84876 16449 2585 590 2202 51256 2339 959 2471 3032 650 450 1510 1492 476
internal_value=-0.003396 -0.0544974 0.0085481 0.0668392 -0.0624418 0.0744166 0.00948759 0.0119774 -0.0660841 -0.0334115 0.0235577 0.0104281 -0.024425 0.0575197 0.0359605 -0.0483286 0.0453052 0.00980265 -0.0684172 0.0799573 0.0689606 0.0393119 -0.0396361 0.0136367 -0.0685996 -0.0496825 0.0113384 0.0199292 -0.058714 -0.00272013 0.0181923 0.0429151 0.029014 -0.0665281
internal_weight=41848.7 24223.9 2710.87 17624.7 21513.1 15485.9 1217.58 2138.89 20480.5 1365.03 1829.85 1450.49 633.453 1456.66 835.29 1254.2 404.217 1032.56 19115.5 14268.3 2978.47 628.358 493.035 329.286 19091.1 922.355 543.251 165.627 1088.58 411.227 272.578 724.543 469.321 960.809
internal_count=1749418 1578814 83138 170604 1495676 128348 22955 42256 1481862 70518 28113 25669 21978 13640 9277 69498 4758 13814 1411344 105393 20517 4068 18044 3233 1411003 53595 7433 3510 65988 6474 3855 4911 3401 65760
is_linear=0
shrinkage=0.07


Tree=25
num_leaves=35
num_cat=0
split_feature=12 5 5 0 0 0 9 1 4 5 9 9 4 5 9 1 1 5 9 9 0 5 9 6 5 1 0 5 5 9 0 1 4 6
split_gain=28102.5 2325.54 1418.15 1303.2 1171.49 917.217 383.298 376.904 289.572 546.295 273.758 266.81 218.255 213.573 120.01 117.319 109.658 101.181 93.5237 80.2719 124.405 91.6413 74.0149 70.7695 62.7448 60.4732 56.4063 56.1304 55.3442 341.028 105.522 88.3653 50.7152 53.8099
threshold=18.500000000000004 0.80788655788655805 0.73717105263157912 0.45867486338797819 0.90366769774635458 0.45222154595252589 0.47222222222222227 0.66312056737588665 1.0000000180025095e-35 0.49473450836936045 0.31666666666666671 0.38750000000000007 1.0000000180025095e-35 0.47506906077348071 0.38750000000000007 0.76028169014084523 0.81120250685468098 0.96110200479132524 0.47222222222222227 0.35416666666666669 0.85912698412698429 0.92508503401360553 0.31666666666666671 0.89864245092643558 0.50920383963862237 0.61257406188281782 0.94201680672268928 0.90967365967365976 0.76230831315577086 0.47222222222222227 0.40967365967365971 0.54653679653679665 1.0000000180025095e-35 0.63897107166337941
decision_type=2 2 2 2 2 2 2 2 2 2 2 2 2 2 2 2 2 2 2 2 2 2 2 2 2 2 2 2 2 2 2 2 2 2
left_child=1 4 7 11 16 6 17 -2 9 -6 12 23 13 -9 15 -5 28 -4 25 20 21 -7 32 -3 -12 -11 -15 -13 -1 31 -31 -30 33 -18
right_child=2 3 5 14 8 19 -8 10 -10 18 24 27 -14 26 -16 -17 22 -19 -20 -21 -22 -23 -24 -25 -26 -27 -28 -29 29 30 -32 -33 -34 -35
leaf_value=-0.069357493456870062 -0.051083305012059481 -0.058210123963685766 -0.052093733721157637 0.0200578644890777 -0.066293201058823886 -0.0079781357129283491 0.046125807055798766 -0.063931798342063167 0.017149358543747079 -0.05034482629021058 0.016633645106936767 -0.013426805781728704 0.034364721058661597 -0.061615180536120376 0.086009641013577082 0.079409413130011389 -0.065983508254782761 0.023433994857316412 0.081095991506151058 0.081792905624974183 0.074414177623505925 0.060692902906050832 0.084689988919757792 0.012772285443171657 0.080137778325949482 0.022285057812279029 0.029817553717034727 0.051408239046856326 -0.067439374476075606 0.027448228955967172 0.22658640472070918 0.059396623956726902 0.062497967877085163 0.072206652867547613
leaf_weight=16968.260293446481 361.39184707123786 1039.2461284296587 353.70630452409387 445.73111147992313 908.60559658147395 164.60708694905043 802.39798192307353 294.16717297676951 871.14244512468576 69.136475735343993 91.974098891019821 112.70897337980568 814.14814004674554 37.517529867589474 525.37206295877695 257.45253658667207 121.45518786553293 115.22536127083004 114.47626098617911 10456.286337984726 2349.0495693907142 225.90497403778136 30.569243779405951 73.705213030800223 445.58423849381506 299.58258523698896 278.35034178011119 155.97716558724642 711.14360931888223 27.351370617747307 24.916429851204157 27.973639126867056 22.790126686915755 15.578088872134684
leaf_count=1354619 16335 67073 15122 4917 65920 1539 5368 19347 4271 1272 626 2380 3711 637 3911 1683 7020 1055 728 83304 17054 1379 347 1565 3134 3487 1993 1609 55122 1405 296 790 315 84
internal_value=-0.00336434 -0.053934 0.0653753 0.00824596 -0.0619636 0.0735275 0.0167428 0.014608 -0.0145013 -0.0343118 0.0267096 -0.0383951 0.0106443 -0.0210128 0.0606986 0.0417879 -0.0679471 -0.0335351 0.0258262 0.0789983 0.0683322 0.031747 -0.0151054 -0.0535093 0.0692725 0.00866663 0.0189575 0.0242111 -0.0685136 -0.0504193 0.122379 -0.062639 -0.0341931 -0.0502739
internal_weight=39613.5 22823.2 16790.3 2610.19 20213 14467.2 1271.33 2323.13 2262.94 1391.8 1961.74 1381.64 1424.18 610.035 1228.56 703.184 17950 468.932 483.195 13195.8 2739.56 390.512 190.393 1112.95 537.558 368.719 315.868 268.686 17759.6 791.385 52.2678 739.117 159.823 137.033
internal_count=1749418 1578814 170604 83138 1495676 124821 21545 45783 75678 71407 29448 72627 25688 21977 10511 6600 1419998 16177 5487 103276 19972 2918 7766 68638 3760 4759 2630 3989 1412232 57613 1701 55912 7419 7104
is_linear=0
shrinkage=0.07


Tree=26
num_leaves=35
num_cat=0
split_feature=12 5 12 1 0 9 1 5 0 9 4 5 0 4 5 5 1 9 5 1 5 5 9 5 6 6 9 5 9 1 1 1 4 6
split_gain=25755 2187.07 1363.01 1172.95 1153.92 586.525 369.633 339.778 279.535 274.428 262.085 508.809 237.547 162.097 123.321 118.981 107.414 99.7622 97.9508 93.7622 92.5596 89.7119 83.4226 82.7848 82.3902 76.1349 65.1 55.9008 340.451 93.6334 92.7659 54.5808 45.2094 49.0772
threshold=18.500000000000004 0.80788655788655805 26.500000000000004 0.45534290271132383 0.90366769774635458 0.47222222222222227 0.6049571603427174 0.76975051975051978 0.40862708719851581 0.61250000000000016 1.0000000180025095e-35 0.48295234405269277 0.45512082853855013 1.0000000180025095e-35 0.48295234405269277 0.5075774971297361 0.81120250685468098 0.38750000000000007 0.87112743532417769 0.76028169014084523 0.96571316614420077 0.96110200479132524 0.47222222222222227 0.54912120288529931 0.71468475658419794 0.2440886240923478 0.31666666666666671 0.75573053368328968 0.47222222222222227 0.42179392142327654 0.54653679653679665 0.61257406188281782 1.0000000180025095e-35 0.63897107166337941
decision_type=2 2 2 2 2 2 2 2 2 2 2 2 2 2 2 2 2 2 2 2 2 2 2 2 2 2 2 2 2 2 2 2 2 2
left_child=1 4 5 9 16 6 20 13 18 21 11 -6 24 15 25 -8 27 19 -4 -5 -2 -3 31 -14 -7 -10 32 -1 30 -30 -29 -13 33 -18
right_child=2 3 8 17 10 12 7 -9 14 -11 -12 22 23 -15 -16 -17 26 -19 -20 -21 -22 -23 -24 -25 -26 -27 -28 28 29 -31 -32 -33 -34 -35
leaf_value=-0.069263649477834005 -0.053340675336825918 -0.05338553417327796 -0.032696326339619032 0.022131302228977325 -0.066408045907579344 -0.029401704981372498 -0.062373961661699721 0.064189092949185192 0.052524377365520306 0.045250842436235283 0.015859954146502011 -0.04907032238830536 0.0074552795365166865 0.023916098500958802 0.07895772980493615 0.0046620084467086636 -0.065199582944104315 0.085529095671949579 0.042170825438935765 0.077094717818492225 0.030460488104565198 0.0078306346433195222 0.076088698624760018 0.081360087247990834 0.040807760315757564 -0.031807698442874885 0.078600516223296543 -0.067624606637403814 0.031851039208716896 0.20748126335741079 0.054875287717060635 0.020057885888138002 0.055473682843136772 0.067593637776533932
leaf_weight=15726.520802054554 516.31921349093318 1086.2240210790187 101.82531067356467 394.91970359068364 842.67248187214136 149.80167052336037 268.25597807671875 592.88394934870303 232.831607834436 182.59372398257256 875.84953847527504 68.391507639549673 79.762684932909906 578.48438604176044 11285.295748850331 251.24094201251864 114.55805580597371 478.1342361997813 538.34792352840304 247.3250021263957 73.816029366105795 131.50601790938526 112.96063539385796 1078.078509490937 180.68075458705425 67.710828803479671 30.629800532013178 791.09697276167572 33.710762511007488 26.618960130028427 31.496955233626068 308.04867729917169 23.837474569678307 15.479913100600241
leaf_count=1343485 22274 67686 3943 4373 65307 4947 17266 4210 1195 1707 4271 1390 708 2661 93757 2198 7020 3767 3815 1685 635 3920 749 8521 1221 3253 347 65816 1741 270 920 3961 315 84
internal_value=-0.00333075 -0.0533295 0.0639452 0.00793651 -0.0614567 0.027144 0.00483934 0.0214866 0.0752911 -0.0347751 -0.0138825 -0.0334384 0.061328 -0.0015718 0.0777792 -0.0299538 -0.0677114 0.0613203 0.0302625 0.0432974 -0.0428586 -0.0467746 0.0233302 0.0762688 0.00898309 0.0335247 -0.0145954 -0.0683014 -0.0511625 0.109343 -0.0629341 0.0074987 -0.0331466 -0.0493917
internal_weight=37517.9 21522.6 15995.3 2520.7 19001.9 3769.32 2281 1690.87 12226 1400.32 2207.92 1332.07 1488.32 1097.98 11585.8 519.497 16793.9 1120.38 640.173 642.245 590.135 1217.73 489.401 1157.84 330.482 300.542 184.505 16609.4 882.924 60.3297 822.594 376.44 153.875 130.038
internal_count=1749418 1578814 170604 83138 1495676 64641 49244 26335 105963 73313 75678 71407 15397 22125 98205 19464 1419998 9825 7758 6058 22909 71606 6100 9229 6168 4448 7766 1412232 68747 2011 66736 5351 7419 7104
is_linear=0
shrinkage=0.07


Tree=27
num_leaves=35
num_cat=0
split_feature=12 3 6 12 3 6 4 9 6 3 9 4 9 6 3 6 9 9 0 0 2 6 0 6 9 2 9 6 2 9 3 3 0 6
split_gain=23594.8 2168.6 1531.16 1299.48 544.063 523.176 516.881 692.008 481.335 325.289 187.409 137.943 109.006 108.84 100.499 230.177 209.955 91.9754 85.8283 76.4579 73.1401 66.2332 71.2243 57.7208 57.4362 76.2899 57.1355 57.1786 52.3771 51.0249 53.6273 48.7543 44.7398 44.498
threshold=18.500000000000004 0.7593103448275863 0.62973194188663817 26.500000000000004 0.61651583710407254 0.66519174041297957 1.0000000180025095e-35 0.31666666666666671 0.84389334862385335 0.48566748566748574 0.47222222222222227 1.0000000180025095e-35 0.81666666666666676 0.47646733111849388 0.59824561403508791 0.59275647328744685 0.47222222222222227 0.47222222222222227 0.68801229508196726 0.24068965517241384 0.76028169014084523 0.65940005940005941 0.96824596774193561 0.46004694835680759 0.47222222222222227 0.58578637510513054 0.47222222222222227 0.7235442329227324 0.65599385245901654 0.92857142857142871 0.17028985507246377 0.710394265232975 0.68356867779204122 0.88322510822510836
decision_type=2 2 2 2 2 2 2 2 2 2 2 2 2 2 2 2 2 2 2 2 2 2 2 2 2 2 2 2 2 2 2 2 2 2
left_child=1 8 6 4 12 10 7 13 14 19 11 -6 32 -3 -1 -16 28 21 23 -5 -20 22 -11 -9 25 -7 27 -4 -17 30 -10 33 -2 -23
right_child=3 2 26 9 5 24 -8 18 29 17 -12 -13 -14 -15 15 16 -18 -19 20 -21 -22 31 -24 -25 -26 -27 -28 -29 -30 -31 -32 -33 -34 -35
leaf_value=-0.068989031473878665 -0.048350742975240231 -0.066823919499831894 0.021875197913188728 0.045199252775860253 -0.025560779810274353 -0.0067469451747041486 0.012662177963287337 0.048142686963195964 0.40600405018787 -0.051477417455983616 0.059202786335063463 0.022158230473057386 0.016613860536934307 -0.026295467767487316 -0.06243665037685265 -0.034845708623228576 0.12135508488256365 0.079441150403382468 -0.0048118862264626503 -0.015319985411748652 0.066917486206412177 -0.04099356510682866 0.048735591463874177 0.20183735502351358 0.081260462369916464 0.063043869616056555 0.087412336211410077 0.068631453058709171 0.084426223388479396 0.064194125280575914 -0.0005826204107315737 0.07275637143837857 0.14088799291318116 0.060321490960474969
leaf_weight=13529.438914236613 507.03761077765375 1993.5524013629183 192.44800828024745 191.36607540585101 612.51961653493345 89.260175349190831 960.98570861387998 21.413417083211243 1.6012647515162814 37.542620524764061 303.4101608004421 575.94220314174891 184.94459807872772 387.85446325875819 1522.6329771913588 215.50984549056739 60.49840088840574 8926.2912475382909 131.18775525316596 219.75212008878589 148.50814812816679 35.667064161971211 467.46977475378662 27.159142535179853 822.90924140065908 547.50807883031666 401.43984684161842 383.64535759016871 19.689256225712597 93.367942437529564 217.36203253082931 1661.1019912064075 6.1964783687144509 52.520305428653955
leaf_count=1222231 23758 170185 2287 2249 21506 684 9137 1214 45 758 2311 2692 2524 14041 129460 9843 610 79715 4770 3729 2078 477 5241 538 7013 4112 3375 2694 327 517 5462 13483 41 311
internal_value=-0.00329524 -0.0526995 -0.0107133 0.062533 0.0261068 0.0392515 -0.0314462 -0.0470893 -0.0651617 0.074002 0.0101001 -0.0024356 -0.0294624 -0.0602231 -0.0669124 -0.0514613 0.0050541 0.0762506 0.0481897 0.0128503 0.0332737 0.0636168 0.0412858 0.13408 0.0690459 0.0532608 0.0671392 0.0530122 -0.0248611 0.0208662 0.00239072 0.0700637 -0.046066 0.019345
internal_weight=35549.7 20308.3 4648.19 15241.4 3649.73 2951.55 3670.66 2709.68 15660.1 11591.7 1491.87 1188.46 698.179 2381.41 15347.8 1818.33 295.698 11180.6 328.268 411.118 279.696 2254.3 505.012 48.5726 1459.68 636.768 977.533 576.093 235.199 312.331 218.963 1749.29 513.234 88.1874
internal_count=1749418 1578814 210319 170604 64641 38318 201963 192826 1368495 105963 26509 24198 26323 184226 1362471 140240 10780 99985 8600 5978 6848 20270 5999 1752 11809 4796 8356 4981 10170 6024 5507 14271 23799 788
is_linear=0
shrinkage=0.07


Tree=28
num_leaves=35
num_cat=0
split_feature=12 3 5 5 3 4 5 3 9 9 9 4 5 6 5 9 1 9 3 0 9 2 1 5 1 6 5 6 1 0 2 5 1 1
split_gain=21603.6 2078.38 1739.32 1273.22 877.229 742.333 615.451 324.84 255.737 236.714 209.798 139.456 208.231 133.059 122.388 222.623 119.786 119.126 108.638 102.429 90.6468 119.654 88.3712 79.4819 76.9298 72.9022 69.8125 67.0546 65.8133 65.7724 62.8817 57.3082 53.3002 51.419
threshold=18.500000000000004 0.76277056277056288 0.61410415803287755 0.75088652482269513 0.61651583710407254 1.0000000180025095e-35 0.9201769911504426 0.82097069597069605 0.47222222222222227 0.47222222222222227 0.47222222222222227 1.0000000180025095e-35 0.45478595478595479 0.7235442329227324 0.77291825821237603 0.47222222222222227 0.45534290271132383 0.31666666666666671 0.51925925925925942 0.68801229508196726 0.41428571428571431 0.8175416133162613 0.66312056737588665 0.44912747707778772 0.85857142857142865 0.82232606438213918 0.97044263249854412 0.90582164167069845 0.75134408602150549 0.9025932953826693 0.25198412698412703 0.50920383963862237 0.92718275008837059 0.33137254901960794
decision_type=2 2 2 2 2 2 2 2 2 2 2 2 2 2 2 2 2 2 2 2 2 2 2 2 2 2 2 2 2 2 2 2 2 2
left_child=1 6 5 7 9 17 14 -2 11 27 13 12 -9 19 32 22 -17 -3 25 33 21 26 -16 -19 -14 -8 29 -5 -21 -6 -27 -10 -1 -4
right_child=3 2 10 4 20 -7 18 8 31 -11 -12 -13 24 -15 15 16 -18 23 -20 28 -22 -23 -24 -25 -26 30 -28 -29 -30 -31 -32 -33 -34 -35
leaf_value=-0.069654583247573759 -0.048879650502138897 -0.066990630110953756 -0.056588744630349568 -0.048243048596057304 -0.0038287350870382679 0.011883919981065895 -0.044972528132685055 -0.064186257764168572 0.014854831506423465 0.034927073055569073 0.092145718715538408 0.029630403059524128 -0.038725869533197017 0.066754930136393734 -0.060845083546995922 -0.0054472895814090564 0.13265593672662548 -0.050121082703893087 0.05196311822646206 -0.026868159277537326 0.079120628800766646 0.073329394358339572 0.074509980973263251 0.048387448705114453 0.033355425431123506 0.0790751167240792 0.070721272551941813 0.020810336334344221 0.027242499843681153 0.050639649964442368 -0.01732988441390106 0.079796513109663 0.13452274445924375 0.14030519295645422
leaf_weight=12799.584497572854 351.8289321642369 1960.9124137954786 7.7575739547610274 311.81725498754531 228.79911142960191 962.43671474792063 171.68044900428504 251.45042414683849 80.088602906093001 676.70026892796159 498.2269150018692 781.94672333449125 94.264362492598593 369.00422188639641 1225.513816700317 133.58347803726792 39.986976254731417 86.514729702845216 196.60427830461413 217.75111932493746 8794.9112342819571 1740.7216700054705 24.099917623214424 74.864008387550712 314.97365618497133 57.707893806509674 215.77177104353905 88.45175626128912 222.86753229890019 206.82997599244118 77.914081047289073 394.85401288792491 6.2679102271795264 40.063235395587981
leaf_count=1254245 17304 176414 288 14721 1597 9019 11161 18745 472 4472 4313 3691 1246 2661 97996 3502 302 5028 1948 4557 83486 15004 185 2058 2647 836 1578 984 1553 1391 1691 3266 102 955
internal_value=-0.00325469 -0.0520455 -0.0100652 0.0611131 0.0700257 -0.0391085 -0.064698 0.0129486 0.0242926 0.00968724 0.0560205 0.00962499 -0.0140521 0.0350295 -0.0673904 -0.0479165 0.0263688 -0.062233 0.0113281 0.0110617 0.0758344 0.0637524 -0.0582346 -0.00442272 0.0167521 -0.0146692 0.03816 -0.0329836 0.000501334 0.022032 0.023691 0.0688455 -0.0695546 0.108365
internal_weight=33706.8 19173.3 4440.4 14533.4 12264 3084.73 14732.9 2269.41 1917.58 1076.97 1355.67 1442.64 660.688 857.444 14229 1423.18 173.57 2122.29 503.907 488.439 11187 2392.12 1249.61 161.379 409.238 307.302 651.401 400.269 440.619 435.629 135.622 474.943 12805.9 47.8208
internal_count=1749418 1578814 206846 170604 123233 192519 1371968 47371 30067 20177 14327 26329 22638 10014 1356332 101985 3804 183500 15636 7353 103056 19570 98181 7086 3893 13688 4566 15705 6110 2988 2527 3738 1254347 1243
is_linear=0
shrinkage=0.07


Tree=29
num_leaves=35
num_cat=0
split_feature=5 0 3 9 9 4 5 9 2 2 5 9 6 0 1 5 1 3 5 9 0 3 3 7 1 3 3 2 3 3 5 2 1 5
split_gain=18330.2 3700.86 3129.94 599.444 496.529 401.157 566.408 291.575 361.488 218.097 133.148 119.634 114.064 109.735 106.78 93.3662 87.6957 86.4443 489.427 542.771 140.232 70.8725 65.0086 61.3088 48.774 48.3965 41.909 49.4759 36.8147 34.412 37.2039 33.2389 25.8283 25.0584
threshold=0.79502625888168077 0.91476997578692509 0.5300120048019209 0.31666666666666671 0.47222222222222227 1.0000000180025095e-35 0.48295234405269277 0.47222222222222227 0.76028169014084523 0.83910792512943055 0.97044263249854412 0.19090909090909094 0.86377084454007547 0.88493064312736458 0.27639257294429714 0.50920383963862237 0.76028169014084523 0.69028213166144214 0.62815215087942378 0.31666666666666671 0.68801229508196726 0.28869047619047622 0.45534290271132383 0.64126286093594431 0.4971910112359551 0.85053191489361712 0.80901722391084108 0.76417112299465251 0.20344827586206896 0.88273491214667699 1.0000000180025095e-35 0.56070175438596503 0.70659971305595415 0.97489495798319337
decision_type=2 2 2 2 2 2 2 2 2 2 2 2 2 2 2 2 2 2 2 2 2 2 2 2 2 2 2 2 2 2 2 2 2 2
left_child=1 9 4 5 12 6 -3 8 10 17 13 29 -2 25 28 32 -8 -1 -19 -20 -21 -14 -16 -18 -17 -4 27 -7 -6 30 -11 -28 -5 -23
right_child=2 3 7 15 14 26 16 -9 -10 11 -12 -13 21 -15 22 24 23 18 19 20 -22 33 -24 -25 -26 -27 31 -29 -30 -31 -32 -33 -34 -35
leaf_value=-0.069308067807365509 -0.061650998967466765 -0.066795615093832944 -0.017581690453067358 -0.054983200504086636 0.10608646472404382 0.075180975761449831 -0.030538791551801454 0.078112006253115832 0.070985150276704101 0.1550980625422978 0.062598663255540574 0.075486209394242956 0.10004986415663554 0.047238134947576442 -0.03041147866856345 -0.044009615226816762 0.016386582080425257 -0.066113015674623785 -0.039852940573097226 0.28412436535178875 0.10420624762502424 -0.038687937285359859 0.036975958297506745 0.06884408492911849 0.074740192462137423 0.04207647938747458 -0.063525044862861382 -0.095363437676983756 0.038643299212354577 -0.049873235323210911 -0.013126550826001239 0.023398307242366974 0.024728505423674187 0.020396700470964136
leaf_weight=11931.822233071551 1013.9356827447191 876.34812359604985 506.7655310658738 23.146246876567602 44.886989450082183 11.472982324659823 142.85246875323355 8711.8349665626884 1952.6063461732119 8.6385880447924119 277.21964697912335 73.227281410247087 28.008014123886824 231.29798782616854 213.72518116049469 17.368131935596466 388.32230272330344 1816.5570105435327 150.23843767214566 36.586070766672492 50.565314912237227 113.65743521787226 104.41820284165442 151.86394823342562 700.64214199408889 76.716781228780746 21.862418152391911 30.476476259529591 340.50776631571352 123.92179593164474 25.331167973577976 1538.3251510038972 142.81394850276411 50.934395220130682
leaf_count=1238800 85458 80542 8734 684 312 75 2608 86877 17217 88 1978 770 482 1391 2594 106 4078 175866 7620 457 515 3955 961 1038 6103 518 209 150 3067 6075 1264 7173 1184 469
internal_value=-0.00321898 -0.0491007 0.0580922 0.00997202 -0.0250172 -0.00427608 -0.0295504 0.071595 0.0529474 -0.0659102 0.020694 0.00153422 -0.0522705 0.00643641 0.0217209 0.0609304 0.0182357 -0.0670248 -0.0537605 0.0407632 0.179736 -0.00288723 -0.00829417 0.0311341 0.0718677 -0.00973778 0.0203239 -0.0487203 0.0464984 -0.0327634 0.0296534 0.0221803 0.0136112 -0.0204037
internal_weight=31928.9 18262.4 13666.5 4045.49 1910.07 3161.52 1559.39 11756.4 3044.61 14216.9 1092 231.119 1206.54 814.78 703.538 883.97 683.039 13985.8 2053.95 237.39 87.1514 192.6 318.143 540.186 718.01 583.482 1602.14 41.9495 385.395 157.892 33.9698 1560.19 165.96 164.592
internal_count=1749418 1535405 214013 103950 97298 95873 88266 116715 29838 1431455 12621 8197 90364 10643 6934 8077 7724 1423258 184458 8592 972 4906 3555 5116 6209 9252 7607 225 3379 7427 1352 7382 1868 4424
is_linear=0
shrinkage=0.07


Tree=30
num_leaves=35
num_cat=0
split_feature=5 1 3 5 4 9 3 9 2 9 9 9 5 6 1 5 4 3 3 5 1 7 3 3 5 9 3 7 2 7 5 7 2 6
split_gain=16806.3 3429 2890.72 657.108 664.834 454.802 309.341 300.086 348.596 265.809 161.987 151.38 119.504 110.791 92.5773 89.0276 84.1984 73.2672 67.3719 64.7087 58.9807 57.5042 56.4174 53.2981 49.6426 313.976 129.656 48.5021 46.5579 44.1898 37.9857 37.6421 35.4351 34.7638
threshold=0.79502625888168077 0.76028169014084523 0.5300120048019209 0.52957074721780617 1.0000000180025095e-35 0.47222222222222227 0.87226107226107241 0.47222222222222227 0.76028169014084523 0.47222222222222227 0.23611111111111113 0.31666666666666671 0.97489495798319337 0.84389334862385335 0.27639257294429714 0.5265987549518959 1.0000000180025095e-35 0.84889995848899968 0.28869047619047622 0.61410415803287755 0.75716625716625729 0.64126286093594431 0.45534290271132383 0.96225071225071235 0.7235442329227324 0.47222222222222227 0.60943257184966848 0.47092630155510479 0.53093112244897966 0.34222380275011849 0.43503836317135552 0.53866082104424085 0.63702239789196324 0.77677926662922259
decision_type=2 2 2 2 2 2 2 2 2 2 2 2 2 2 2 2 2 2 2 2 2 2 2 2 2 2 2 2 2 2 2 2 2 2
left_child=1 6 5 4 10 13 24 8 12 16 27 21 17 -2 -7 -11 19 20 -15 -8 -4 29 -16 -17 -1 28 33 -3 -26 -5 -12 -28 -21 -27
right_child=2 3 7 11 -6 14 9 -9 -10 15 30 -13 -14 18 22 23 -18 -19 -20 32 -22 -23 -24 -25 25 26 31 -29 -30 -31 -32 -33 -34 -35
leaf_value=-0.069118918702717871 -0.062217743386151617 -0.067100544748167928 -0.014543900011059582 0.11576469415185749 0.019406179138381295 0.043351578111385812 -0.067586359146295155 0.077284624983136277 0.069584326245950748 -0.033865955626816442 -0.01567281077719436 0.077394152113572201 0.061386847882500969 0.082680073462014822 -0.028532159810390034 0.16177306830743501 0.0079945964826381843 0.036654245220098323 -0.023726793827843606 -0.052030583308092071 0.071102037534051823 0.060990874985219767 0.034252542648920442 0.05838941066134732 -0.068881984971410071 -0.0067811151575345894 0.28040786892517916 0.0072834458548793673 -0.00036194059044665088 0.0060956071014247023 0.059743631864742214 0.12132504787401385 0.017492921391992787 0.24444960965544557
leaf_weight=11451.288139033131 915.73668060079217 856.18378602899611 512.35011296719313 18.963721359148622 1583.4177840203047 384.5148811172694 410.94700376316905 8206.7343258094043 1855.9497350621969 33.736335035413504 69.497608842328191 628.3063425924629 255.04988203383982 34.253147419542074 211.92361125722528 38.95086282864213 136.37054575514048 267.23860642965883 195.95372850354761 64.449980066157877 42.681854300200939 167.5322006046772 104.81501980125904 65.563984423875809 1029.3734100302681 70.130685061216354 9.7627006871625763 45.222164779901505 50.998199246823788 355.43789897765964 61.849045057781041 28.755202585831285 81.157173786312342 2.8068569134920827
leaf_count=1267993 83332 82381 8788 123 7950 3379 39161 86877 17217 1232 1470 5980 1871 689 2594 303 1634 1642 6343 970 320 1217 961 447 111677 3355 99 2147 2023 3339 606 219 1030 49
internal_value=-0.00318512 -0.0484452 0.056968 0.0104109 -0.00909233 -0.0241336 -0.0649844 0.070416 0.0511989 -0.0236183 -0.0527863 0.0540121 0.0195256 -0.0513048 0.0202678 0.0650044 -0.0413001 0.00654119 -0.00789421 -0.0533786 -0.00795774 0.0269034 -0.00775547 0.0969187 -0.0677038 -0.0541076 0.0577525 -0.0633688 -0.0656475 0.0116504 0.0198396 0.161646 -0.0132802 0.002887
internal_weight=30247.9 17260.7 12987.2 3786.41 2616.17 1847.2 13474.3 11140 2933.27 831.176 1032.75 1170.24 1077.32 1145.94 701.254 138.251 692.925 822.271 230.207 556.554 555.032 541.934 316.739 104.515 12643.1 1191.83 111.455 901.406 1080.37 374.402 131.347 38.5179 145.607 72.9375
internal_count=1749418 1535405 214013 105213 94554 97298 1430192 116715 29838 44777 86604 10659 12621 90364 6934 1982 42795 10750 7032 41161 9108 4679 3555 750 1385415 117422 3722 84528 113700 3462 2076 318 2000 3404
is_linear=0
shrinkage=0.07


Tree=31
num_leaves=35
num_cat=0
split_feature=12 2 5 12 4 5 9 2 2 6 9 2 5 5 9 6 5 5 1 9 5 5 4 5 1 9 5 1 6 7 2 1 9 2
split_gain=16700.7 1765.88 1543.28 1130.24 678.563 549.424 385.252 254.789 230.921 214.495 209.317 193.865 120.278 119.168 164.769 110.984 107.306 87.3925 97.3234 87.2157 78.9357 69.7948 69.3834 123.553 67.8634 59.7152 59.3457 51.5893 47.9344 46.1816 42.0005 36.4887 35.7058 41.0531
threshold=18.500000000000004 0.56966490299823647 0.61410415803287755 26.500000000000004 1.0000000180025095e-35 0.9201769911504426 0.47222222222222227 0.41728855721393038 0.45199692780337947 0.73357314148681074 0.47222222222222227 0.48313755210306936 0.62532051282051293 0.76975051975051978 0.47222222222222227 0.68913240972064516 0.48295234405269277 0.74585432890517656 0.78319623971797891 0.31666666666666671 0.54912120288529931 0.84389334862385323 1.0000000180025095e-35 0.45478595478595479 0.45534290271132383 0.31666666666666671 0.77931627196333086 0.51899951899951913 0.96799795186891979 0.43341543513957315 0.87007672634271105 0.58380149812734083 0.47222222222222227 0.87570224719101131
decision_type=2 2 2 2 2 2 2 2 2 2 2 2 2 2 2 2 2 2 2 2 2 2 2 2 2 2 2 2 2 2 2 2 2 2
left_child=1 5 4 6 16 13 8 21 -2 22 15 26 -9 -1 27 29 -3 18 30 28 -13 -5 23 -10 -16 -18 -8 -15 -7 -4 -12 -11 33 -14
right_child=3 2 10 7 -6 19 11 12 9 31 17 20 32 14 24 -17 25 -19 -20 -21 -22 -23 -24 -25 -26 -27 -28 -29 -30 -31 -32 -33 -34 -35
leaf_value=-0.069432173661335181 -0.048815857769315435 -0.068107273669211807 0.060945859890703682 -0.036642653334161474 0.0094527997931877442 -0.023874847813072229 -0.042957709784942934 0.035162061267961342 -0.066024807110976816 0.006938345291302165 0.31751539094825482 0.0017043692361024233 0.04462613918021089 -0.059784708588196823 -0.0030464632839411424 0.059904545797635135 -0.036531827430592308 0.081645687896490932 0.091205050646637587 0.044154417374844629 0.076380703908321371 0.035222262535823563 0.016480201916621421 0.0020700133332286486 0.11376931866830703 0.048188998397013315 0.024677359642063131 0.018528001112494009 0.10267951097078623 -0.0022907789934278233 0.097816887298946928 0.063864112963810185 0.076955351404064218 0.071507293000571778
leaf_weight=10219.915632612072 350.63811700977385 1741.2223901366815 67.747418859042227 75.427305588498712 968.12259726133198 250.07800433039665 86.120431858114898 393.63627060502768 182.317447649315 64.654275605455041 21.104602175764743 75.897389870136976 364.61180625297129 1053.7740656966344 144.0393226929009 400.1943475631997 189.83205324970186 368.47327898442745 31.654384922236204 206.99038655962795 805.13619490060955 542.43989852350205 558.20743763446808 459.94092637021095 29.330612188205123 51.914941241964698 242.75207994319499 42.896260692737997 15.57883865945041 343.55197339132428 5.343311980366706 376.29101053997874 6759.6399291809648 1177.1563010588288
leaf_count=1221007 20270 195452 895 3663 10250 12780 4512 5356 16856 506 274 633 3143 100793 3618 3416 13796 3769 274 2708 8312 4570 2692 5520 240 1436 1940 871 122 7079 34 3400 77313 11918
internal_value=-0.00314915 -0.0501797 -0.011067 0.0575487 -0.0385863 -0.0638765 0.0216725 0.0698836 0.00274961 0.013765 0.0545288 0.0528282 0.0729701 -0.0669191 -0.0466967 0.0336606 -0.0620398 0.0942271 0.174016 0.0100891 0.0699476 0.0264492 -0.00157107 -0.01726 0.0167164 -0.0183381 0.00696605 -0.0567215 -0.0164534 0.00812528 0.273129 0.0555173 0.0747629 0.0651502
internal_weight=28666.6 16151.8 4189.16 12514.9 2951.09 11962.6 3201.96 9312.91 1992.05 1641.41 1238.07 1209.91 8695.04 11490 1270.04 811.494 1982.97 426.576 58.1023 472.647 881.034 617.867 1200.47 642.258 173.37 241.747 328.873 1096.67 265.657 411.299 26.4479 440.945 8301.41 1541.77
internal_count=1749418 1578814 236675 170604 220934 1342139 64641 105963 49244 28974 15741 15397 97730 1326529 105522 11390 210684 4351 582 15610 8945 8233 25068 22376 3858 15232 6452 101664 12902 7974 308 3906 92374 15061
is_linear=0
shrinkage=0.07


Tree=32
num_leaves=35
num_cat=0
split_feature=12 3 5 12 4 5 3 5 3 8 5 5 6 5 3 0 5 2 3 5 8 0 6 5 6 8 2 2 5 6 1 3 0 2
split_gain=15283.6 1754.62 1342.8 1087.14 624.147 475.764 372.349 459.683 268.43 138.59 122.681 112.54 102.499 95.8035 113.433 72.0779 146.451 76.1977 65.3197 62.0306 61.8006 84.814 60.8211 125.924 54.3571 49.4939 48.9198 46.7702 42.7283 40.853 39.5817 39.071 37.2524 49.2741
threshold=18.500000000000004 0.7228132387706856 0.61920122887864837 27.500000000000004 1.0000000180025095e-35 0.9201769911504426 0.63733075435203113 0.70286650286650298 0.48566748566748574 1.0000000180025095e-35 0.49867724867724872 0.62532051282051293 0.71919968460477046 0.78492842777712069 0.56070175438596503 0.68801229508196726 0.76975051975051978 0.85053191489361712 0.51925925925925942 0.86512474012474017 1.0000000180025095e-35 0.88273491214667699 0.23317152103559871 0.48579499596448755 0.82232606438213918 1.0000000180025095e-35 0.23629112662013965 0.25198412698412703 0.96110200479132524 0.42598071444225294 0.84889995848899968 0.26794871794871805 0.63211600429645542 0.5147186147186148
decision_type=2 2 2 2 2 2 2 2 2 2 2 2 2 2 2 2 2 2 2 2 2 2 2 2 2 2 2 2 2 2 2 2 2 2
left_child=1 5 4 6 10 13 19 22 26 12 -3 -10 32 -1 -15 16 17 -11 24 -2 21 28 -8 -24 -7 30 -5 -26 -9 -25 -12 -21 33 -4
right_child=3 2 9 8 -6 18 7 20 11 15 25 -13 -14 14 -16 -17 -18 -19 -20 31 -22 -23 23 29 27 -27 -28 -29 -30 -31 -32 -33 -34 -35
leaf_value=-0.069265463909072886 -0.047225010987408479 -0.067423781361871951 -0.033320477666535626 0.040402194207199156 0.0076382090778881516 -0.041180700984724143 0.016260351801407429 -0.024208528898404375 0.033936955139946941 0.40933406002572154 -0.05809508574731384 0.073843441028557028 0.056274781265715938 -0.05692479844438407 0.0067615034709980117 0.059122062918159426 0.089677709745477882 0.096784481091700833 0.044629787836081972 0.072112085149605126 0.069685446395098036 0.057236028307686551 -0.055117498639284827 0.097563119423216105 0.066859576558332939 0.033935225548023272 -0.011325471309422373 -0.016523911999628906 0.0608824719275727 0.0049271677181077769 0.015368694228027051 -0.011477442293823621 -0.0036276670884741592 0.1353421705764607
leaf_weight=9602.0692947902717 312.98213192354888 1689.4931412721053 13.713736966252325 156.59156867489219 988.28591823205352 150.18023038469255 588.04171694070101 117.73268373031169 362.25502545107156 11.665375520475211 114.49936484079808 7848.0596904791892 322.94873759988695 840.92595493420959 163.71826910600066 452.7971408534795 122.93068416509777 5.6846102550625792 151.61664280015975 29.984630631282926 974.04264435917139 414.43206046521664 234.41426846385002 25.275075905025005 58.874760943464935 73.403319966048002 209.35640532337129 74.887564110569656 38.330860868096352 302.67058327700943 52.37605163641274 317.83767463732511 360.4686243114993 22.271020916290581
leaf_count=1235144 19055 200950 831 1831 10229 11161 3207 1133 4899 387 10336 92351 2657 82361 4185 4796 1098 40 1661 556 10476 3737 18106 240 836 2295 3508 1691 268 3464 1289 7773 6293 574
internal_value=-0.00310825 -0.0494833 -0.0111513 0.0562512 -0.0376001 -0.0641692 0.0224728 0.034019 0.0694682 0.0476526 -0.0607678 0.0720827 0.0269995 -0.0671136 -0.0465464 0.0727049 0.116547 0.306929 0.00753284 -0.0246159 0.0589695 0.0406734 0.000520393 -0.0159384 -0.0122758 -0.0139669 0.0108091 0.0201769 -0.00330928 0.0120667 -0.0350375 -0.00427146 0.00315195 0.0710651
internal_weight=27204.8 15272.8 4230.54 11932 2918.06 11042.3 3355.74 2694.94 8576.26 1312.48 1929.77 8210.31 719.402 10606.7 1004.64 593.078 140.281 17.35 435.559 660.804 1544.54 570.496 1150.4 562.36 283.943 240.279 365.948 133.762 156.064 327.946 166.875 347.822 396.453 35.9848
internal_count=1749418 1578814 241775 170604 225099 1337039 68015 40631 102589 16676 214870 97250 10355 1321690 86546 6321 1525 427 15349 27384 15614 5138 25017 21810 13688 13920 5339 2527 1401 3704 11625 8329 7698 1405
is_linear=0
shrinkage=0.07


Tree=33
num_leaves=35
num_cat=0
split_feature=12 3 12 6 9 4 9 6 2 6 3 3 6 1 6 9 9 9 2 1 6 2 3 8 6 6 1 12 0 3 7 1 6 9
split_gain=13974 1682.97 1050.12 921.43 460.43 357.302 519.32 354.701 286.106 261.185 255.264 198.678 106.946 78.39 76.9301 105.543 75.1852 67.4679 67.0801 45.8244 44.6136 43.81 42.513 88.4375 43.0866 38.5491 37.0959 36.8529 47.6001 41.587 35.4488 35.1044 34.8347 33.672
threshold=18.500000000000004 0.7228132387706856 30.500000000000004 0.62973194188663817 0.47222222222222227 1.0000000180025095e-35 0.31666666666666671 0.84389334862385335 0.5147186147186148 0.69783049789292961 0.61651583710407254 0.48331479421579537 0.47083130772970344 0.85857142857142865 0.72771403353927633 0.47222222222222227 0.47222222222222227 0.58571428571428574 0.76028169014084523 0.61633428300094983 0.9788721916381492 0.21680376028202117 0.57359307359307365 1.5000000000000002 0.47469820753566644 0.60727513227513241 0.76417112299465251 12.500000000000002 0.95293466223698797 0.81120250685468098 0.61826965305226189 0.18321678321678322 0.63427747180697625 0.47222222222222227
decision_type=2 2 2 2 2 2 2 2 2 2 2 2 2 2 2 2 2 2 2 2 2 2 2 2 2 2 2 2 2 2 2 2 2 2
left_child=1 7 4 5 8 6 12 14 20 13 21 32 -3 -10 22 19 18 -8 -5 -16 -2 -6 -1 24 -24 -12 -11 -7 -29 -30 -9 -32 -4 -13
right_child=2 3 11 16 10 27 17 30 9 26 25 33 -14 -15 15 -17 -18 -19 -20 -21 -22 -23 23 -25 -26 -27 -28 28 29 -31 31 -33 -34 -35
leaf_value=-0.06887292817404457 -0.046702484400120488 -0.065515065179480927 -0.059954597219900888 0.014803190834432904 0.046330284453898661 -0.0072433061183521143 0.013982951832463848 0.064372142381660391 -0.033419276349418998 0.029023184962517712 0.045401129469691368 0.062931730365475169 -0.024645008185816272 0.0093863541203524931 -0.056115227675316313 0.038712867901203776 0.080963817292314416 0.080159944430556129 0.063615230672582596 0.093234397267679361 0.093859352060802828 -0.010200073091328046 -0.066202113148073907 0.081765270902681264 -0.034402353144186208 0.075222929823227133 0.066161127728835367 -0.024139981323718224 -0.089312444623132259 0.033922924590149978 0.080807375367392284 -0.0080196409823345433 0.021865192254695208 0.075572997401696693
leaf_weight=8567.1243742140941 438.96581321116537 1528.9652058011852 28.295935069210827 290.90728981606662 88.31466156616807 465.95471897441894 198.77488252846524 57.411186792887747 260.13064591865987 185.47727442905307 266.11439142748713 1259.8907192200422 394.71621156763285 1079.8298325547948 407.60090777929872 73.159528259653598 311.08640074916184 121.70946876052767 262.38120367843658 10.321565012447534 11.350525721907614 280.62972202058882 716.69309623120353 23.037663196679205 294.60175685631111 1052.1450982056558 455.31820104271173 98.184370933100581 13.868653453886507 412.80382877588272 24.681354072876275 186.77619745768607 257.77881427109241 5720.2625706028193
leaf_count=1166140 23268 192808 1945 3605 1392 6022 7737 734 6317 1350 2498 13866 18277 21407 42382 1164 3589 3311 2219 84 64 5319 93876 1320 26220 12837 4926 2391 67 1749 445 4674 1872 73543
internal_value=-0.00306786 -0.0487377 0.0549427 -0.010772 0.0267031 -0.0279268 -0.0433847 -0.0637584 0.00720437 0.0186544 0.0547987 0.070948 -0.057129 0.00107637 -0.0658723 -0.0388491 0.0534311 0.0391148 0.0379509 -0.0524267 -0.0431595 0.00333167 -0.0672545 -0.0538491 -0.0569385 0.0692029 0.0554116 0.00708475 0.0198048 0.0299173 0.0155921 0.00234826 0.0137723 0.0732913
internal_weight=25845.3 14460.8 11384.5 4099.35 4118.28 3234.98 2244.17 10361.4 2431.07 1980.76 1687.2 7266.23 1923.68 1339.96 10092.5 491.082 864.375 320.484 553.288 417.922 450.316 368.944 9601.46 1034.33 1011.29 1318.26 640.795 990.812 524.857 426.672 268.869 211.458 286.075 6980.15
internal_count=1749418 1578814 170604 241775 79378 232362 222133 1337039 57332 34000 22046 91226 211085 27724 1331186 43630 9413 11048 5824 42466 23332 6711 1287556 121416 120096 15335 6276 10229 4207 1816 5853 5119 3817 87409
is_linear=0
shrinkage=0.07


Tree=34
num_leaves=35
num_cat=0
split_feature=12 3 5 12 4 5 9 0 5 3 9 3 9 5 5 4 5 5 5 9 5 1 0 5 1 1 3 5 5 1 9 1 5 8
split_gain=12766.5 1613.82 1103.42 1019.63 563.064 464.211 422.267 251.817 255.217 243.806 216.954 196.832 129.111 120.803 109.524 94.775 91.7664 85.5834 66.6064 57.68 53.2531 52.2182 100.978 42.7327 41.2827 39.7694 39.462 39.3183 38.8606 44.8844 37.6844 37.6549 36.0379 34.1694
threshold=18.500000000000004 0.7228132387706856 0.61920122887864837 30.500000000000004 1.0000000180025095e-35 0.84877072612921667 0.47222222222222227 0.88493064312736458 0.71248622264210371 0.61651583710407254 0.47222222222222227 0.48331479421579537 0.31666666666666671 0.48295234405269277 0.96110200479132524 1.0000000180025095e-35 0.45478595478595479 0.55585264408793833 0.73186673043201023 0.31666666666666671 0.96110200479132524 0.76028169014084523 0.69282051282051282 0.65229016507788906 0.79205974842767291 0.69614069369809484 0.49306742640075979 0.48295234405269277 0.84877072612921667 0.44300144300144306 0.47222222222222227 0.66312056737588665 0.6971087016958577 2.5000000000000004
decision_type=2 2 2 2 2 2 2 2 2 2 2 2 2 2 2 2 2 2 2 2 2 2 2 2 2 2 2 2 2 2 2 2 2 2
left_child=1 5 4 6 13 25 7 14 15 23 18 32 20 33 28 16 -9 -11 -4 24 31 22 -20 -8 -15 -1 -14 -27 -2 -30 -13 -7 -5 -3
right_child=3 2 10 11 -6 12 9 8 -10 17 -12 30 26 19 -16 -17 -18 -19 21 -21 -22 -23 -24 -25 -26 27 -28 -29 29 -31 -32 -33 -34 -35
leaf_value=-0.068262325642266156 -0.060222409885009542 -0.067565096155435572 -0.010277491350979384 -0.070903420198200479 0.006593716138623331 -0.046508640424489101 -0.061776286769149202 -0.064159509842216605 0.056940799159016418 0.003367789429009668 0.085889936689213811 0.061286858053032925 0.00058323369985316181 -0.061241431758860349 0.031297607322139848 0.017329867364394059 0.0020993221757637029 0.073053440915386278 0.066271734087932993 0.041247330453369611 0.01454756482044102 0.059839158333750177 -0.007844920592902465 0.011853809276915707 0.0054826116106374487 -0.053742765231364585 0.052024122275885952 0.099546835503258074 -0.048447130067288458 0.0081051418023215527 0.074982997456400358 0.11659465791082226 0.020341337455740866 0.54115019932046859
leaf_weight=8867.7727125324309 284.31651817820966 1468.7600323115475 212.06621854146942 23.09005131945014 989.36916126124561 431.9069216568023 43.835769166238606 174.08364073559642 622.84038187563419 93.307405922561884 406.00311446283013 1205.1249202601612 160.10342239122838 114.70143849449232 121.37984402570873 655.35574940592051 248.80672473832965 1159.3739470876753 141.04742948897183 65.777437486685812 92.517871476709843 251.58457368426025 249.22786681726575 324.79194925911725 75.240524427033961 20.567086703609675 134.42751285899431 13.634455527178941 155.53753753378987 123.27153557632118 5374.0173659697175 7.0489247478544703 260.48942289687693 0.45200017280876537
leaf_count=1290160 18072 198349 5956 1872 10229 35608 3620 17360 6341 759 4634 13866 4014 12357 1246 3153 2428 14576 1643 1672 3151 2109 2334 3091 2473 2391 1327 345 7766 966 73543 43 1945 19
internal_value=-0.00301955 -0.047959 -0.010374 0.053631 -0.0355036 -0.0633138 0.025573 0.00683936 0.0212661 0.0531376 0.0437635 0.070013 -0.0131147 -0.0596494 -0.029013 0.000658878 -0.0251763 0.0678628 0.0237344 -0.0152465 -0.0337169 0.0349716 0.0189412 0.00309801 -0.0348105 -0.0679718 0.0240615 0.00736618 -0.0420127 -0.0234433 0.0724742 -0.0438895 0.0129119 -0.0673778
internal_weight=24571.8 13702.2 3974.23 10869.6 2714.3 9727.98 4006.9 2385.59 1701.09 1621.31 1259.93 6862.72 826.005 1724.93 684.505 1078.25 422.89 1252.68 853.926 255.719 531.474 641.86 390.275 368.628 189.942 8901.97 294.531 34.2015 563.126 278.809 6579.14 438.956 283.579 1469.21
internal_count=1749418 1578814 241775 170604 225099 1337039 79378 57332 29282 22046 16676 91226 44143 214870 28050 22941 19788 15335 12042 16502 38802 6086 3977 6711 14830 1292896 5341 2736 26804 8732 87409 35651 3817 198368
is_linear=0
shrinkage=0.07


Tree=35
num_leaves=35
num_cat=0
split_feature=12 3 5 12 4 5 9 2 3 5 9 3 5 9 5 4 5 2 1 0 1 5 0 9 5 7 1 9 5 1 2 5 5 3
split_gain=11672.6 1543.86 988.533 980.689 533.251 459.762 386.828 235.506 232.596 219.079 208.019 194.834 119.554 114.918 83.5283 82.6327 98.636 65.67 64.4391 55.1986 66.4119 53.2776 51.9858 51.6956 48.9577 45.3351 45.0404 41.8707 38.8996 38.1572 36.3834 34.3151 34.314 34.1471
threshold=18.500000000000004 0.7228132387706856 0.61920122887864837 30.500000000000004 1.0000000180025095e-35 0.84877072612921667 0.47222222222222227 0.5147186147186148 0.61651583710407254 0.76975051975051978 0.47222222222222227 0.48331479421579537 0.48295234405269277 0.31666666666666671 0.5265987549518959 1.0000000180025095e-35 0.45478595478595479 0.76028169014084523 0.83910792512943055 0.66244725738396626 0.30267794221282596 0.9788353863381859 0.89725545390570038 0.61250000000000016 0.96110200479132524 0.68244631185807669 0.77836257309941537 0.47222222222222227 0.65229016507788906 0.69614069369809484 0.22378716744913932 0.97489495798319337 0.48295234405269277 0.49306742640075979
decision_type=2 2 2 2 2 2 2 2 2 2 2 2 2 2 2 2 2 2 2 2 2 2 2 2 2 2 2 2 2 2 2 2 2 2
left_child=1 5 4 6 12 29 7 21 28 15 17 -5 -3 24 -10 16 -9 19 31 20 -4 -2 -21 26 -7 -19 -14 -13 -8 -1 -30 -11 -31 -15
right_child=3 2 10 11 -6 13 8 9 14 18 -12 27 23 33 -16 -17 -18 25 -20 22 -22 -23 -24 -25 -26 -27 -28 -29 30 32 -32 -33 -34 -35
leaf_value=-0.068067388025846942 -0.049936814561456197 -0.067120596755221862 -0.076377351587873246 0.012097582474571966 0.006118467739469999 -0.042625046795733722 -0.061116754761071992 -0.064248385600096866 -0.0018211864793932907 0.012104222810097509 0.084375543149423263 0.059638521441871949 -0.052848236910407978 0.00054223881142103031 0.071681855855668358 0.015265620957495687 -0.00051793038014724257 0.025255261051018801 0.066375456897333346 -0.03628472024592249 0.077265788423718437 0.02803849777607895 0.016812384436561922 0.078972772292562415 0.013399354702536354 0.075020096377601667 0.010398572005975028 0.074420161294986506 0.049331321618283977 -0.052598116818694168 -0.00329150036264248 0.069569852272690025 0.09160414565529866 0.048393367565239341
leaf_weight=8291.1117800930515 371.50264494679868 1375.0285557513125 16.606907930225134 281.20891758799553 991.50181493815035 421.02126052509993 41.29785031825304 178.46807586215436 81.319904586300254 247.87121684383601 385.1102892505005 1153.6065996186808 126.91583268670365 160.15128859132528 1107.2948965467513 658.91718899458647 357.1048243092373 242.74511250294745 399.05710135400295 170.26311686914414 81.134593852329999 48.547337170690298 192.5104161594063 25.964893043041229 93.381871417164803 142.2699627475813 97.600965291261673 5047.2553068138659 88.389749381691217 19.579250719863921 237.00881862640381 64.080667749047279 13.774294695816932 134.39832655154169
leaf_count=1290160 22887 198368 519 3817 10229 35651 3620 19037 665 1814 4634 13866 13019 4014 14670 3290 4514 2072 4750 4942 1659 445 1513 566 3151 1337 2917 73543 764 2391 2327 595 345 1327
internal_value=-0.00297612 -0.0472024 -0.0100091 0.0524237 -0.03434 -0.0628709 0.0245936 0.0065202 0.0516174 0.016979 0.0417317 0.0690858 -0.0590181 -0.0124902 0.0666531 -0.00133317 -0.0217547 0.0223089 0.0477434 0.0044714 0.0511608 -0.0409248 -0.00810806 -0.0145394 -0.0324547 0.0436443 -0.0253539 0.0716702 0.00288052 -0.0677668 0.0110027 0.0239087 0.00695431 0.022376
internal_weight=23344 12981.1 3847.65 10362.9 2617.01 9133.42 3880.86 2325.55 1555.31 1905.5 1230.64 6482.07 1625.51 808.953 1188.61 1194.49 535.573 845.53 711.009 460.515 97.7415 420.05 362.774 250.482 514.403 385.015 224.517 6200.86 366.696 8324.47 325.399 311.952 33.3535 294.55
internal_count=1749418 1578814 241775 170604 225099 1337039 79378 57332 22046 34000 16676 91226 214870 44143 15335 26841 23551 12042 7159 8633 2178 23332 6455 16502 38802 3409 15936 87409 6711 1292896 3091 2409 2736 5341
is_linear=0
shrinkage=0.07


Tree=36
num_leaves=35
num_cat=0
split_feature=12 2 5 12 4 5 6 2 9 0 2 9 5 9 1 6 5 9 9 9 5 5 2 5 0 6 5 0 9 0 0 5 0 9
split_gain=10662.9 1460.3 956.476 943.144 524.226 497.987 366.303 268.553 178.378 173.919 155.947 158.953 108.099 96.9681 80.6712 80.2708 75.0074 146.024 73.3793 66.3446 66.2762 64.9563 55.1524 53.8264 172.681 66.9134 52.5366 50.9988 44.2207 40.9038 37.626 37.5811 37.2686 37.2473
threshold=18.500000000000004 0.56966490299823647 0.61410415803287755 30.500000000000004 1.0000000180025095e-35 0.87112743532417769 0.74347628772407548 0.51899951899951913 0.47222222222222227 0.40967365967365971 0.5147186147186148 0.31666666666666671 0.44912747707778772 0.61250000000000016 0.83910792512943055 0.7013956193060672 0.76230831315577086 0.47222222222222227 0.81666666666666676 0.31666666666666671 0.51075393154486604 0.66009708737864081 0.40967365967365971 0.74585432890517656 0.81557067271353001 0.53579972658920039 0.6971087016958577 0.79118217054263573 0.47222222222222227 0.6066017316017317 0.91476997578692509 0.9455533596837945 1.0000000180025095e-35 0.61250000000000016
decision_type=2 2 2 2 2 2 2 2 2 2 2 2 2 2 2 2 2 2 2 2 2 2 2 2 2 2 2 2 2 2 2 2 2 2
left_child=1 5 4 6 12 16 10 18 15 26 33 14 -3 27 31 29 -1 -18 -8 30 -13 -16 -19 24 25 -10 -5 32 -11 -4 -14 -12 -7 -2
right_child=3 2 8 9 -6 13 7 -9 23 28 11 20 19 -15 21 -17 17 22 -20 -21 -22 -23 -24 -25 -26 -27 -28 -29 -30 -31 -32 -33 -34 -35
leaf_value=-0.068952797739128963 -0.052035016801948684 -0.068492570763977328 0.086491210340001817 -0.066487562450247381 0.0070229944471148359 0.17997363913458261 -0.017824683845668765 0.066438624636307564 0.58196605042705107 0.058539865094195759 -0.044832770763001677 -0.0082405220170426677 -0.063681578954497525 0.04439802920721031 0.0017786930842604266 0.052603382474321829 -0.057597572211089923 -0.0016912669438077252 0.038256638564375035 0.040942522468994991 0.060536563077115441 0.05310872912688662 0.11143900699800131 0.076136147124335515 0.067347646828503901 0.25833265993768956 0.030969493808172571 0.071537252252802025 0.074263955682034991 0.00088939526606918477 -0.0050620086028968095 0.068359396115711513 -0.025568057876897348 -0.0043981534960405135
leaf_weight=7246.3289472651668 252.85054537560791 1186.6893421709538 29.390481792856008 29.190926776267588 973.45658624637872 4.3584220041520885 290.8364987699315 1169.556421850808 4.1437143580988076 1080.6369675081223 214.04319842997938 83.728453882038593 127.58840185869485 150.38608579337597 911.30269875843078 336.88833426125348 711.54700653860345 68.790017900057137 188.36645963788033 66.084956929087639 381.32754714880139 139.26275827735662 30.467913865111768 281.73369015939534 36.734366299584508 12.801388664171098 379.08945988398045 28.950663331896067 4636.4741547517478 394.42236130591482 92.589588574599475 15.407074861228464 525.10716414824128 117.9434719029814
leaf_count=1209142 18409 185443 1134 2045 10250 236 8008 15789 68 13658 5798 781 17723 1318 20484 3159 96473 2877 1366 2428 4255 1212 373 3769 354 160 3116 177 72407 7097 5090 73 31543 3203
internal_value=-0.00292928 -0.0464174 -0.00848942 0.0511931 -0.0328362 -0.061745 0.0236195 0.0483551 0.04585 0.0681397 0.00434458 0.0131045 -0.0591787 -0.00549331 0.000370358 0.0270991 -0.0666936 -0.0465024 0.00421992 -0.0205686 0.048154 0.00858299 0.0330349 0.0883764 0.152619 0.337473 0.0240016 -0.0189295 0.0712918 0.00682569 -0.0390308 -0.0372322 -0.0238761 -0.0368825
internal_weight=22198.5 12308.5 3542.52 9890.02 2446.41 8765.94 3764.63 1648.76 1096.11 6125.39 2115.87 1745.07 1472.95 708.802 1280.02 760.701 8057.13 810.805 479.203 286.263 465.056 1050.57 99.2579 335.413 53.6795 16.9451 408.28 558.416 5717.11 423.813 220.178 229.45 529.466 370.794
internal_count=1749418 1578814 236675 170604 220934 1342139 79378 25163 15741 91226 54215 32603 210684 33274 27567 11390 1308865 99723 9374 25241 5036 21696 3250 4351 582 228 5161 31956 86065 8231 22813 5871 31779 21612
is_linear=0
shrinkage=0.07


Tree=37
num_leaves=35
num_cat=0
split_feature=12 3 12 5 4 5 9 3 9 3 0 5 9 5 5 5 4 5 5 1 2 0 9 3 5 5 9 3 0 2 1 2 12 2
split_gain=9729.84 1419.43 911.141 796.995 498.248 449.031 334.722 214.935 202.464 198.242 193.939 201.19 93.0553 92.8766 88.0127 78.0977 74.7805 81.1536 65.2911 59.8366 58.9286 51.9301 50.7566 47.475 43.1186 42.147 145.775 78.4178 56.3995 55.4935 41.8989 41.3014 40.865 34.4753
threshold=18.500000000000004 0.7228132387706856 30.500000000000004 0.59731240981240996 1.0000000180025095e-35 0.84877072612921667 0.47222222222222227 0.67117117117117131 0.47222222222222227 0.48331479421579537 0.88493064312736458 0.71248622264210371 0.31666666666666671 0.44912747707778772 0.96110200479132524 0.55585264408793833 1.0000000180025095e-35 0.43503836317135552 0.73186673043201023 0.79205974842767291 0.76028169014084523 0.62115563839701782 0.47222222222222227 0.51925925925925942 0.62532051282051293 0.75573053368328968 0.47222222222222227 0.51925925925925942 0.10668563300142248 0.63224516988674229 0.17712418300653601 0.83910792512943055 13.500000000000002 0.27334993773349942
decision_type=2 2 2 2 2 2 2 2 2 2 2 2 2 2 2 2 2 2 2 2 2 2 2 2 2 2 2 2 2 2 2 2 2 2
left_child=1 5 6 4 13 25 10 24 18 33 14 16 23 -3 31 -9 17 -12 -5 -15 21 -20 -11 30 -8 -1 29 28 -28 -27 -7 -2 -21 -4
right_child=2 3 9 8 -6 12 7 15 -10 22 11 -13 -14 19 -16 -17 -18 -19 20 32 -22 -23 -24 -25 -26 26 27 -29 -30 -31 -32 -33 -34 -35
leaf_value=-0.069037577436391342 -0.044220217159563376 -0.068244458001467501 0.03088065310854362 -0.012301764358396319 0.0053399747653687423 0.026227106938479215 -0.064435869052851702 0.0039568312702371097 0.081022557602129217 0.056359252683987386 -0.065070638623979743 0.052829060522325853 0.019759134061750113 -0.048309462248513055 0.027645169195257994 0.071975794675991245 0.015263751686316798 0.00054253352980295009 0.067047351105378239 -0.011414933415819574 0.05605690357387063 -0.00077270013915432237 0.073408022560521577 0.0031881364481400518 0.013328111942586899 -0.062795170786937402 0.48974929817334639 0.17027411614551871 -0.013002963148301806 0.20343778169608512 -0.053015776310750003 0.048989437456159614 0.082585751257680029 -0.018908706671406532
leaf_weight=6612.1276448117569 488.49706429103389 1132.5704484526068 159.33176310081035 242.44806421734393 993.89555633580312 36.63171860575676 38.578862188383937 90.705051627010107 359.79915145132691 1059.3813312733546 144.93478437932208 550.52892003208399 292.60087021999061 168.54319135984406 116.40570766758174 938.75368666276336 646.56730603799224 254.673511269968 68.391461979597807 68.975275243166834 258.33983375318348 289.49827992264181 4449.621281937696 146.16222492605448 370.25308801978827 609.07119245268404 1.1217764429748047 18.828417977783829 43.163076610304415 3.8606369867920867 304.20965588418767 24.460077425464988 33.74954469781369 119.06929690763354
leaf_count=1193747 26484 188074 1993 7686 10229 3267 3436 696 4729 13866 16538 6341 5341 20113 1246 14098 3153 3250 828 3576 2368 2890 73543 3260 3816 96120 66 287 2608 68 32275 320 1282 1824
internal_value=-0.00288246 -0.0455997 0.0499233 -0.00915705 -0.0325835 -0.0619343 0.0226098 0.0489299 0.0369419 0.0672171 0.00560407 0.0185758 -0.0114412 -0.0594328 -0.0273056 0.0659827 0.00055078 -0.0232548 0.0184714 -0.0226431 0.0305787 0.0121875 0.0701295 -0.030187 0.00599002 -0.0673355 -0.0506877 0.0506095 -0.000267782 -0.0611183 -0.0444992 -0.0397756 0.0194684 0.00958625
internal_weight=21135.7 11684 9451.76 3616.21 2397.73 8067.78 3664.36 1438.29 1218.48 5787.4 2226.07 1596.7 779.604 1403.84 629.363 1029.46 1046.18 399.608 858.678 271.268 616.23 357.89 5509 487.004 408.832 7288.17 676.045 63.1133 44.2849 612.932 340.841 512.957 102.725 278.401
internal_count=1749418 1578814 170604 241775 223274 1337039 79378 22046 18501 91226 57332 29282 44143 213045 28050 14794 22941 19788 13772 24971 6086 3718 87409 38802 7252 1292896 99149 2961 2674 96188 35542 26804 4858 3817
is_linear=0
shrinkage=0.07


Tree=38
num_leaves=35
num_cat=0
split_feature=12 3 6 6 3 3 4 9 9 6 0 9 6 9 9 6 9 9 6 2 2 0 2 1 12 12 2 8 3 0 1 2 1 12
split_gain=8884.02 1233.01 1009.8 563.492 536.691 289.527 271.829 378.472 271.365 267.774 124.616 105.369 96.4222 64.9209 62.3238 58.3259 70.2433 53.7392 52.2657 48.871 47.0978 56.6413 44.7086 42.271 38.5857 35.1395 34.8525 33.1854 71.0734 33.083 31.1908 36.4282 90.0459 45.3491
threshold=17.500000000000004 0.6861407249466952 0.71468475658419794 0.64140689089417569 0.69028213166144214 0.56929637526652466 1.0000000180025095e-35 0.31666666666666671 0.31666666666666671 0.84389334862385335 0.95293466223698797 0.47222222222222227 0.47083130772970344 0.58571428571428574 0.47222222222222227 0.72771403353927633 0.31666666666666671 0.47222222222222227 0.86377084454007547 0.76028169014084523 0.41060765718299969 0.27639257294429714 0.77015755329008351 0.92718275008837059 26.500000000000004 9.5000000000000018 0.61257406188281782 1.5000000000000002 0.54692082111436957 0.51668520578420474 0.59317129629629639 0.99253731343283602 0.95419580419580419 16.500000000000004
decision_type=2 2 2 2 2 2 2 2 2 2 2 2 2 2 2 2 2 2 2 2 2 2 2 2 2 2 2 2 2 2 2 2 2 2
left_child=1 9 5 6 11 -2 7 12 10 15 -7 18 -3 -9 23 27 26 19 -4 -5 21 -13 -10 -6 -12 -11 -17 -1 -29 -18 -8 32 -32 -33
right_child=2 3 4 17 14 8 30 13 22 25 24 20 -14 -15 -16 16 29 -19 -20 -21 -22 -23 -24 -25 -26 -27 -28 28 -30 -31 31 33 -34 -35
leaf_value=-0.067531568906213618 -0.046773389312181259 -0.064891237209879035 -0.047493047057636545 0.012578181618979067 0.041118268684878348 -0.044463275278483524 -0.051289102660075928 0.0049080580068380812 0.026676114708366422 0.089666352564767626 0.0036934629947965245 0.039543406774377426 -0.024967252773632018 0.071600169609037395 0.073858544302849979 -0.056070032240503206 0.0077405830807937073 0.073702598557012652 0.0087007830805493572 0.057865033225947035 0.0625607204012949 -0.0088164532724940761 0.063488587815802425 0.066882328292624554 0.03023534276150101 0.0033797582767251242 0.22574030084173766 -0.052070057638067407 0.097402445845575836 0.17439448136554847 0.011558480437884716 -0.027706340338821904 0.13967627529672746 0.026179206046781842
leaf_weight=6473.1762594692409 367.39536003256217 1211.7040285975672 159.67968493420631 282.98848266899586 527.19881955860183 231.15222256723791 47.415406591258943 190.59754219697788 224.81474006548524 26.348320257849991 941.05447503598407 279.44073970941827 392.41459392104298 114.47799364943057 4392.3351082503796 282.46173603460193 70.239910562988371 209.90521061979234 164.81226471532136 198.77984666917473 162.30077468324453 206.27919912384823 575.44310710066929 764.58379480242729 375.46760040335357 189.11418890720233 2.1668799053877583 124.62342367181554 17.816029401496053 6.3657057224772862 534.17298361519352 241.92685320973396 28.305100277066231 111.93649485707283
leaf_count=1213647 38399 211656 9909 3652 5772 10777 2756 9349 3146 621 20408 1908 21301 4085 78092 39674 2230 3218 2456 1933 1872 1428 8043 11288 5301 4649 18 22431 1261 57 6433 1084 116 448
internal_value=-0.00283524 -0.0462426 0.0469868 -0.0125788 0.0616621 0.0110106 -0.0262347 -0.0415329 0.0200524 -0.062927 0.00294013 0.0136094 -0.0551247 0.0299339 0.0698835 -0.0653006 -0.0379107 0.0441429 -0.0189517 0.0312637 0.0299142 0.0190056 0.0531469 0.0563676 0.0112631 0.0139315 -0.0539246 -0.0667961 -0.0333743 0.021589 0.00407093 0.00693549 0.0180056 -0.0106609
internal_weight=20128.9 10756.9 9371.96 3564.62 6656.63 2715.33 2872.95 1909.19 2347.93 7192.31 1547.67 972.513 1604.12 305.076 5684.12 6976.85 361.234 691.674 324.492 481.768 648.021 485.72 800.258 1291.78 1316.52 215.463 284.629 6615.62 142.439 76.6056 963.757 916.341 562.478 353.863
internal_count=1749418 1550619 198799 266031 112725 86074 257228 246391 47675 1284588 36486 17573 232957 13434 95152 1279318 41979 8803 12365 5585 5208 3336 11189 17060 25709 5270 39692 1237339 23692 2287 10837 8081 6549 1532
is_linear=0
shrinkage=0.07


Tree=39
num_leaves=35
num_cat=0
split_feature=12 3 5 5 3 4 5 1 9 5 9 9 9 2 9 9 9 5 2 0 1 3 0 5 0 5 5 3 0 0 5 0 5 9
split_gain=8094.93 1193.32 990.351 759.559 643.882 446.357 295.875 261.139 165.731 149.385 136.595 107.724 101.89 80.2696 76.8181 64.1539 62.487 57.8523 56.9511 63.8038 77.3006 53.9678 63.7113 50.9048 50.4128 47.0747 42.8372 86.8949 81.8353 38.7176 38.3859 37.1591 36.155 55.2824
threshold=17.500000000000004 0.63733075435203113 0.76975051975051978 0.66009708737864081 0.68801229508196726 1.0000000180025095e-35 0.88969991889699929 0.73499399759903972 0.47222222222222227 0.49867724867724872 0.31666666666666671 0.47222222222222227 0.35416666666666669 0.87570224719101131 0.47222222222222227 0.77500000000000013 0.31666666666666671 0.59731240981240996 0.36788399570354463 0.6066017316017317 0.60943257184966848 0.48566748566748574 0.27639257294429714 0.9788353863381859 0.95293466223698797 0.50920383963862237 0.76975051975051978 0.72871572871572887 0.62593283582089565 0.81557067271353001 0.97044263249854412 0.91476997578692509 0.76975051975051978 0.31666666666666671
decision_type=2 2 2 2 2 2 2 2 2 2 2 2 2 2 2 2 2 2 2 2 2 2 2 2 2 2 2 2 2 2 2 2 2 2
left_child=1 6 7 5 11 9 32 15 18 -3 24 23 13 30 31 -2 -8 -17 -5 -20 -21 22 -13 -4 -9 -12 27 28 -10 -29 -6 -11 -1 -34
right_child=2 3 4 8 12 -7 16 10 26 14 25 21 -14 -15 -16 17 -18 -19 19 20 -22 -23 -24 -25 -26 -27 -28 29 -30 -31 -32 -33 33 -35
leaf_value=-0.069280249464693078 -0.058301017670435148 -0.066716746951732797 -0.032667578980377782 -0.047379337729694923 0.017878529690861331 0.0034494082118769658 -0.028789741126053349 -0.050931653880471862 0.78283447138623374 -0.05538333411095922 0.0080753217419171248 0.032692427314028931 0.073319954690396386 0.064571523583957111 0.053646281490441657 -0.050820602438327062 0.026921001483992211 0.045925971158440333 0.071768800515558034 -0.03019158138394851 0.027900962285769167 0.049219645309169918 -0.021957556225709142 0.029541043176307839 0.0092098378783156184 0.067588474612217189 0.065993929709196403 0.18109969505666121 0.17051037057308155 0.054269157333588253 0.058646151437447863 -0.0033982137546966886 -0.060967037314247255 -0.0054655909159255223
leaf_weight=5446.1338071208447 342.1581171057187 1339.9742947625928 310.17989134183154 61.070385343395174 371.45994378067553 968.0271189850755 239.23379241302609 72.478548906743526 1.8796802354045201 143.36527929408476 84.255659649614245 253.61821409221739 4336.170937191695 897.28319336101413 65.288488147780299 56.683589721564204 167.88147161714733 65.034388850908726 111.40524190291762 146.663517461624 478.1610442455858 289.94492197409272 177.81314298696816 81.361149658448994 1183.1679460662417 286.85334159992635 262.19226772710681 20.507697070017457 2.4812319558113813 27.756623344495893 162.75870151072741 127.11396032338962 509.12333113700151 106.29770257184282
leaf_count=1129913 33642 251362 17825 2586 3317 11797 20353 3309 86 19542 561 1811 81815 13614 1895 6027 2902 1448 2914 3214 5371 2973 1410 728 24071 4273 3796 171 32 317 1975 3224 85079 6065
internal_value=-0.00278086 -0.0453608 0.0457478 -0.013977 0.0585679 -0.0343937 -0.0635831 0.00355472 0.0345584 -0.0562546 0.0167657 0.00981987 0.0679742 0.0517815 -0.0145027 -0.0427746 -0.00581639 0.000871468 0.0175782 0.0229664 0.014265 0.0258645 0.0101686 -0.0197408 0.00573834 0.0540768 0.0775621 0.135198 0.43444 0.10816 0.0302991 -0.0309525 -0.0674629 -0.0513806
internal_weight=19195.8 10224.6 8971.22 3755.89 6880.59 2643.77 6468.67 2090.63 1112.12 1675.74 1626.76 1112.92 5767.67 1431.5 335.768 463.876 407.115 121.718 797.3 736.23 624.825 721.376 431.431 391.541 1255.65 371.109 314.818 52.6252 4.36091 48.2643 534.219 270.479 6061.55 615.421
internal_count=1749418 1550619 198799 306307 125468 287820 1244312 73331 18487 276023 32214 24747 100721 18906 24661 41117 23255 7475 14085 11499 8585 6194 3221 18553 27380 4834 4402 606 118 488 5292 22766 1221057 91144
is_linear=0
shrinkage=0.07


Tree=40
num_leaves=35
num_cat=0
split_feature=12 3 12 6 6 4 9 3 6 3 3 9 6 2 1 9 1 9 9 6 1 9 2 12 2 0 3 12 0 1 9 2 6 1
split_gain=7375.31 1150.15 944.144 476.231 314.463 258.687 348.478 249.622 233.812 192.948 185.203 133.554 89.7495 73.8454 72.8488 61.8628 59.8136 55.434 51.5005 48.521 43.1099 41.4358 33.4112 32.295 35.9215 40.7363 37.8919 31.0304 29.9633 52.1303 29.6498 28.7667 28.7001 28.0189
threshold=17.500000000000004 0.63733075435203113 30.500000000000004 0.63427747180697625 0.74347628772407548 1.0000000180025095e-35 0.23611111111111113 0.69631093544137035 0.77677926662922259 0.57359307359307365 0.56929637526652466 0.61250000000000016 0.47083130772970344 0.5147186147186148 0.83910792512943055 0.41428571428571431 0.18321678321678322 0.58571428571428574 0.81666666666666676 0.61125503742084064 0.56562756357670241 0.58571428571428574 0.075498575498575485 11.500000000000002 0.81120250685468098 0.95713410900183715 0.81302966101694929 21.500000000000004 0.6066017316017317 0.60943257184966848 0.47222222222222227 0.64346246973365628 0.63427747180697625 0.70064935064935074
decision_type=2 2 2 2 2 2 2 2 2 2 2 2 2 2 2 2 2 2 2 2 2 2 2 2 2 2 2 2 2 2 2 2 2 2
left_child=1 8 4 5 10 6 12 18 -1 32 -2 14 -3 -5 27 -11 -10 -8 22 -16 -18 28 -6 33 25 -25 -26 -12 -15 -30 -9 -19 -4 -7
right_child=2 3 9 13 7 23 17 30 16 15 11 -13 -14 21 19 -17 20 31 -20 -21 -22 -23 -24 24 26 -27 -28 -29 29 -31 -32 -33 -34 -35
leaf_value=-0.066451211726187676 -0.046144947241998739 -0.065522092502353926 -0.049696379237491227 -0.011600244030797652 0.15584408588644505 -0.052545620412071226 -0.00036379953558987962 0.049136316577915701 0.070777883107488518 0.052438268368009237 -0.002976479210212392 0.057814199447710185 -0.026507421384271989 0.080954730433042688 0.0066211985825932558 0.072775724269198025 -0.022395515218793058 0.025037066614971529 0.031085139085189343 0.053147960060841125 0.13308280466137287 0.080453638562992758 -0.019889623950305916 -0.023446859155893222 -0.095450285092264206 0.059765224639134251 0.0055065186410282654 -0.040830218204910396 -0.028565015133728854 0.040265335109481291 0.073261232905879228 0.090996675753866857 0.02127855803815392 -0.0013731801933076287
leaf_weight=5740.1232248223387 342.6388505557552 1166.209218185395 30.525089617818594 130.81972303427756 5.3986274106428018 82.186820606235415 250.87133724940941 451.27900825673714 43.165543479379267 919.55986690986902 207.08982511330396 246.75992100080475 384.06420849077404 64.956566351931542 1080.2983527444303 3610.053616002202 280.49952201731503 69.147085795179009 174.98052604403347 122.25935021787882 9.0194179583340865 135.74861035682261 293.90246201213449 37.900478723458946 18.823702753521502 120.41874997317791 564.99755636230111 217.62041541002691 63.505542774219066 357.09910382889211 558.62694951146841 60.963247562758625 326.74408919084817 144.8044101302512
leaf_count=1225357 38938 233508 2215 3143 132 4892 17368 5840 1755 13678 9347 3506 25663 979 22798 72797 17129 5009 1195 1395 71 2424 9334 2108 102 601 2687 4250 1085 3925 10838 1406 2536 1407
internal_value=-0.00273132 -0.0444754 0.0445425 -0.0134354 0.0178713 -0.026307 -0.0411161 0.0428079 -0.0631445 0.0647407 0.00117473 0.00982645 -0.0558566 0.0362001 0.00254956 0.068647 -0.00609117 0.0188655 0.000917237 0.0113514 -0.0175519 0.0462647 -0.0167198 0.00320415 0.0102712 0.0398449 0.00225145 -0.0223726 0.0367064 0.0298729 0.062481 0.0559425 0.0152145 -0.0199012
internal_weight=18313.1 9725.32 8587.74 3652.52 3700.85 2900.39 1931.26 1484.19 6072.81 4886.88 2216.67 1874.03 1550.27 752.13 1627.27 4529.61 332.684 380.982 474.282 1202.56 289.519 621.31 299.301 969.132 742.14 158.319 583.821 424.71 485.561 420.605 1009.91 130.11 357.269 226.991
internal_count=1749418 1550619 198799 306307 107573 294751 282954 27339 1244312 91226 80234 41296 259171 11556 37790 86475 18955 23783 10661 24193 17200 8413 9466 11797 5498 2709 2789 13597 5989 5010 16678 6415 4751 6299
is_linear=0
shrinkage=0.07


Tree=41
num_leaves=35
num_cat=0
split_feature=12 3 5 5 3 4 5 1 9 5 5 9 9 1 6 5 1 9 6 9 9 3 5 6 7 1 1 9 3 3 1 1 5 5
split_gain=6705.57 1109.32 908.613 653.549 583.236 413.783 290.5 227.415 158.394 142.232 136.51 108.526 85.3018 76.8925 72.1144 96.327 65.08 60.4964 56.7767 55.464 53.7148 50.3185 47.2243 43.2394 56.0039 40.4699 40.1875 38.621 38.5416 43.4085 34.1314 33.5447 33.516 32.3842
threshold=17.500000000000004 0.62145593869731808 0.77931627196333086 0.66009708737864081 0.68801229508196726 1.0000000180025095e-35 0.87737200143215188 0.73499399759903972 0.58571428571428574 0.48295234405269277 0.61410415803287755 0.41428571428571431 0.84523809523809534 0.85857142857142865 0.23317152103559871 0.4232172936552499 0.37248718959400873 0.31666666666666671 0.39145636971723924 0.77500000000000013 0.47222222222222227 0.51520737327188948 0.57909117054932424 0.7235442329227324 0.42702481273408249 0.6081452944413871 0.77836257309941537 0.47222222222222227 0.26794871794871805 0.44033898305084751 0.19433516915814322 0.17712418300653601 0.9831455354606573 0.74585432890517656
decision_type=2 2 2 2 2 2 2 2 2 2 2 2 2 2 2 2 2 2 2 2 2 2 2 2 2 2 2 2 2 2 2 2 2 2
left_child=1 6 7 5 12 9 -1 19 16 -3 14 13 28 32 -9 -16 -5 25 -17 -2 26 30 -21 24 -18 31 -11 -12 -4 -30 -14 -8 -6 -10
right_child=2 3 4 8 11 -7 17 10 33 20 27 -13 21 -15 15 18 23 -19 -20 22 -22 -23 -24 -25 -26 -27 -28 -29 29 -31 -32 -33 -34 -35
leaf_value=-0.067559232038796199 -0.055370348550571873 -0.066866873131233281 0.057832934619919993 -0.039937885134245163 0.016576194538353864 0.0028616467164217724 0.042133080511649497 0.016509412067169226 0.16343829857950451 -0.052153803436432597 0.030226726931556255 0.072618874114543042 0.051846047612300362 0.061987582670559795 -0.058094196726273487 0.15157485329210407 0.068505158328463836 0.024219470544917715 0.0010061022328648258 -0.054696805435299131 0.036688453340067588 0.063933941981140233 0.034159974723848796 0.043856498778644545 0.0012448267470985869 0.25983982793382321 0.0014576398243703089 0.073253181914819138 -0.037412336254274821 0.0034821559284961613 0.0028256307252818246 -0.041379180332366816 0.06090621641111759 0.076591668295725987
leaf_weight=5200.04276754288 332.17862715013325 1204.9949383386411 38.953824101947248 84.168197351507843 365.36111330706626 969.02946632914245 26.431342132855207 772.30844774795696 23.768162573222071 168.91196980886161 218.30604968499392 3785.2916787751019 94.956000128760934 839.64422483742237 181.33579889964312 12.926197298802434 71.202284002676606 175.6466392413713 242.27092676516622 47.959747831337154 73.606812845449895 152.92984877899289 75.35774597665295 338.69638304132968 409.65685778297484 2.3453513011336318 115.26637051953003 192.24040819704533 225.73322976287454 291.33638954348862 260.61643411125988 217.54026799602434 108.35471040010452 183.2187622487545
leaf_count=1202750 34640 257546 1183 3491 3277 12089 2155 4426 266 24666 1903 81369 611 14130 18184 252 921 3352 4291 5798 2648 2003 1743 3664 8577 14 3063 3678 11886 6521 1538 22382 1366 3035
internal_value=-0.00267251 -0.0435294 0.0432752 -0.0134369 0.0567639 -0.033076 -0.0630265 0.00320879 0.0313294 -0.0553597 0.0154995 0.0666033 0.00963715 0.0492655 0.00365543 -0.0190857 0.0186785 -0.00716773 0.00863268 -0.0404874 -0.0166046 0.0303576 -0.000397562 0.0246984 0.0112043 -0.0295497 -0.0304083 0.0503741 -0.0093124 -0.0143708 0.0159166 -0.0323316 0.026716 0.0865642
internal_weight=17502.6 9264.53 8238.06 3642.52 6163.18 2531.81 5622.01 2074.88 1110.71 1562.78 1619.39 5098.65 1064.53 1313.36 1208.84 436.533 903.724 421.964 255.197 455.496 357.785 508.502 123.317 819.556 480.859 246.317 284.178 410.546 556.023 517.07 355.572 243.972 473.716 206.987
internal_count=1749418 1550619 198799 319966 123884 300012 1230653 74915 19954 287923 32734 100142 23742 18773 27153 22727 16653 27903 4543 42181 30377 4152 7541 13162 9498 24551 27729 5581 19590 18407 2149 24537 4643 3301
is_linear=0
shrinkage=0.07


Tree=42
num_leaves=35
num_cat=0
split_feature=12 3 5 5 3 5 9 9 5 5 1 2 5 1 6 3 2 6 1 6 6 1 6 1 3 2 12 6 5 1 12 0 12 2
split_gain=6113.35 1643.59 843.95 570.037 391.32 359.314 276.226 275.051 143.926 141.364 107.324 99.3713 92.1127 76.1387 61.7251 61.2789 71.9729 52.8577 51.6516 49.8996 49.8681 42.97 40.1859 33.3368 30.0127 50.2246 28.0605 27.3737 27.2454 27.2002 26.9299 26.6775 25.7089 25.8989
threshold=22.500000000000004 0.59824561403508791 0.61410415803287755 1.0000000180025095e-35 0.69282051282051305 0.86512474012474017 0.58571428571428574 0.41428571428571431 0.45478595478595479 0.78809997788099995 0.95160031225605002 0.76028169014084523 0.84877072612921667 0.76631205673758884 0.69177661133967006 0.49306742640075979 0.25198412698412703 0.87287157287157302 0.33137254901960794 0.42887798896382595 0.39145636971723924 0.92718275008837059 0.77677926662922259 0.59317129629629639 0.42488716956802064 0.13446327683615819 21.500000000000004 0.31612258494337114 0.85304401480872094 0.59317129629629639 8.5000000000000018 0.76631205673758873 36.500000000000007 0.14415584415584423
decision_type=2 2 2 2 2 2 2 2 2 2 2 2 2 2 2 2 2 2 2 2 2 2 2 2 2 2 2 2 2 2 2 2 2 2
left_child=1 5 3 23 12 22 11 9 -5 10 -6 18 29 27 31 16 17 -7 -4 -20 -15 28 -1 -3 25 -14 -17 -10 -11 -2 -19 -13 33 -26
right_child=4 2 6 8 7 15 -8 -9 13 21 -12 14 24 20 -16 26 -18 30 19 -21 -22 -23 -24 -25 32 -27 -28 -29 -30 -31 -32 -33 -34 -35
leaf_value=-0.067889509526484246 -0.046112627917597099 -0.050947088092339207 -0.046414408019616812 -0.067084848847698761 -0.046200101946063374 -0.0180899896690003 0.081100180460246613 0.07173162447206656 0.35854234662259959 -0.014461943477618209 0.025551658508571051 0.12084692911122215 0.070966998451460539 0.14908395170905886 0.063178545558273319 0.042189982997381893 -0.043951681119689945 0.21322288845414458 0.10070297868192912 0.004904589531343503 0.00055180596362871441 0.064010271237029376 -0.02336498786418589 0.0063255511607057816 -0.14466017655792646 -0.008000682965918833 -0.05457518346822595 -0.049547035243279011 0.041325805955776479 0.077943851545950793 0.047161851645541472 0.013976098279496346 0.05499153228682483 0.021526461104768843
leaf_weight=4845.9031189559028 148.32957280892879 51.619324654340744 94.972618142608553 1277.319925121963 132.16046436550096 110.3874327163212 416.53926258580759 3603.4339294712991 0.80805530538782377 49.548686485737562 449.80354698933661 11.891844721511005 46.681840075179935 11.703572171274571 278.32614931277931 123.22805681917816 287.21120995562524 5.1559477290138593 27.550595487933606 808.39989533973858 206.50916625792161 619.34254647791386 101.40640105912462 1412.6175018227659 4.7000765865668646 255.28403999889269 16.670880207791924 246.46590995881706 319.46037092059851 9.1972150136716646 66.536482712253928 304.71388331102207 160.85443641617894 205.52054759534076
leaf_count=1195494 9180 4237 5445 278799 3086 9768 6938 81911 83 475 7012 135 442 328 3870 4835 23513 66 482 20117 6531 11227 11416 10909 49 2972 521 37322 4161 109 1029 2669 1892 2395
internal_value=-0.00261924 -0.034327 -0.00583629 -0.0278906 0.053917 -0.0607305 0.030577 0.061077 -0.0549413 0.0366277 0.00925727 0.0167848 0.00931564 -0.0216186 0.0391306 -0.0100031 -0.0221248 0.0123047 0.00250418 0.00806184 0.00851815 0.0527441 -0.0669769 0.0043065 0.0205935 0.00420718 0.0306591 -0.0482135 0.0338349 -0.0388696 0.0591046 0.0179902 0.033928 0.0178109
internal_weight=16710.3 10705.9 5149.44 3207.04 6004.32 5556.5 1942.39 5173.75 1742.81 1570.32 581.964 1525.85 830.568 465.487 594.932 609.19 469.291 182.08 930.923 835.95 218.213 988.352 4947.31 1464.24 673.041 301.966 139.899 247.274 369.009 157.527 71.6924 316.606 371.075 210.221
internal_count=1749418 1624507 377865 338209 124911 1246642 39656 107872 323063 25961 10098 32718 17039 44264 6674 39732 34376 10863 26044 20599 6859 15863 1206910 15146 7750 3414 5356 37405 4636 9289 1095 2804 4336 2444
is_linear=0
shrinkage=0.07


Tree=43
num_leaves=35
num_cat=0
split_feature=12 3 9 3 12 9 7 2 7 0 2 0 7 2 1 0 2 0 7 12 9 12 9 1 9 3 0 1 7 1 7 2 3 7
split_gain=5565.7 1555.36 485.092 377.085 294.167 279.186 127.324 104.4 96.8358 89.6537 85.4018 81.1723 77.5154 69.3236 68.8555 68.4806 64.0132 61.4193 59.6239 60.0036 58.4407 57.3859 50.4858 46.7179 41.5801 39.1605 38.2822 36.7244 35.7622 30.5023 27.8319 30.225 25.0246 25.7325
threshold=22.500000000000004 0.59824561403508791 0.58571428571428574 0.69282051282051305 10.500000000000002 0.41428571428571431 0.74736374736374744 0.86526825332795487 0.73926218708827418 0.91476997578692509 0.99253731343283602 0.63702239789196324 0.68881530537159696 0.75716625716625729 0.95160031225605002 0.99253731343283602 0.25198412698412703 0.5656275635767023 0.5968164161459214 8.5000000000000018 0.84523809523809534 13.500000000000002 0.38750000000000007 0.94185260311020957 0.31666666666666671 0.5300120048019209 0.85053191489361712 0.92718275008837059 0.49189094415709655 1.0000000180025095e-35 0.46837795868429727 0.64051282051282066 0.25320512820512825 0.9201769911504426
decision_type=2 2 2 2 2 2 2 2 2 2 2 2 2 2 2 2 2 2 2 2 2 2 2 2 2 2 2 2 2 2 2 2 2 2
left_child=1 6 4 20 7 12 21 18 9 11 -11 -6 14 26 -5 -9 24 -18 23 -20 32 -1 -23 -3 29 -22 -10 -14 -24 -8 31 -4 -2 -34
right_child=3 2 30 5 8 -7 16 15 13 10 -12 -13 27 -15 -16 -17 17 -19 19 -21 25 22 28 -25 -26 -27 -28 -29 -30 -31 -32 -33 33 -35
leaf_value=-0.066568764796999705 0.055089021662146326 -0.057066644818078285 -0.00446583368810838 -0.017295074529966443 0.010666615604390991 0.071324878700766925 0.17961973001881767 0.084810800042041584 -0.011363998303455806 0.016472457838264815 -0.011698477373729182 -0.038149424151554062 0.031451210472407627 0.070365343623152832 0.031560177658338698 -0.038654993966849405 -0.04687655342512257 0.17402442563713122 0.061224834074320063 -0.041545319947590212 0.013171908280865393 -0.059793913908692008 -0.0510168849059889 0.12922413627887969 0.064065136530748357 0.059828406555831812 0.04878892254647494 0.0625196132131422 0.0025215264045670691 -0.022933083875945681 0.069842203645771581 0.060881718810781721 -0.025595593150840555 0.020044638950208478
leaf_weight=4125.467159608379 26.15845242748037 925.10112597327679 60.027405039872974 190.87911175517365 224.82475592452101 3378.3059013169259 3.8011352876201263 48.879451919812709 160.70566256158054 964.31246007699519 1163.556620224379 647.92341835447587 304.06098288949579 138.5048519577831 544.8261762955226 40.047821511514485 311.52735367766581 6.2920135236345223 44.477104823803529 74.412820608820766 309.82113280147314 393.17199575784616 104.36798167810775 6.6436139419674864 51.682283965637907 123.20288850180805 76.528977261856198 481.89110266789794 147.58430219534785 87.531709094299003 361.93138736463152 82.139720333740115 282.68937981966883 77.024657011032104
leaf_count=1078132 769 177539 6665 3730 18482 81911 284 1201 2154 30613 41895 78261 4076 2071 8885 2182 35807 91 2732 3456 3074 87181 21456 124 850 1965 650 9270 11228 11613 7962 1878 10649 582
internal_value=-0.00256449 -0.0334293 -0.00559512 0.0527628 -0.0128653 0.060111 -0.0601386 -0.0436175 -0.00248599 -0.00668097 0.00106809 -0.0255741 0.0352144 0.0310147 0.0188847 0.0292088 -0.0250023 -0.0425033 -0.0497816 -0.00309867 0.00879396 -0.0635328 -0.0441181 -0.0557383 0.0138896 0.0264465 0.00804059 0.0505002 -0.0196561 -0.0145031 0.0595336 0.0332899 -0.0110156 -0.0158228
internal_weight=15970.3 10251.4 5020.02 5718.86 4515.92 4899.96 5231.43 1139.56 3376.36 3000.62 2127.87 872.748 1521.66 375.739 735.705 88.9273 460.834 317.819 1050.63 118.89 818.897 4770.59 645.124 931.745 143.015 433.024 237.235 785.952 251.952 91.3328 504.099 142.167 385.872 359.714
internal_count=1749418 1624507 377865 124911 361360 107872 1246642 187234 174126 169251 72508 96743 25961 4875 12615 3383 48645 35898 183851 6188 17039 1197997 119865 177663 12747 5039 2804 13346 32684 11897 16505 8543 12000 11231
is_linear=0
shrinkage=0.07


Tree=44
num_leaves=35
num_cat=0
split_feature=5 1 2 9 9 5 5 9 5 2 2 5 3 1 6 3 9 5 0 0 1 3 0 3 5 0 3 6 9 1 6 8 3 1
split_gain=5069.34 1659.68 1253.79 308.802 246.807 241.307 281.649 219.519 127.603 123.367 98.6106 81.8647 73.2924 93.8242 55.67 53.5175 110.161 143.579 75.844 44.0055 56.4502 52.5667 44.7058 42.0907 38.4976 36.2559 34.5262 33.2688 32.483 27.0433 25.3232 24.1718 23.9944 43.545
threshold=0.77291825821237603 0.66312056737588665 0.5147186147186148 0.31666666666666671 0.31666666666666671 1.0000000180025095e-35 0.45478595478595479 0.47222222222222227 0.96110200479132524 0.85857142857142865 0.81375640520299586 0.51075393154486604 0.49306742640075979 0.27639257294429714 0.38482106129164956 0.59824561403508791 0.47222222222222227 0.57909117054932424 0.65261756876663723 0.6066017316017317 0.60943257184966848 0.71535181236673784 0.99253731343283602 0.5300120048019209 0.8389976958525347 0.91024165707710025 0.20344827586206896 0.75733900155110023 0.61250000000000016 0.86526825332795487 0.84389334862385335 2.5000000000000004 0.80901722391084108 0.92718275008837059
decision_type=2 2 2 2 2 2 2 2 2 2 2 2 2 2 2 2 2 2 2 2 2 2 2 2 2 2 2 2 2 2 2 2 2 2
left_child=1 10 3 8 5 32 -7 9 23 19 15 29 13 26 -8 -1 -17 31 -19 21 22 -4 -21 30 -23 -16 -5 -22 -14 -6 -2 -18 33 -3
right_child=2 4 7 12 11 6 14 -9 -10 -11 -12 -13 28 -15 25 16 17 18 -20 20 27 24 -24 -25 -26 -27 -28 -29 -30 -31 -32 -33 -34 -35
leaf_value=-0.068551843858174727 -0.060881607138784898 -0.061510613744560051 0.015261575022869008 0.088479752947499504 -0.03591000664884704 -0.066963747891315289 0.10964963418746772 0.071464901324868865 0.022410387852384157 0.059348416064004504 0.094423931745266559 0.064564391936493992 0.015549347139768214 -0.025526411469853596 -0.038410586932641322 -0.061646894107037227 -0.05445631065227674 0.12750381407863484 -0.0089781096321221096 -0.058943456940113437 0.0025848216383940379 0.2272528243023087 0.03243230353145319 -0.018211660842479202 0.078828338387454802 0.0049545805278026715 0.02126376118127226 0.037246383169486127 0.055416350242080241 0.024252325775788109 -0.01998457901138502 0.52898467390020454 0.010983424881506243 0.14509166376977239
leaf_weight=3978.4960241140798 493.52057459298521 44.426351279718801 73.153783081797883 42.585111401975155 54.517708654981107 585.71409652126022 22.106877233134583 3262.6339062657207 166.47751523274928 814.597999766469 19.134143070550635 336.52951321960427 147.88229582784697 268.64245895203203 117.16072438424453 888.10776481218636 120.20049424609169 45.544852455146611 35.503583258483559 82.408543221652508 231.54536409582943 10.044922807253895 38.489807192236185 210.71443563746288 58.036217875778675 487.77386749256402 310.26118342764676 327.74929258413613 310.2245547613129 111.45985089428723 87.31277788663283 0.34895519958808918 1534.3961548460647 5.63254790008068
leaf_count=1129792 101686 996 1132 476 3019 129361 519 83828 4063 15187 840 5600 2173 6479 9521 187720 17216 811 338 901 1729 113 286 8114 457 7718 5269 4013 4354 925 5576 24 9159 23
internal_value=-0.00249541 -0.0391101 0.0417775 -0.00436741 -0.000445607 -0.00855982 -0.0320601 0.0609717 -0.0332954 0.0400458 -0.0641885 0.0447223 0.0213031 0.00564413 0.000543048 -0.0647873 -0.0510429 -0.0043289 0.0677174 0.0209038 0.0135209 0.0564597 -0.0298526 -0.0450114 0.100727 -0.00344417 0.0293761 0.0228967 0.0425468 0.00449115 -0.0547338 -0.0527674 0.00942751 -0.0382641
internal_weight=15323.3 8387.05 6936.28 2037.62 3299.72 2797.21 1212.76 4898.66 958.025 1636.03 5087.34 502.507 1079.6 621.489 627.041 5068.2 1089.71 201.598 81.0484 821.428 680.193 141.235 120.898 791.548 68.0811 604.935 352.846 559.295 458.107 165.978 580.833 120.549 1584.46 50.0589
internal_count=1749418 1503582 245836 138190 166841 157297 147119 107646 119439 23818 1336741 9544 18751 12224 17758 1335901 206109 18389 1149 8631 6929 1702 1187 115376 570 17239 5745 5742 6527 3944 107262 17240 10178 1019
is_linear=0
shrinkage=0.07


Tree=45
num_leaves=35
num_cat=0
split_feature=12 3 5 4 3 5 5 9 5 5 1 1 9 6 0 1 6 9 1 9 6 5 5 1 6 7 6 5 1 3 1 12 3 3
split_gain=4609.01 1396.62 675.231 513.77 350.4 302.225 271.506 235.882 143.428 90.2967 84.7569 79.6692 76.6249 48.4156 55.8378 48.2145 48.1893 45.3341 58.618 40.3092 40.2554 39.4757 39.3545 38.595 38.1277 36.4258 29.4412 28.8614 28.5648 26.7437 37.5403 24.9667 23.5493 22.231
threshold=22.500000000000004 0.56070175438596503 0.61920122887864837 1.0000000180025095e-35 0.74133811230585434 0.85794995964487497 0.72148047997295939 0.58571428571428574 0.44912747707778772 0.86512474012474017 0.52704678362573121 0.76631205673758884 0.41428571428571431 0.73357314148681074 0.63702239789196324 0.92718275008837059 0.86377084454007547 0.58571428571428574 0.94791101465002725 0.31666666666666671 0.39145636971723924 0.76230831315577086 0.85304401480872094 0.41728855721393038 0.77677926662922259 0.61356664807585071 0.23317152103559871 0.4232172936552499 0.76028169014084523 0.80901722391084108 0.92718275008837059 9.5000000000000018 0.20344827586206896 0.45773809523809533
decision_type=2 2 2 2 2 2 2 2 2 2 2 2 2 2 2 2 2 2 2 2 2 2 2 2 2 2 2 2 2 2 2 2 2 2
left_child=1 5 3 8 9 24 17 10 -3 -2 21 -10 15 14 -12 22 19 18 -6 -7 -13 -4 -8 32 -1 -23 -20 -28 -15 30 -5 -18 -11 -21
right_child=4 2 7 29 6 16 12 -9 11 23 13 20 -14 28 -16 -17 31 -19 26 33 -22 25 -24 -25 -26 -27 27 -29 -30 -31 -32 -33 -34 -35
leaf_value=-0.067666257331475771 -0.033807871791180472 -0.067032639203186736 -0.049494493642143256 -0.051560142590968909 -0.037972049542123049 -0.046869530865777526 -0.021291630238114929 0.076689695087699197 -0.04801247014190721 0.070769599798455957 0.070918807958566574 0.1285615160775106 0.071759059389554028 0.026074560344837575 0.0066477536062737102 0.060688396023831179 0.099343067564179835 0.059137586890254411 0.036212247349698967 -0.016243549555879245 0.0010236634359738958 0.033632336885614754 0.039104492487961162 0.048236005371782395 -0.019271560212801703 -0.016042288043298627 -0.049968821558408878 0.014578641976246292 0.06333497430339162 0.0062585872572270412 0.13639315138938404 0.0088756838407678708 0.0076694893966608568 0.043323700996208137
leaf_weight=3853.6754038771614 180.84014754137024 1127.6218634310644 102.5715655151289 67.734178226441145 107.9688434144482 206.27505535166711 65.717049572616816 375.03213291661814 266.92969469632953 30.860236639156938 74.40294063440524 12.838200110243632 2776.2432329021394 205.76971116987988 603.41914662555791 573.1585941426456 16.295597312040627 101.39125668816268 236.22133860271424 107.38968969648704 218.8095591457095 107.66341388341971 270.33045084774494 193.86565656401217 81.456490585580468 220.42232599202543 44.835526023525745 139.72192536573857 197.65918968804181 1379.5747326170094 5.6407050043344489 180.70895392075181 475.92984710074961 42.989792351145297
leaf_count=1161186 10212 292608 14793 5695 2731 32852 647 7091 48512 280 2864 378 78195 1963 8943 11913 359 1777 1505 3632 7347 2349 3950 3248 10564 4985 3671 1638 3292 9796 23 4343 5144 932
internal_value=-0.00244623 -0.0315538 -0.00597582 -0.0261818 0.0505081 -0.0598515 0.0587228 0.0269968 -0.0532093 0.0102911 0.0146703 -0.0219454 0.0659829 0.0251302 0.0137026 0.0483455 -0.0114279 0.0162614 0.00803953 -0.0267764 0.00809197 -0.0115912 0.0272935 0.0216731 -0.0666645 0.000258755 0.0198458 -0.00110222 0.0443302 0.00406839 -0.0371112 0.0163589 0.0115119 0.000785261
internal_weight=14652 9454.88 4966.09 3079.15 5197.08 4488.79 4315.59 1886.94 1626.2 881.496 1511.91 498.577 3685.45 1081.25 677.822 909.206 553.659 630.139 528.748 356.655 231.648 430.657 336.048 700.656 3935.13 328.086 420.779 184.557 403.429 1452.95 73.3749 197.005 506.79 150.379
internal_count=1749418 1624507 410639 364359 124911 1213868 106027 46280 348845 18884 39189 56237 94705 17062 11807 16510 42118 11322 9545 37416 7725 22127 4597 8672 1171750 7334 6814 5309 5255 15514 5718 4702 5424 4564
is_linear=0
shrinkage=0.07


Tree=46
num_leaves=35
num_cat=0
split_feature=12 3 5 4 3 5 5 9 5 5 9 2 1 7 5 0 2 9 7 9 1 1 9 7 5 7 3 0 5 9 0 5 5 0
split_gain=4187.72 1320.05 600.175 487.26 339.081 300.345 266.746 226.049 134.639 81.1513 79.0212 76.8928 70.8984 51.3186 56.5595 46.9968 46.8566 43.1572 42.3721 42.0923 53.9484 39.3887 35.1698 33.5704 32.1992 31.4001 30.8663 30.2535 28.8958 95.4779 43.4923 39.3264 24.7209 24.7081
threshold=22.500000000000004 0.56070175438596503 0.61410415803287755 1.0000000180025095e-35 0.74813432835820903 0.84877072612921667 0.72148047997295939 0.58571428571428574 0.44912747707778772 0.84877072612921667 0.41428571428571431 0.76028169014084523 0.69282051282051305 0.47643720700715525 0.96110200479132524 0.13484848484848486 0.92718275008837059 0.31666666666666671 0.7277389277389279 0.47222222222222227 0.94791101465002725 0.41728855721393038 0.13392857142857145 0.34058313632781728 0.85304401480872094 0.24705229574143436 0.86425061425061434 0.5656275635767023 0.75573053368328968 0.47222222222222227 0.27639257294429714 0.80136054421768721 0.96110200479132524 0.88273491214667699
decision_type=2 2 2 2 2 2 2 2 2 2 2 2 2 2 2 2 2 2 2 2 2 2 2 2 2 2 2 2 2 2 2 2 2 2
left_child=1 5 3 8 9 28 19 11 -3 -2 16 13 -10 22 -15 -7 24 27 26 20 -6 -11 -4 -14 33 -22 -13 32 -1 -30 31 -31 -17 -8
right_child=4 2 7 -5 6 15 10 -9 12 21 -12 18 23 14 -16 17 -18 -19 -20 -21 25 -23 -24 -25 -26 -27 -28 -29 29 30 -32 -33 -34 -35
leaf_value=-0.068921918279700317 -0.035260683582096948 -0.066750102408681219 0.010203794847347755 0.0037857895063683616 -0.041972630144372539 0.058931112247723856 -0.070503706469832478 0.075166511459358251 -0.051913583632998549 0.0098237392822688122 0.071507489029987506 0.07358044987077253 0.092944731683050091 -0.011711202654479331 0.040632357343146852 -0.048417140396249982 0.060052938384658659 0.0031060481943777454 0.067797402707000229 0.04952863823254279 0.033636782055051606 0.046690442402119739 0.086943339807877371 -0.0042631197980558316 0.037481992193941313 -0.007048817858681165 0.01574596959825866 0.20314767775332543 -0.063736047758754272 0.19221246980380152 -0.023129832080679744 0.025789187288229244 0.0034396897841916171 0.016855635795117115
leaf_weight=3235.8364066046197 159.94557237485424 1055.6831654775888 64.956954467110336 1450.9426296767779 93.726587185636163 41.642959375865757 25.766329442150891 360.04631921392865 210.3679627859965 519.85208810400218 2594.7560323700309 51.761093841865659 18.764136928832158 729.97118567605503 117.42359910905361 235.92416745331138 532.49195356294513 250.90960992174223 138.91725327260792 138.05233330093324 230.47866203449667 195.37171465344727 53.255702650407329 240.8715210526716 270.01952750235796 155.76887117046863 357.67985742958263 2.560624103061854 342.99847043631598 11.681677804794164 34.766259201802313 17.203961428254843 55.675299601163715 41.279686786234379
leaf_count=1067296 9657 292608 2941 15514 2554 2149 188 7128 43043 5940 78120 676 917 28833 977 37345 11640 5584 2306 2361 1651 3389 812 11192 4162 4745 3692 43 95310 741 1877 501 3022 504
internal_value=-0.00238968 -0.0306409 -0.00571886 -0.025256 0.0493533 -0.059225 0.0578297 0.0253134 -0.052875 0.00981421 0.0653873 0.0134575 -0.02171 0.00156937 -0.00445795 -0.012745 0.0471248 -0.0182211 0.0343915 0.0154656 0.00566827 0.0198943 0.0447755 0.00276219 0.0267012 0.0172288 0.0230573 -0.0364124 -0.0667117 -0.0491244 0.0296127 0.0930926 -0.0385161 -0.0167173
internal_weight=14037.4 9079.84 4850.64 2976.63 4957.51 4229.2 4082.34 1874.01 1525.69 875.169 3464.31 1513.97 470.004 965.607 847.395 586.713 869.557 545.07 548.358 618.026 479.974 715.224 118.213 259.636 337.066 386.248 409.441 294.16 3642.49 406.65 63.6519 28.8856 291.599 67.046
internal_count=1749418 1624507 410639 363274 124911 1213868 105925 47365 347760 18986 94614 40237 55152 33563 29810 48143 16494 45994 6674 11311 8950 9329 3753 12109 4854 6396 4368 40410 1165725 98429 3119 1242 40367 692
is_linear=0
shrinkage=0.07


Tree=47
num_leaves=35
num_cat=0
split_feature=12 3 6 3 6 9 12 6 1 3 9 9 4 6 1 0 9 2 9 3 12 9 6 2 2 1 2 6 12 6 2 3 2 2
split_gain=3800.65 1247.5 374.906 327.726 275.198 268.442 240.18 106.276 87.8313 86.1395 84.3259 83.2467 160.058 85.9945 75.4221 64.4917 60.0998 59.5122 47.7287 46.1485 36.9744 41.3614 51.8309 40.941 35.4152 32.7084 31.7188 31.2525 28.3988 25.4468 23.7054 22.9738 30.6564 22.7481
threshold=22.500000000000004 0.56070175438596503 0.66519174041297957 0.74133811230585434 0.77677926662922259 0.41428571428571431 10.500000000000002 0.71126025354213285 0.90366769774635447 0.967204301075269 0.58571428571428574 0.23611111111111113 1.0000000180025095e-35 0.44494949494949504 0.51899951899951913 0.95713410900183715 0.84523809523809534 0.25198412698412703 0.47222222222222227 0.5300120048019209 13.500000000000002 0.38750000000000007 0.54589800443458991 0.22378716744913932 0.79205974842767291 0.54201977401129964 0.69804355850867483 0.90582164167069845 8.5000000000000018 0.51075393154486604 0.92718275008837059 0.44033898305084751 0.24807692307692311 0.81375640520299586
decision_type=2 2 2 2 2 2 2 2 2 2 2 2 2 2 2 2 2 2 2 2 2 2 2 2 2 2 2 2 2 2 2 2 2 2
left_child=1 4 6 16 20 7 8 15 18 -10 14 12 13 -8 26 -5 27 28 -3 -18 -1 -22 -23 -24 -14 -19 -4 -2 -6 -20 -9 32 -29 -16
right_child=3 2 10 5 17 -7 11 30 9 -11 -12 -13 24 -15 33 -17 19 25 29 -21 21 22 23 -25 -26 -27 -28 31 -30 -31 -32 -33 -34 -35
leaf_value=-0.067412559839768849 -0.023735855239523509 -0.056084329921333283 -0.017996610204520539 -0.055807251989565952 0.13468873970278006 0.070030912720209337 -0.054297673521411863 0.033327549829645857 0.13345748776682057 -0.046302224992005758 0.069382658077681458 0.020024775492075573 0.03678358493549274 -0.012546250226451568 0.02443164663928327 0.017457716426517354 0.011197019303251102 -0.027116951158625294 -0.02737166867283496 0.059113462058153321 -0.062279499855449227 -0.057216564936463654 0.098875914442575166 -0.0099197932370768162 0.0010638678554697712 0.16084476732086328 0.098802001915282378 0.038770934021706359 0.024186605726807465 0.050571836171826916 0.059581337966120813 0.041275934800140329 -0.062496877502354116 0.053484473316794408
leaf_weight=3097.6884967351798 275.38831001752988 827.85209932085127 224.84651200799271 66.178239052183926 12.48654418135993 2563.4389414377511 461.54878344782628 275.29181777592748 25.873763929586858 26.379614539444447 227.50208133412525 519.3424358163029 155.54684608778916 507.53980925725773 367.32649393333122 533.23449363280088 299.67453117063269 230.73319881479256 71.13325140834786 146.70200683455914 322.91596681531519 95.280524227069691 22.336650141980499 70.260245939949527 1082.8601928493008 4.627440375275909 12.001094372943042 26.970777723938227 130.49275567824952 28.847996527096257 434.52049983665347 80.427837083116174 32.059392277151346 206.18334424681962
leaf_count=1065516 11524 196126 6895 1544 656 80557 118351 4412 506 1499 5498 26233 2820 25261 4442 9150 3074 16246 12948 3079 93736 24903 1456 5541 5364 40 156 154 5774 1133 10364 811 242 3407
internal_value=-0.00233275 -0.0297155 -0.0054619 0.0481745 -0.0585802 0.0568601 -0.0158734 0.0310718 -0.045594 0.0427075 0.0317249 -0.00519116 -0.0111235 -0.0324312 0.0211527 0.00936889 0.00911814 -0.00178281 -0.0505669 0.0269448 -0.0645352 -0.0470857 -0.0209713 0.0163244 0.00555035 -0.0234214 -0.0120784 -0.0100634 0.0338369 -0.00488231 0.0493991 0.0169356 -0.0162278 0.0348765
internal_weight=13465.5 8731.61 4744.78 4733.89 3986.82 3872.66 3706.92 1309.23 980.087 52.2534 1037.86 2726.84 2207.5 969.089 810.357 599.413 861.223 378.34 927.833 446.377 3608.48 510.793 187.877 92.5969 1238.41 235.361 236.848 414.846 142.979 99.9812 709.812 139.458 59.0302 573.51
internal_count=1749418 1624507 410639 124911 1213868 106027 390241 25470 212212 2005 20398 178029 151796 143612 14900 10694 18884 22716 210207 6153 1191152 125636 31900 6997 8184 16286 7051 12731 6430 14081 14776 1207 396 7849
is_linear=0
shrinkage=0.07


Tree=48
num_leaves=35
num_cat=0
split_feature=6 3 1 9 0 12 9 9 0 12 3 1 1 9 6 1 12 0 1 1 3 3 8 3 6 6 4 12 0 3 1 1 4 7
split_gain=3443.07 1430.06 647.981 335.598 200.811 128.505 128.38 100.159 88.4883 76.0287 69.9339 102.646 62.2475 61.2019 53.0263 51.3976 49.7196 70.6231 66.3043 49.3151 48.6416 43.6516 69.4687 40.0184 38.4125 36.6379 34.9231 34.8371 34.5963 33.4855 31.1856 29.2441 27.9003 53.1134
threshold=0.73357314148681074 0.74813432835820903 0.48528138528138537 0.31666666666666671 0.91476997578692509 13.500000000000002 0.47222222222222227 0.92857142857142871 0.63211600429645542 12.500000000000002 0.97182539682539681 0.91476997578692509 0.75716625716625729 0.31666666666666671 0.54176929392446649 0.87007672634271105 30.500000000000004 0.66244725738396626 0.66312056737588665 1.0000000180025095e-35 0.78346121057118523 0.54692082111436957 1.5000000000000002 0.51668520578420474 0.9788721916381492 0.59275647328744685 1.0000000180025095e-35 6.5000000000000009 0.27639257294429714 0.913664596273292 0.35585996955859972 0.275185936443543 1.0000000180025095e-35 0.41688948306595369
decision_type=2 2 2 2 2 2 2 2 2 2 2 2 2 2 2 2 2 2 2 2 2 2 2 2 2 2 2 2 2 2 2 2 2 2
left_child=1 5 7 4 8 21 12 19 27 10 11 -6 -4 -7 -15 -10 17 30 -19 -2 24 -1 25 28 -21 -23 -12 -3 -9 -17 -5 -29 33 -11
right_child=2 3 6 16 9 13 -8 23 15 32 26 -13 -14 14 -16 29 -18 18 -20 20 -22 22 -24 -25 -26 -27 -28 31 -30 -31 -32 -33 -34 -35
leaf_value=-0.067824040735090935 0.10892025431976879 -0.059996030001821021 0.017653180359488017 -0.0055671486259789172 -0.03434531215586447 -0.054821592670933825 0.071277726212281928 0.033047563067408178 -0.052950332835287266 -0.029535086964910542 -0.053708891239362982 0.12132495582423022 0.053828282729515037 -0.042020186619004134 0.0073281937176819453 0.079008822988900954 0.069463018521630657 -0.027809965546221713 0.033062525720026721 -0.024544310843233975 0.0406483894544881 -0.058206996831027986 0.11093236178869237 0.057859579685868995 0.045455522705686417 -0.0097317513525548884 -0.017030970269202021 -0.07571316056481199 -0.011161417801098304 -0.043201010870401693 0.11452936781541224 0.091352751815877306 0.013271763740721643 0.0091540082044673492
leaf_weight=2801.9090629229322 16.139137718360871 12.99130488745868 349.83712174440734 12.800186555599792 44.896451796637848 336.94633747031912 2317.2363861370832 212.51923767477274 672.93621810688637 263.05367179610766 207.77899577934295 38.599554225802422 698.34227713011205 194.81146791251376 235.88273027795367 24.734216359211132 203.94543514400721 108.9276045942679 449.47135026776232 648.544272453757 70.495984942652285 479.04912007460371 13.372234404087065 151.95185122010298 40.831057334318757 90.894722994882613 328.01999416947365 5.8916046670638016 146.54958122689277 19.764815896051005 61.490141777321696 39.92697545606643 1131.3897085413337 512.83750114100985
leaf_count=1036396 472 3523 3907 847 3589 80744 78329 1461 133431 37976 37218 477 15672 42146 17601 666 5840 4639 8606 52435 750 144825 977 3330 264 11407 1732 381 890 886 1600 1858 5537 9006
internal_value=-0.00226978 -0.029311 0.0459273 -0.000194448 -0.0102258 -0.0583335 0.0620826 0.00368349 -0.0413657 -0.00065869 -0.0219685 0.0376198 0.0417546 -0.0324753 -0.0149931 -0.0481323 0.0394069 0.0297185 0.0211881 -0.012163 -0.0147348 -0.0641972 -0.0467759 0.0277472 -0.0203983 -0.0504762 -0.0312544 0.0411825 0.0150042 0.0247278 0.0938368 0.0698705 0.00626061 -0.00396292
internal_weight=12944.8 8292.32 4652.45 4139.46 3302.82 4152.87 3365.42 1287.03 776.245 2526.58 619.295 83.496 1048.18 767.641 430.694 717.435 836.635 632.689 558.399 776.01 759.871 3385.23 583.316 511.021 689.375 569.944 535.799 58.8099 359.069 44.499 74.2903 45.8186 1907.28 775.891
internal_count=1749418 1591908 157510 257812 236280 1334096 97908 59602 140745 95535 43016 4066 19579 140491 59747 134983 21532 15692 13245 53921 53449 1193605 157209 5681 52699 156232 38950 5762 2351 1552 2447 2239 52519 46982
is_linear=0
shrinkage=0.07


Tree=49
num_leaves=35
num_cat=0
split_feature=5 2 2 9 9 9 4 5 2 5 5 0 3 9 5 6 2 0 12 0 3 0 3 0 3 5 3 3 2 3 12 12 6 6
split_gain=3212.63 1303.93 879.02 236.205 193.055 188.169 192.555 249.838 105.079 96.3059 81.5085 69.4787 52.3193 75.5744 90.7576 52.1608 48.9401 48.8145 45.2153 66.8673 39.2623 37.9292 42.4586 40.1749 35.7972 33.1997 27.9804 27.8448 47.8501 27.6299 24.9638 39.9188 23.5713 23.5613
threshold=0.77291825821237603 0.63702239789196324 0.5147186147186148 0.47222222222222227 0.31666666666666671 0.31666666666666671 1.0000000180025095e-35 0.48295234405269277 0.85857142857142865 0.96110200479132524 0.51075393154486604 0.58123167155425226 0.59824561403508791 0.47222222222222227 0.54246303642264715 0.42887798896382595 0.74133811230585434 0.4673758865248227 12.500000000000002 0.64075471698113218 0.20344827586206896 0.6066017316017317 0.710394265232975 0.89725545390570038 0.5300120048019209 0.97044263249854412 0.80901722391084108 0.42488716956802064 0.25198412698412703 0.9076704545454547 9.5000000000000018 6.5000000000000009 0.84389334862385335 0.61125503742084064
decision_type=2 2 2 2 2 2 2 2 2 2 2 2 2 2 2 2 2 2 2 2 2 2 2 2 2 2 2 2 2 2 2 2 2 2
left_child=1 12 4 8 9 6 7 -3 21 24 -7 16 -1 -14 -15 -13 -9 20 19 -16 -6 22 -4 25 32 -23 -8 28 -22 -25 31 -26 -2 -32
right_child=2 5 3 -5 17 10 26 11 -10 -11 -12 15 13 14 18 -17 -18 -19 -20 -21 27 23 -24 29 30 -27 -28 -29 -30 -31 33 -33 -34 -35
leaf_value=-0.067710081216771689 -0.057933783504285803 -0.064062934886385758 0.010502896562416124 0.069758181093878352 0.078569675964234989 -0.00081860186623372642 -0.045354560714524275 0.14052863977097763 0.054400963443494404 0.020477702255315873 0.059649724614856167 0.077525955946111752 -0.058823646452997383 -0.056254475027955268 0.23927558485835751 -0.0059465358396962832 0.91473762111776935 0.05483335584752512 0.016925913000053847 -0.015111019035158362 0.018660932730211726 -0.016830396172575479 0.088287046850316936 0.068561623122380635 -0.044998751185766288 0.041364702139920113 0.0083525877410895732 0.021260876942187541 -0.028348578555394497 0.016482603817626666 0.042584172353575499 0.16282309883497417 -0.01647721176245023 -0.032637633180352559
leaf_weight=2868.2870931406505 378.92670032149181 567.64695559279062 68.769543301546946 2371.4991859532893 40.534473543753847 168.64453915064223 49.053631613729522 0.99214658793061861 646.49412595294416 161.33083259640262 310.04487224761397 39.280344784958288 567.19744645268656 82.960589837050065 12.508597629843281 554.55495135555975 0.6704216212965548 147.86567756230943 59.735338808968663 8.5062724631279689 215.51112452126108 289.02074203407392 68.77380231115967 64.699853923171759 8.6990301795303839 57.60962924733758 1532.3122819061391 399.77322702133097 208.98190186987631 218.47521327808499 23.431901542237028 9.4473639493808133 81.691997267771512 157.878143732436
leaf_count=1130241 101686 165094 1098 83828 479 5165 1651 113 15187 4063 5991 1227 151133 15808 593 15466 13 2935 906 122 3702 2708 604 961 871 699 10059 6523 5112 2561 1154 444 5576 5645
internal_value=-0.0022075 -0.0344898 0.0369856 0.0562568 -0.0027881 -0.00215155 -0.00921509 -0.0308344 0.0336103 -0.0280046 0.0383464 0.000840054 -0.0634497 -0.0467309 -0.00483392 -0.000425092 0.452724 0.0176658 0.0479942 0.136307 0.0113108 0.0160941 0.0493962 0.0088212 -0.0398543 -0.00715843 0.0066866 0.00800327 -0.00448229 0.0283816 -0.0150817 0.0631973 -0.0505813 -0.0229162
internal_weight=12441.8 6822.4 5619.41 3785.34 1834.07 3223.2 2744.51 1163.14 1413.84 821.406 478.689 595.498 3599.2 730.908 163.711 593.835 1.66257 1012.67 80.7502 21.0149 864.801 767.349 137.543 629.805 660.075 346.63 1581.37 824.266 424.493 283.175 199.456 18.1464 460.619 181.31
internal_count=1749418 1503582 245836 107646 138190 204779 193623 181913 23818 119439 11156 16819 1298803 168562 17429 16693 126 18751 1621 715 15816 8631 1702 6929 115376 3407 11710 15337 8814 3522 8114 1315 107262 6799
is_linear=0
shrinkage=0.07


Tree=50
num_leaves=35
num_cat=0
split_feature=12 3 3 6 9 6 12 9 6 1 1 4 9 6 1 0 6 12 9 6 3 1 12 9 0 1 10 1 12 9 3 0 1 12
split_gain=2849.7 1044.55 286.686 273.947 267.288 260.916 200.366 109.966 85.6007 71.6723 71.3392 57.0875 118.727 62.9964 55.4378 46.557 44.8813 40.4754 40.6807 43.9577 34.9714 38.1647 34.6202 29.6055 29.2993 28.4693 25.8049 43.6308 34.3293 25.4761 32.7313 27.0985 23.7986 37.859
threshold=22.500000000000004 0.56070175438596503 0.74133811230585434 0.61125503742084064 0.41428571428571431 0.77677926662922259 10.500000000000002 0.61250000000000016 0.71126025354213285 0.52704678362573121 0.86526825332795487 1.0000000180025095e-35 0.23611111111111113 0.41688948306595369 0.95419580419580419 0.30068493150684933 0.96799795186891979 13.500000000000002 0.38750000000000007 0.54589800443458991 0.96225071225071235 0.90990259740259749 8.5000000000000018 0.23611111111111113 0.53907203907203916 0.70064935064935074 1.0000000180025095e-35 0.95419580419580419 16.500000000000004 0.84523809523809534 0.48331479421579537 0.19433516915814328 0.85857142857142865 21.500000000000004
decision_type=2 2 2 2 2 2 2 2 2 2 2 2 2 2 2 2 2 2 2 2 2 2 2 2 2 2 2 2 2 2 2 2 2 2
left_child=1 5 16 6 8 17 10 9 14 -5 23 12 13 -8 -4 22 25 -1 -19 -20 21 -12 -7 -3 -17 29 27 -13 -28 -2 31 -31 33 -11
right_child=2 3 4 7 -6 15 11 -9 -10 32 20 26 -14 -15 -16 24 -18 18 19 -21 -22 -23 -24 -25 -26 -27 28 -29 -30 30 -32 -33 -34 -35
leaf_value=-0.066758719364583705 -0.017886122158088429 -0.057649439672574132 -0.028347109630857539 -0.014983258692795787 0.068960539437516011 0.11496353099733564 -0.054329844828901325 0.067678582366716922 0.0456129977494725 0.023176599215944876 -0.018045074757315219 0.011971177182067709 0.014344760631574414 -0.013918304735826578 0.021074094157557673 -0.035286069569961831 0.036741226231017811 -0.06080573715903944 -0.054937369324793449 0.015357731951297589 -0.02864813643897355 0.12773202284124932 0.012174033493817932 -0.019514602218353886 0.13219773139196675 0.063301889930688415 -0.026051225162980328 0.1057879260301629 0.0066641896572612958 0.039602282124740651 0.043635359783508049 -0.025264125217134437 0.046976139525371552 -0.053890015211182751
leaf_weight=2542.0015966610517 330.9231339879334 631.83145999233238 150.02876937203109 299.91930919839069 2114.6986981686205 17.516114077996463 354.64130362961441 226.11679063062184 626.20193413086236 454.84547030786052 14.686987480614333 528.92031079623848 399.64510754193179 404.73155598947778 429.93168300762773 151.76634610560723 197.613246480003 273.85810385108925 82.066662201890722 92.970053953118622 34.85039794864133 21.954039834905416 192.56421017996036 118.45395357254893 5.2967055961489669 31.468440940137953 231.04820236563683 25.45922078192234 491.4910883307457 43.10896971821785 96.782855873927474 117.76812263624743 191.93841084837914 33.537381405942142
leaf_count=1065516 12013 184339 3155 12845 80557 1151 108271 5905 14776 7121 777 4968 24896 30612 7539 11367 2446 93736 24903 6997 2013 400 10142 21434 56 745 1036 107 2319 480 1703 1497 3199 397
internal_value=-0.00215393 -0.0270071 0.0448203 -0.00482108 0.0539623 -0.0565004 -0.0153734 0.023675 0.0276667 0.0135244 -0.0452623 -0.0052902 -0.0165381 -0.0327912 0.00828943 -0.000809024 0.00769104 -0.0633367 -0.0439588 -0.0176004 0.0215523 0.0692995 0.0207444 -0.0516288 -0.0296379 -0.00156739 0.00491917 0.0162796 -0.0037973 -0.0050356 0.0114688 -0.00788238 0.026092 0.0178844
internal_weight=11960.6 7822.11 4138.53 4464.07 3320.86 3358.04 3257.71 1206.36 1206.16 980.241 821.777 2435.94 1159.02 759.373 579.96 367.143 817.665 2990.9 448.895 175.037 71.4914 36.641 210.08 750.285 157.063 620.052 1276.92 554.38 722.539 588.583 257.66 160.877 680.321 488.383
internal_count=1749418 1624507 124911 410639 106027 1213868 381172 29467 25470 23562 208963 172209 163779 138883 10694 22716 18884 1191152 125636 31900 3190 1177 11293 205773 11423 16438 8430 5075 3355 15693 3680 1977 10717 7518
is_linear=0
shrinkage=0.07


Tree=51
num_leaves=35
num_cat=0
split_feature=5 2 3 9 9 9 4 5 5 5 2 0 0 0 3 3 9 5 6 7 3 5 2 6 12 2 7 0 2 6 3 3 2 7
split_gain=2674.49 1184.02 775.195 180.931 175.114 148.724 162.336 230.489 99.3273 75.4128 74.7773 81.3833 67.8081 67.1469 54.3985 50.4983 68.0749 77.2647 47.0175 35.9841 35.5173 33.8061 40.9042 33.7902 46.0742 32.4254 31.444 31.4193 30.8269 25.8741 24.5669 23.6489 40.1845 27.1448
threshold=0.76975051975051978 0.63702239789196324 0.78346121057118523 0.41428571428571431 0.31666666666666671 0.31666666666666671 1.0000000180025095e-35 0.45478595478595479 0.97044263249854412 0.54912120288529931 0.85857142857142865 0.71148775894538618 0.4673758865248227 0.89725545390570038 0.5300120048019209 0.59824561403508791 0.47222222222222227 0.54246303642264715 0.42524210335777002 0.64126286093594431 0.20344827586206896 0.83405797101449286 0.39314988290398134 0.53975277426604873 12.500000000000002 0.76028169014084523 0.557178393745558 0.89512961508248245 1.0000000180025095e-35 0.69783049789292961 0.80901722391084108 0.42488716956802064 0.25198412698412703 0.62973194188663817
decision_type=2 2 2 2 2 2 2 2 2 2 2 2 2 2 2 2 2 2 2 2 2 2 2 2 2 2 2 2 2 2 2 2 2 2
left_child=1 15 4 10 8 6 7 -3 14 -7 11 21 20 25 28 -1 -17 -18 -9 -20 -6 22 -4 24 -19 -13 -16 -28 -2 -10 -8 32 -22 -33
right_child=2 5 3 -5 12 9 30 18 29 -11 -12 13 -14 -15 26 16 17 23 19 -21 31 -23 -24 -25 -26 -27 27 -29 -30 -31 -32 33 -34 -35
leaf_value=-0.067405868020735962 0.08613743756176849 -0.066021546981216706 -0.056486178956439995 0.069403123498129451 0.075243045462331459 0.0023615136337470509 -0.043594291907765967 0.069305475947157205 -0.029191281813639874 0.059834764219451227 0.052406636481664867 -0.056826668798106703 0.05136669042919606 0.02416358306562735 0.039833462232557924 -0.058251928575863129 -0.055426950460609234 0.2400870994488572 -0.015505714854310348 0.027075925199645853 0.016999342774695701 0.054673231497303965 0.21502891506185473 0.012389815467611819 0.039070351426069197 0.0049556676804438206 -0.025227303004653142 0.083147594875628589 -0.050280806225368499 0.040744252282792194 0.0074924753116161992 0.052874634086165564 -0.026357726546338139 0.0095043540109139811
leaf_weight=2508.1693497786764 8.2708805755246413 472.5870098809246 3.3870752649381783 1996.6169528048486 39.585634630639106 198.08182460139506 47.56344182882458 43.124879501760006 31.993931451346725 257.02890686318278 595.16097337007523 97.916357832495123 259.2761079040356 309.46493507176638 52.283528354018927 513.2533166129142 78.753949159756303 8.6931185845751333 457.28381601558067 123.50862307520583 213.85563452844508 94.461529089137912 13.779800333082674 57.141276166308671 15.63745653349906 72.404420684091747 251.0464626273606 13.830063130706547 435.48728512343951 136.58297674264759 1524.3311081989668 92.261555061908439 205.30065307952464 302.75918390438892
leaf_count=1126430 923 158934 79 81331 485 5558 1651 2056 1871 5473 15200 1004 5749 3654 1784 150981 15808 296 19025 1832 3739 784 144 1026 283 765 8223 160 110428 1916 10059 2153 5184 4430
internal_value=-0.00208944 -0.0327805 0.0349412 0.0565377 0.0012841 -0.00216551 -0.00847363 -0.0291458 -0.0211446 0.0348202 0.0348895 0.0172613 0.0200143 0.00473614 -0.0319152 -0.0628361 -0.0458174 -0.00598565 -0.00121428 -0.0064505 0.010493 0.0710953 0.161458 0.0418063 0.110892 -0.0305626 -0.00977631 -0.0195687 -0.0477382 0.0274713 0.00594666 0.00734481 -0.00423673 0.019634
internal_weight=11530.9 6305.16 5225.73 3183.19 2042.53 3123.51 2668.4 1096.5 929.495 455.111 1186.58 591.414 1113.04 479.786 760.918 3181.65 673.479 160.226 623.917 580.792 853.763 111.628 17.1669 81.4719 24.3306 170.321 317.16 264.877 443.758 168.577 1571.89 814.177 419.156 395.021
internal_count=1749418 1499412 250006 102961 147045 204588 193557 181847 125305 11031 21630 6430 21740 5423 121518 1294824 168394 17413 22913 20857 15991 1007 223 1605 579 1769 10167 8383 111351 3787 11710 15506 8923 6583
is_linear=0
shrinkage=0.07


Tree=52
num_leaves=35
num_cat=0
split_feature=5 1 0 3 2 5 6 8 5 5 8 2 6 3 5 8 0 8 12 12 1 7 12 6 1 3 2 7 2 2 0 6 12 8
split_gain=2414.62 1134.6 752.518 171.906 124.386 88.0318 201.404 86.699 86.4095 86.2291 79.5871 73.0459 59.646 50.7268 72.4707 64.2435 73.2841 45.0705 42.9802 62.627 36.274 33.3266 30.5749 37.527 29.7076 29.5363 29.4485 29.3536 28.4314 26.9887 23.6255 23.1357 28.0304 27.8156
threshold=0.76230831315577086 0.66312056737588665 0.85912698412698429 0.49306742640075979 0.23629112662013965 0.55230987917555097 0.23317152103559871 1.0000000180025095e-35 0.9455533596837945 0.43503836317135552 1.0000000180025095e-35 0.81375640520299586 0.39145636971723924 0.59824561403508791 0.57909117054932424 1.0000000180025095e-35 0.65261756876663723 1.0000000180025095e-35 8.5000000000000018 6.5000000000000009 0.92718275008837059 0.47092630155510479 30.500000000000004 0.45846602972399159 0.40253164556962034 0.20344827586206896 0.15535444947209656 0.66513056835637496 0.81375640520299586 0.99253731343283602 0.30068493150684933 0.84389334862385335 8.5000000000000018 1.0000000180025095e-35
decision_type=2 2 2 2 2 2 2 2 2 2 2 2 2 2 2 2 2 2 2 2 2 2 2 2 2 2 2 2 2 2 2 2 2 2
left_child=1 11 3 4 25 6 -3 20 10 -8 18 13 -11 -1 -15 -16 -17 -6 19 -5 -4 -12 23 -7 -23 -2 -10 29 -20 -25 -19 33 -33 -27
right_child=2 5 7 8 17 22 9 -9 26 12 21 -13 -14 14 15 16 -18 30 28 -21 -22 24 -24 27 -26 31 -28 -29 -30 -31 -32 32 -34 -35
leaf_value=-0.067573770297661442 0.062571081298434222 0.0059988844044390451 0.022379228381905591 -0.045173708927325862 -0.053132728781614527 0.067390071509214014 -0.060166736618632949 0.067583330640148445 -0.070884040373786442 0.12712360773195513 0.08337100933864687 0.092165768537683698 -0.016171723292280827 -0.060585070890997836 -0.051366905666505994 0.076722495053130654 -0.035855840897242454 -0.00021328360202716663 -0.026401536281537206 0.12300440717145832 0.05386207178457867 -0.007695268800684418 0.057942521133373198 0.01512798457121022 0.034647715867990009 -0.043694924622089931 0.044890138753927528 0.043948302342479047 0.047195420029599998 -0.02321624477005995 -0.034399934387269258 0.1786687798659124 0.022137444348100867 0.015599812291096962
leaf_weight=2312.1946262738202 59.555234992410988 1617.6994686471298 339.34907886385918 18.854837466031313 301.33594284555875 61.021999478340149 401.92175634461455 1881.8164837826043 10.973910787142811 15.202377576846628 48.755493276752532 15.056632506661115 223.3450171535369 545.9052711057011 110.27158871875145 60.069693819386885 53.628234934527427 199.20200282544829 358.19301584851928 25.55492842476815 380.28310571983457 115.93158347764984 99.649556798860431 233.97400829917751 270.92463850323111 68.342004834441468 566.92689691088162 94.681425951421261 27.7099279910326 146.11536084488034 197.01949950424023 5.8252388010732821 148.67810337245464 89.578474252251908
leaf_count=1113968 2700 13893 4707 2494 80316 877 122698 79043 145 989 720 824 16879 184087 17614 2495 1096 7043 17923 1059 10317 2700 2749 5277 5217 20846 12536 1286 272 1343 8838 110 1941 4416
internal_value=-0.00203515 -0.0321948 0.0332895 0.00597317 -0.0152972 -0.000678254 -0.00715501 0.0596808 0.0217296 -0.0403792 0.00773988 -0.0616404 -0.00703966 -0.0623918 -0.0468287 -0.0132987 0.0236223 -0.0327296 -0.0136121 0.0516018 0.0390161 0.0288321 0.0223382 0.0157163 0.0219585 0.0173929 0.0426917 0.00907468 -0.0211169 0.000387554 -0.0172125 0.00878086 0.0280391 -0.0100607
internal_weight=11105.5 5990.74 5114.81 2513.36 1069.54 2893.61 2258.17 2601.45 1443.83 640.469 865.924 3097.13 238.547 3082.07 769.875 223.97 113.698 697.557 430.313 44.4098 719.632 435.612 635.442 535.793 386.856 371.979 577.901 474.771 385.903 380.089 396.222 312.424 154.503 157.92
internal_count=1749418 1486075 263343 169276 126210 165991 154459 94067 43066 140566 30385 1320084 17868 1319260 205292 21205 3591 96197 21748 3553 15024 8637 11532 8783 7917 30013 12681 7906 18195 6620 15881 27313 2051 25262
is_linear=0
shrinkage=0.07


Tree=53
num_leaves=35
num_cat=0
split_feature=5 2 0 9 9 0 9 3 2 2 0 12 0 3 0 3 3 5 9 2 3 7 5 5 12 5 2 3 7 5 5 6 7 12
split_gain=2174.56 1062.73 710.109 202.139 121.101 125.37 118.6 110.755 98.5192 66.9241 69.5422 66.0375 62.559 56.6573 53.1109 110.878 50.2255 57.9777 60.9861 49.5173 45.8031 43.0985 41.3322 41.2512 39.8542 61.5695 35.5467 40.4791 29.8206 29.6404 29.4674 29.1865 27.8022 27.6433
threshold=0.76230831315577086 0.64346246973365628 0.85912698412698429 0.61250000000000016 0.53571428571428581 0.938137755102041 0.41428571428571431 0.54692082111436957 0.39314988290398134 0.90366769774635447 0.50301204819277123 12.500000000000002 0.99253731343283602 0.25320512820512825 0.69282051282051282 0.78346121057118523 0.59824561403508791 0.54246303642264715 0.47222222222222227 0.76028169014084523 0.938137755102041 0.24705229574143436 0.84389334862385323 0.5337121212121213 15.500000000000002 0.45478595478595479 0.92718275008837059 0.9076704545454547 0.63185164985001374 0.693997599039616 0.83405797101449286 0.75733900155110023 0.62529620853080581 12.500000000000002
decision_type=2 2 2 2 2 2 2 2 2 2 2 2 2 2 2 2 2 2 2 2 2 2 2 2 2 2 2 2 2 2 2 2 2 2
left_child=1 16 3 8 5 9 26 -5 13 10 -3 12 -7 -2 15 28 -1 -18 -19 -16 -11 -14 -15 -6 25 -13 27 -4 -10 -12 -17 -29 -26 -20
right_child=2 4 6 7 23 11 -8 -9 14 20 29 24 21 22 19 30 17 18 33 -21 -22 -23 -24 -25 32 -27 -28 31 -30 -31 -32 -33 -34 -35
leaf_value=-0.06723971322547008 0.035872868558939647 0.39761636550151086 0.063685957416262776 0.01123515413651755 0.0013430133780812691 0.099084360826259252 0.070102936986179337 0.061907936460357395 0.032011250474188908 0.097844426158676306 -0.050613322072874577 0.014763027579232155 -0.011994731904024185 -0.057116123275504242 -0.039077967903047912 0.15164860324813825 -0.060683815906762119 -0.043787891325883739 0.096660031928912094 0.023263972023037108 -0.051832829355127771 -0.057106443924529064 -0.021026260021510337 0.076820046639130168 0.0006790583869480377 0.090500357085260844 0.052534633172185721 -0.011349654812326998 -0.0086969890771635677 0.0072404040254751643 0.062994854643852807 0.029828525273596793 0.042186544168253313 0.0063329846502310277
leaf_weight=2163.5417365913745 65.41344489925541 1.7458959368523199 99.322572542354465 492.60023355763406 50.010258432012051 20.685962655348703 1591.7372808372602 370.18588877888396 126.35239237407222 29.116150580579415 443.62051601184066 254.543152439408 356.49436724325642 224.5963572121691 176.76223702472635 22.471261518076062 402.25927745806985 143.88940365752205 23.161229568999261 96.518927218392491 15.272876689210532 146.38213453232311 505.38987080333754 122.13387246942148 1347.2423201291822 66.292158685158938 423.27308148890734 142.39085051231086 291.83080872613937 48.097409090260044 100.69557370431721 206.88600051403046 84.002169342711568 58.618254040367901
leaf_count=1114423 6470 89 1757 4460 1166 455 74960 11627 6195 466 108670 10663 3646 74964 2083 212 148076 23106 706 1368 688 29916 46648 3195 36529 1109 12452 1029 13861 1209 1388 3869 1077 886
internal_value=-0.00197965 -0.0311317 0.032137 0.0056371 -0.00210133 -0.00558853 0.0587359 0.0329768 -0.00901372 -0.0359828 -0.0433885 0.00159522 -0.0202187 -0.0265376 0.00809641 0.0207956 -0.0621813 -0.0447523 -0.0163541 -0.0170597 0.0463452 -0.0251263 -0.0321301 0.0548929 0.00811373 0.0304122 0.0379837 0.0242543 0.00360284 -0.0449544 0.0791694 0.0130413 0.0031152 0.031915
internal_weight=10713.5 5777.11 4936.43 2472.82 2985.64 2813.5 2463.61 862.786 1610.03 537.853 493.464 2275.64 523.562 795.4 814.631 541.35 2791.47 627.928 225.669 273.281 44.389 502.877 729.986 172.144 1752.08 320.835 871.873 448.599 418.183 491.718 123.167 349.277 1431.24 81.7795
internal_count=1749418 1486075 263343 169276 198878 194517 94067 16087 153189 111122 109968 83395 34017 128082 25107 21656 1287197 172774 24698 3451 1154 33562 121612 4361 49378 11772 19107 6655 20056 109879 1600 4898 37606 1592
is_linear=0
shrinkage=0.07


Tree=54
num_leaves=35
num_cat=0
split_feature=5 1 1 9 3 9 4 5 3 9 1 5 5 7 3 9 5 12 6 6 1 9 1 6 3 6 7 3 6 3 6 8 5 1
split_gain=1957.57 1030.84 661.628 225.038 132.209 102.78 139 196.264 86.6304 74.4603 73.2336 61.0232 52.1126 56.1794 43.1595 70.3428 42.8805 38.0574 35.3148 34.7384 27.8986 25.9832 25.6671 25.4021 38.9431 24.1848 24.1143 23.4664 21.8535 19.7176 19.6497 19.4169 19.191 19.0473
threshold=0.76230831315577086 0.60943257184966848 0.76028169014084523 0.61250000000000016 0.60120481927710856 0.31666666666666671 1.0000000180025095e-35 0.45478595478595479 0.49306742640075979 0.41428571428571431 0.25176056338028174 0.54912120288529931 0.97489495798319337 0.42702481273408249 0.59824561403508791 0.47222222222222227 0.5265987549518959 8.5000000000000018 0.74347628772407548 0.42524210335777002 0.86526825332795487 0.31666666666666671 0.92718275008837059 0.50110132158590315 0.65058139534883741 0.2440886240923478 0.62529620853080581 0.94028520499108736 0.68588039867109651 0.67117117117117131 0.49618231625575576 1.5000000000000002 0.25082781456953646 0.17467581998474449
decision_type=2 2 2 2 2 2 2 2 2 2 2 2 2 2 2 2 2 2 2 2 2 2 2 2 2 2 2 2 2 2 2 2 2 2
left_child=1 14 3 8 33 6 7 30 10 22 18 20 13 -10 -1 -16 25 -15 21 -9 -7 -2 -4 24 -18 32 -21 -22 -14 -13 -3 -20 -17 -5
right_child=2 5 9 4 -6 11 -8 19 12 -11 -12 29 28 17 15 16 23 -19 31 26 27 -23 -24 -25 -26 -27 -28 -29 -30 -31 -32 -33 -34 -35
leaf_value=-0.067170693036487622 -0.053796561265531298 -0.065611087863124293 0.0250702452070471 0.043494678441503391 0.065668919075155985 -0.032376322034864562 0.0057421855915828586 0.058085890377449392 0.078183158185860552 0.070185684547864308 -0.046387758703238156 0.19942808931279724 -0.00512242780286496 0.050642931697843029 -0.059807467401276369 0.092929201520706994 0.41054625025417779 -0.010248396301155533 0.031088128065685675 -0.015169490088000144 0.11285651768761763 0.030112019312947207 0.05264691831388537 0.010186388468217322 0.068532357627005658 -0.058056378796131722 0.018870992990859769 0.011868488046962689 0.047589337705143432 0.05238739468376262 0.62730357429844297 -0.058133879966480249 0.71715442085844983 0.0072144415694796477
leaf_weight=2020.0543873871211 68.027462269179523 404.51025208528154 266.83691355958581 83.954792396165431 407.35722900973633 73.326473232009448 1567.8583480843809 43.57088181283325 40.304349929792807 1374.461065585725 388.40196051984094 4.5628649269929147 49.931326542980969 53.68903819785919 425.20160265080631 2.5463778055272992 1.8458826108835626 795.59093779674731 138.29721013945527 416.67948729440104 12.551941299811004 24.630552783841267 434.97206121496856 69.70373547472991 14.034205173607914 58.289562856778502 135.01236189436167 110.79479930177331 168.91330062318593 216.39480939065106 0.20063563948497076 13.082320381421594 0.26659557269886125 456.24868543399498
leaf_count=1112953 24413 158549 4832 724 16271 5135 11584 2124 928 69295 85941 86 591 3594 151925 348 148 24480 9760 18427 114 2146 13157 1496 249 14670 2243 964 2643 4954 42 242 64 4326
internal_value=-0.00191848 -0.0300669 0.0310311 0.00810769 0.0355585 -0.00202645 -0.00726438 -0.0276574 -0.0068339 0.0607132 -0.0275065 0.0301793 0.00496131 -0.00256686 -0.0623645 -0.045388 -0.00359005 -0.00639902 0.00254431 -0.00208672 0.0018177 -0.0314918 0.0421619 0.0283891 0.108288 -0.0483819 -0.00683896 0.0221452 0.0355627 0.0554238 -0.0652676 0.0233775 0.152089 0.0128529
internal_weight=10342.1 5577.41 4764.7 2688.43 947.561 2985.46 2567.83 999.974 1740.87 2076.27 632.44 417.631 1108.43 889.584 2591.94 571.888 146.686 849.28 244.038 595.263 196.673 92.658 701.809 85.5838 15.8801 61.1025 551.692 123.347 218.845 220.958 404.711 151.38 2.81297 540.203
internal_count=1749418 1486075 263343 176059 21321 204222 192969 181385 154738 87284 122502 11253 32236 29002 1281853 168900 16975 28074 36561 22794 6213 26559 17989 1893 397 15082 20670 1078 3234 5040 158591 10002 412 5050
is_linear=0
shrinkage=0.07


Tree=55
num_leaves=35
num_cat=0
split_feature=6 3 1 9 0 5 9 5 5 5 3 4 8 9 6 1 12 3 1 3 8 1 9 12 4 3 0 0 1 3 12 1 12 6
split_gain=1766.53 912.863 488.455 179.982 234.732 143.146 141.619 105.045 73.3822 67.1318 59.8645 55.9619 55.7295 47.9725 58.8435 44.6871 42.1173 48.6301 76.7982 39.8092 36.0424 31.7283 28.7067 26.0579 25.9864 25.3852 24.7386 37.8342 30.6834 27.4833 24.679 27.7513 23.8809 22.3702
threshold=0.7235442329227324 0.59824561403508791 0.51668520578420474 0.23611111111111113 0.91476997578692509 0.84877072612921667 0.47222222222222227 0.57909117054932424 0.74095860566448823 0.9201769911504426 0.84889995848899968 1.0000000180025095e-35 1.5000000000000002 0.53571428571428581 0.48178500331785007 0.75716625716625729 12.500000000000002 0.97182539682539681 0.91476997578692509 0.81530214424951286 1.5000000000000002 0.87007672634271105 0.31666666666666671 21.500000000000004 1.0000000180025095e-35 0.45773809523809533 0.68801229508196726 0.86425061425061434 0.68042553191489374 0.81302966101694929 13.500000000000002 0.87570224719101131 18.500000000000004 0.96799795186891979
decision_type=2 2 2 2 2 2 2 2 2 2 2 2 2 2 2 2 2 2 2 2 2 2 2 2 2 2 2 2 2 2 2 2 2 2
left_child=1 5 9 4 8 32 15 10 11 22 -5 -3 25 14 -9 26 17 18 -6 33 -16 -13 -2 -10 -19 -7 29 28 -28 -4 -18 -32 -1 -11
right_child=2 3 6 7 16 12 -8 13 23 19 -12 21 -14 -15 20 -17 30 24 -20 -21 -22 -23 -24 -25 -26 -27 27 -29 -30 -31 31 -33 -34 -35
leaf_value=-0.06687886785064083 -0.034075018192801218 -0.06397071519961782 0.014790074704463219 -0.051224719301122171 -0.030137274050132636 -0.03518320954244903 0.069910628540980277 0.080986174928118215 0.0021098936531342245 0.0021268515376098502 0.012028580913473943 -0.025786788623237342 0.1002640607941841 0.06225234166331764 0.017063267604568645 0.045865562526740435 0.024126070959319245 -0.049364422424030344 0.10520159907753301 0.063729176109117797 -0.06615660258100349 0.076005461745393493 0.0002588361134043653 -0.05817577548356035 -0.014476553743477494 0.020270951634331381 -0.093120386680421594 0.023823945814736642 -0.0036761961435164366 0.087732151886337886 -0.019989414950357304 0.0055394488967251427 -0.034414684390847709 0.029235486585049732
leaf_weight=1948.2532202702714 254.02966961322818 545.90613375080284 85.444844590150751 111.37667404429521 44.559034034376964 119.49675717041828 1467.5286218007095 68.694189895642921 189.27028766809963 502.73362965858541 214.54405375337228 89.541626291815192 22.564989840378985 262.11346858227625 258.84236784698442 537.26740361005068 273.30623688502237 155.59244430391118 38.121464535826817 75.148991164751351 28.287792986026034 18.024529216811061 225.02971782151144 43.139928102958947 319.30353347957134 61.147144536022097 32.563117463607341 99.686181182973087 44.440826640464365 35.964631960727274 250.85062851407565 1240.2433004041668 117.7393495850265 212.08443773910403
leaf_count=1150541 50441 227305 1022 26604 4528 22193 77980 1247 5376 10828 5683 8259 599 7385 5329 15954 11235 36930 540 2538 493 95 4614 570 1732 5638 301 1222 421 484 7473 33460 18135 2263
internal_value=-0.00186235 -0.0238139 0.037598 -0.0043009 -0.0122067 -0.0595149 0.0568138 0.0225682 -0.0428628 0.00272728 -0.00958693 -0.0548777 -0.0034561 0.0395278 0.0227881 0.0338059 -0.000510721 -0.0172812 0.0322634 0.015265 0.00886452 -0.00872977 -0.0179473 -0.00908032 -0.025907 -0.0164122 0.0120706 -0.00464511 -0.0415 0.0363974 0.004789 0.00124466 -0.0650288 0.0101699
internal_weight=9992.84 6420.92 3571.92 4151.72 3207.86 2269.2 2302.9 943.859 885.883 1269.03 325.921 653.472 203.209 617.938 355.824 835.367 2321.98 557.576 82.6805 789.967 287.13 107.566 479.059 232.41 474.896 180.644 298.1 176.69 77.0039 121.409 1764.4 1491.09 2065.99 714.818
internal_count=1749418 1581350 168068 384244 337503 1197106 97384 46741 241605 70684 32287 235659 28430 14454 7069 19404 95898 43730 5068 15629 5822 8354 55055 5946 38662 27831 3450 1944 722 1506 52168 40933 1168676 13091
is_linear=0
shrinkage=0.07


Tree=56
num_leaves=35
num_cat=0
split_feature=5 1 0 9 9 5 9 0 2 2 3 1 12 2 1 1 5 5 12 12 9 7 12 5 7 3 9 3 5 0 3 3 5 7
split_gain=1592.85 931.756 600.386 147.954 124.664 94.8801 83.2227 102.682 83.0307 75.1536 62.3219 53.1273 49.4088 54.958 64.566 43.287 39.7392 38.5879 38.2823 46.2974 36.3059 33.312 32.3719 52.5958 30.485 29.6764 51.6513 29.5279 29.4992 31.5229 25.1176 24.5764 24.2908 23.9738
threshold=0.76230831315577086 0.60943257184966848 0.85912698412698429 0.31666666666666671 0.41428571428571431 0.96110200479132524 0.53571428571428581 0.938137755102041 0.51899951899951913 0.76028169014084523 0.5300120048019209 0.89699381078691431 12.500000000000002 0.99253731343283602 0.93440860215053778 0.92718275008837059 0.54912120288529931 0.59191836734693892 8.5000000000000018 6.5000000000000009 0.61250000000000016 0.52698656740572913 15.500000000000002 0.45478595478595479 0.5361571791423877 0.59824561403508791 0.47222222222222227 0.94028520499108736 0.5265987549518959 0.61620294599018022 0.20344827586206896 0.9076704545454547 0.99773755656108609 0.63185164985001374
decision_type=2 2 2 2 2 2 2 2 2 2 2 2 2 2 2 2 2 2 2 2 2 2 2 2 2 2 2 2 2 2 2 2 2 2
left_child=1 9 3 5 15 10 7 11 30 25 -2 17 13 14 -9 31 -8 -3 19 -12 -10 -19 23 -14 -20 -1 -27 -13 -28 -30 -5 -4 -33 -24
right_child=2 6 4 8 -6 -7 16 12 20 -11 18 27 22 -15 -16 -17 -18 21 24 -21 -22 -23 33 -25 -26 26 28 -29 29 -31 -32 32 -34 -35
leaf_value=-0.066728936389592888 -0.046117615054178877 -0.052259689140115209 0.058314457529977846 0.065390833049890323 0.069465189649829312 0.025469942701950909 0.00038628937827071141 -0.00685792437619606 0.022416071920780885 0.097472581711253239 -0.038786932323791226 0.075661769760476005 0.012283421826741876 -0.03866694660060175 0.10106288298580784 0.050542219117227775 0.073560709482052525 0.060824157569216372 0.030127042989155001 0.10943668476682011 0.068661119368662787 -0.028138331264537415 0.00050950629569021966 0.080133597515397989 -0.022165656354728596 -0.060990082013244788 -0.049835238437113696 -0.054436357841665596 0.05296040345049375 -0.036216464570630241 0.0075217512314980544 0.0027193487691985611 0.057408595849687834 0.041123173014392618
leaf_weight=1770.4907191252569 379.96423112275079 342.37789916980546 62.005831902846694 38.357324830954894 1305.2296755025163 232.36454774904996 56.488396662403829 213.72805645829067 138.63475173409097 14.491612081998026 16.49588691664394 31.4704338980373 257.76431526872329 276.85316426341888 31.118805984267965 399.23301361873746 102.08902558218688 28.614985468098894 64.074819860863499 27.60523053095676 207.97608288703486 73.858615852775984 1345.3050830543507 71.512857367750257 370.43618313933257 374.21965751447715 55.541680924943648 11.736463787732644 47.513025897089392 32.853389472933486 878.15760140051134 286.56051924824715 46.213253581896424 75.198814397677779
leaf_count=1112953 121601 107905 1144 502 74960 5026 1532 15816 2240 1768 1208 574 10966 19422 511 13151 3132 1362 1360 650 9384 3458 36769 1185 9723 150289 15036 556 1344 463 17582 3788 1024 1034
internal_value=-0.00180128 -0.0280639 0.0289428 0.00467145 0.0561604 -0.0142117 -0.00181889 -0.00465269 0.0209805 -0.061433 -0.0249511 -0.0337831 0.00160636 -0.0173008 0.00685827 0.0342894 0.0474945 -0.0409807 -0.00814726 0.0539941 0.0501644 -0.00329622 0.00724357 0.0270192 -0.0144544 -0.0624428 -0.0475668 0.0403227 -0.0106061 0.0165053 0.00994365 0.0178533 0.0103142 0.00265952
internal_weight=9666.54 5213.23 4453.31 2354.07 2099.24 1090.94 2918.12 2759.54 1263.13 2295.11 858.576 488.058 2271.48 521.7 244.847 794.013 158.577 444.852 478.612 44.1011 346.611 102.474 1749.78 329.277 434.511 2280.62 510.128 43.2069 135.908 80.3664 916.515 394.78 332.774 1420.5
internal_count=1749418 1486075 263343 169276 94067 139568 204222 199558 29708 1281853 134542 113855 85703 35749 16327 19107 4664 112725 12941 1858 11624 4820 49954 12151 11083 1280085 167132 1130 16843 1807 18084 5956 4812 37803
is_linear=0
shrinkage=0.07


Tree=57
num_leaves=35
num_cat=0
split_feature=5 1 0 9 9 3 9 4 5 2 2 5 3 0 1 3 1 3 9 0 7 5 0 5 0 2 8 0 7 3 5 5 3 0
split_gain=1428.76 883.358 564.105 131.058 127.382 92.6334 75.9255 115.489 178.784 68.9377 68.099 50.4951 49.5689 47.3091 103.941 92.894 41.4737 30.8477 50.1489 28.9723 28.9657 26.6888 26.7648 26.3117 23.4754 23.331 32.5688 22.9982 22.8865 22.6243 22.5132 22.3745 20.7889 20.5879
threshold=0.76230831315577086 0.60943257184966848 0.85912698412698429 0.61250000000000016 0.41428571428571431 0.54692082111436957 0.31666666666666671 1.0000000180025095e-35 0.45478595478595479 0.39314988290398134 0.76028169014084523 0.61410415803287755 0.30940170940170947 0.69282051282051282 0.69614069369809484 0.78346121057118523 0.92718275008837059 0.59824561403508791 0.47222222222222227 0.91024165707710025 0.34222380275011849 0.5265987549518959 0.61620294599018022 0.84389334862385323 0.76277056277056288 0.32049382716049385 1.5000000000000002 0.13484848484848486 0.63185164985001374 0.9076704545454547 0.83405797101449286 0.99773755656108609 0.42488716956802064 0.19433516915814328
decision_type=2 2 2 2 2 2 2 2 2 2 2 2 2 2 2 2 2 2 2 2 2 2 2 2 2 2 2 2 2 2 2 2 2 2
left_child=1 10 3 9 16 25 7 8 -3 12 17 -8 27 15 -15 28 29 -1 -19 -10 -21 -20 -23 -14 -12 32 -27 -2 -11 -4 -17 -31 33 -5
right_child=2 6 4 5 -6 -7 11 -9 19 13 24 -13 23 14 -16 30 -18 18 21 20 -22 22 -24 -25 -26 26 -28 -29 -30 31 -32 -33 -34 -35
leaf_value=-0.066483144861392701 0.055883681366830196 -0.064589000866145843 0.056557455473765186 0.037375556101272259 0.069243592302497284 0.057385354722775374 0.0064908044126764661 0.0054669347199852976 -0.033744500140840059 0.027869737288315911 0.18249576685892735 0.057562322970614636 -0.054860715811379336 -0.070200162753960196 0.01889012503232243 0.13686453747520022 0.04931643927145702 -0.060301394130324183 -0.048730089340790914 0.083370029390486086 0.0020235624726071592 0.048029647557049207 -0.033871102470395029 -0.022394146319855767 0.0056278296453037427 -0.044439452688938806 0.021870981101070851 -0.0053690263903644272 -0.0078253449436530946 0.0025325960473765066 0.059033107667975489 0.056131744031175879 0.051147111707795928 -0.0042659232328146161
leaf_weight=1656.6857839081204 45.526074999012053 357.38095347490162 59.546155704185367 86.260618527885526 1220.7464831396937 309.3238504701294 239.25987750513013 1555.2159106858307 111.65818217687774 127.67733280686662 6.9528044271282834 157.17873225919902 171.03501018509269 108.18340382468887 157.71792479604483 22.637792874127626 381.16781616769731 352.76578874140978 52.919806807069108 22.527589521137998 447.8787751107011 48.678577891783789 32.675956905120984 429.37065479718149 7.8049948739353567 81.50888433214277 65.426868030335754 88.276028747088276 283.33267430355772 286.16775872185826 93.116389865987003 44.034526715055108 74.490471341647208 178.70111330365762
leaf_count=1112953 3609 158591 1144 771 74960 11627 7026 11584 14606 6195 185 4227 67338 1426 2025 212 13151 150289 15036 498 7690 1344 463 41679 1583 925 520 15456 13861 3788 1388 1024 582 1662
internal_value=-0.00174044 -0.0270145 0.0278415 0.00440201 0.0551755 0.0274359 -0.00171681 -0.00623893 -0.0256175 -0.00760184 -0.0608986 0.0267395 -0.0230565 0.00671309 -0.0173567 0.0188631 0.0328986 -0.0619303 -0.0464434 -0.00168953 0.00591922 -0.0100357 0.0151343 -0.0316428 0.0889552 0.00838924 -0.0149131 0.0154722 0.00326308 0.0168423 0.0742544 0.00968038 0.0184759 0.00929083
internal_weight=9363.83 5049.58 4314.25 2322.59 1991.66 795.712 2891.1 2494.66 939.446 1526.87 2158.48 396.439 734.208 792.666 265.901 526.764 770.916 2143.73 487.04 582.065 470.406 134.274 81.3545 600.406 14.7578 486.388 146.936 133.802 411.01 389.748 115.754 330.202 339.452 264.962
internal_count=1749418 1486075 263343 169276 94067 16087 204222 192969 181385 153189 1281853 11253 128082 25107 3451 21656 19107 1280085 167132 22794 8188 16843 1807 109017 1768 4460 1445 19065 20056 5956 1600 4812 3015 2433
is_linear=0
shrinkage=0.07


Tree=58
num_leaves=35
num_cat=0
split_feature=6 3 1 9 12 9 12 0 6 0 1 3 1 6 0 12 9 1 6 9 3 9 1 0 0 3 1 0 8 9 0 3 12 12
split_gain=1307.02 759.07 412.693 144.968 134.744 94.1764 71.8831 63.193 50.0432 47.1358 66.9761 59.4603 46.4585 52.3761 43.0022 44.5808 42.9574 36.6438 35.5656 30.9216 27.7955 27.604 23.9066 21.0236 29.6488 23.5119 23.2948 19.611 19.5012 29.6021 22.1123 23.1103 19.3377 18.248
threshold=0.7235442329227324 0.56330128205128216 0.51668520578420474 0.47222222222222227 10.500000000000002 0.58571428571428574 13.500000000000002 0.95293466223698797 0.90582164167069845 0.69028213166144214 0.89699381078691431 0.74813432835820903 0.70064935064935074 0.56420895839982987 0.99253731343283602 30.500000000000004 0.31666666666666671 0.75716625716625729 0.56203748717117719 0.31666666666666671 0.51668520578420474 0.58571428571428574 1.0000000180025095e-35 0.69028213166144214 0.86425061425061434 0.81302966101694929 0.68042553191489374 0.18808962264150944 1.5000000000000002 0.61250000000000016 0.30068493150684933 0.54391371340523886 13.500000000000002 11.500000000000002
decision_type=2 2 2 2 2 2 2 2 2 2 2 2 2 2 2 2 2 2 2 2 2 2 2 2 2 2 2 2 2 2 2 2 2 2
left_child=1 6 8 17 12 7 -1 9 19 11 -11 -6 13 -3 -9 -16 -8 23 -18 22 27 -14 32 25 26 -4 -25 -10 30 -30 31 -21 33 -2
right_child=2 4 3 -5 5 -7 16 14 20 10 -12 -13 21 -15 15 -17 18 -19 -20 28 -22 -23 -24 24 -26 -27 -28 -29 29 -31 -32 -33 -34 -35
leaf_value=-0.065300148717453016 0.12445925068063003 -0.055982016411894105 0.013831625034589765 0.069246886160644214 -0.018601557012092478 0.038309363981556148 -0.060833197346724398 0.082503898857392094 0.041233892920596676 -0.041474463085783016 0.037947334575585516 0.054156395430909783 -0.0097951099423012142 0.0036340654203777453 -0.00048936892195678404 0.036799334552794716 -0.041430113771158704 0.042211423829461928 0.016165597305554887 0.044505440453008131 0.044436749498391111 0.12785313681797611 -0.027224240255908961 -0.08357528796666451 0.020732338712749116 0.083202792664909181 -0.0045188990888581681 -0.0007951533691985818 -0.075355265507989821 0.00031067676508341168 -0.0057701858397628605 -0.055726019888556737 0.024063434623111307 0.54318600197846112
leaf_weight=1488.8940541431075 1.4238599336240434 385.34681361285038 85.429218828678131 1206.6061990135349 170.56042016809806 307.88837545609567 134.37127513298765 33.243197355652228 69.48655344452709 445.69123324356042 58.904103032313287 81.259544768603519 195.1061733198585 88.86308443674352 2094.7981153083965 169.84235437307507 96.964657571166754 479.92102976888418 114.65248879301362 122.55904510512482 155.10032025910914 7.4099539618473491 332.69457382021938 31.774838465731591 95.499534048140049 33.260848185047507 42.949774573557079 250.55486003123224 32.319825069047511 117.22435287048575 122.71439730760176 12.413482313742859 4.7443986323196441 0.7945584050612523
leaf_count=1044303 175 175953 1030 77980 28788 13856 69900 630 658 73980 1487 4602 26686 9744 74468 3731 39822 15954 13215 2030 3931 185 55714 295 1222 492 411 2943 793 1302 2743 123 195 77
internal_value=-0.00168275 -0.0212869 0.0343304 0.05411 -0.00432594 0.00141014 -0.0586212 -0.00230949 0.00235624 -0.0198588 -0.0322031 0.00487664 -0.0328246 -0.0448104 0.00346739 0.00230719 -0.0298798 0.0303543 -0.0102252 -0.00894207 0.0201164 -0.00475864 -0.0245376 0.0106581 -0.00510943 0.0332717 -0.0381357 0.00833008 0.00406564 -0.0160424 0.015735 0.0352871 0.103833 0.274432
internal_weight=9071.27 5873.8 3197.47 1975.44 4038.91 3362.19 1834.88 3054.3 1222.03 756.415 504.595 251.82 676.726 474.21 2297.88 2264.64 345.988 768.835 211.617 746.888 475.142 202.516 339.657 288.914 170.224 118.69 74.7246 320.041 407.231 149.544 257.687 134.973 6.96282 2.21842
internal_count=1749418 1581350 168068 97384 414110 201542 1167240 187686 70684 108857 75467 33390 212568 185697 78829 78199 122937 19404 53037 63152 7532 26871 56161 3450 1928 1522 706 3601 6991 2095 4896 2153 447 252
is_linear=0
shrinkage=0.07


Tree=59
num_leaves=35
num_cat=0
split_feature=12 3 6 6 3 12 9 1 12 9 9 0 1 6 4 6 9 3 6 9 12 12 0 0 0 0 8 1 3 12 1 3 0 3
split_gain=1176.26 640.022 250.311 197.175 124.6 112.924 89.8613 70.2235 52.872 52.736 50.1079 50.0339 49.1147 52.3618 47.9879 40.6967 38.5102 30.3403 27.4189 26.5649 25.903 37.5876 24.629 21.3003 20.944 20.579 19.9604 19.5029 18.5832 18.5379 17.886 16.7855 16.6792 16.1955
threshold=30.500000000000004 0.5300120048019209 0.72771403353927633 0.73357314148681074 0.63733075435203113 10.500000000000002 0.41428571428571431 0.76417112299465251 13.500000000000002 0.61250000000000016 0.81666666666666676 0.30068493150684933 0.71010186757215632 0.56420895839982987 1.0000000180025095e-35 0.41688948306595369 0.31666666666666671 0.84889995848899968 0.57080200501253142 0.58571428571428574 8.5000000000000018 6.5000000000000009 0.28035087719298252 0.30245854774156661 0.32305502846299822 0.53907203907203916 1.5000000000000002 0.23132664437012265 0.83910792512943055 13.500000000000002 0.95713410900183726 0.79205974842767291 0.084219858156028393 0.80901722391084108
decision_type=2 2 2 2 2 2 2 2 2 2 2 2 2 2 2 2 2 2 2 2 2 2 2 2 2 2 2 2 2 2 2 2 2 2
left_child=1 2 8 5 -2 12 30 10 -1 14 17 20 13 -3 15 -7 -10 28 -18 -14 21 -4 -23 -19 -20 -13 -11 -12 -5 -28 -6 -15 -22 -16
right_child=4 3 11 7 6 9 -8 -9 16 26 27 25 19 31 33 -17 18 23 24 -21 32 22 -24 -25 -26 -27 29 -29 -30 -31 -32 -33 -34 -35
leaf_value=-0.065707472183065316 0.0086802054639622435 -0.055312719051300675 -0.02524798858475397 -0.0057361679541286792 0.01212492577508884 -0.033420934572288008 0.067815536718805053 0.054409095319195105 -0.063300648018769501 0.016800067776432892 -0.07731680054689978 -0.034839686646405542 -0.0075149742806907326 -0.020884477759465205 -0.0402238697368663 -0.0064469340382598142 -0.041794752667798758 -0.12049282488808077 0.036147970967882408 0.13599073795352412 0.061049273858964796 0.1232342346213189 0.40748215779305619 0.033166551217575543 -0.034770286723487712 0.15346210593042336 0.14737411767686304 0.063650243774609275 -0.11232429700980939 0.046207587995355071 0.040894784385743718 0.037764579736078482 0.0012977921765024215 0.0060974234601817332
leaf_weight=1342.9499444309622 324.33262108941562 407.25357470184099 8.9829524899832922 301.39413370401599 161.72462919959798 363.87980280211195 1052.9651533327997 334.42617182293907 122.24846445443109 169.30074350885116 5.0441582445055237 210.12178370181937 187.95084568078164 65.54097280674614 37.989964080159552 1110.46820110525 81.802457856247202 4.5484037566930047 64.211192008573562 6.5406708095688364 24.780190012534149 11.128604407305827 1.725198913598432 157.10900720348582 29.910007721977308 2.8829028271138659 10.393094881437717 103.18103473330848 8.2338743172585946 60.774132716120221 306.6682695588097 37.646333787241019 300.3349179715151 1398.6195345674641
leaf_count=1009375 5429 203583 2376 5464 3550 123714 72207 14862 68638 9946 82 26501 24146 12702 1161 61827 37292 38 7452 172 771 790 179 2313 4318 66 257 4429 82 2195 10040 1456 23632 8373
internal_value=-0.00161864 -0.0147742 -0.0459984 -0.000366922 0.0480713 -0.00729514 0.0564689 0.0288667 -0.0597872 -0.00162983 0.0141266 -0.00558608 -0.0326221 -0.0440274 -0.00423244 -0.0131043 -0.0331225 0.00426281 -0.0121518 -0.00268894 0.010809 0.0846102 0.161385 0.0288432 0.0136114 -0.0322911 0.0298758 0.0570801 -0.00857064 0.0609817 0.0309613 0.000512747 0.00585203 0.00487249
internal_weight=8817.06 6971.37 2201.08 4770.29 1845.69 3856.36 1521.36 913.937 1641.12 3151.43 579.511 559.957 704.932 510.441 2910.96 1474.35 298.172 471.285 175.924 194.492 346.952 21.8368 12.8538 161.657 94.1212 213.005 240.468 108.225 309.628 71.1672 468.393 103.187 325.115 1436.61
internal_count=1749418 1658192 1181390 476802 91226 449532 85797 27270 1127075 207473 12408 54315 242059 217741 195075 185541 117700 7897 49062 24318 27748 3345 969 2351 11770 26567 12398 4511 5546 2452 13590 14158 24403 9534
is_linear=0
shrinkage=0.07


Tree=60
num_leaves=35
num_cat=0
split_feature=12 3 6 9 3 12 9 6 4 6 2 2 12 6 12 9 1 2 6 2 2 8 8 9 6 1 12 2 7 3 6 7 2 1
split_gain=1061.29 588.606 243.303 176.14 121.015 119.523 91.9179 69.0134 66.7376 59.9457 49.5111 47.8345 45.1893 42.8212 40.5607 31.1513 29.2625 26.526 28.5357 23.612 21.618 21.1485 18.9451 18.1297 20.7085 16.559 15.0976 14.6673 13.529 13.1342 12.9294 12.679 12.6641 22.3
threshold=30.500000000000004 0.5300120048019209 0.70431393391797348 0.53571428571428581 0.63733075435203113 6.5000000000000009 0.41428571428571431 0.73357314148681074 1.0000000180025095e-35 0.41688948306595369 0.25198412698412703 0.76417112299465251 13.500000000000002 0.61830143540669869 8.5000000000000018 0.31666666666666671 0.38924963924963935 0.22378716744913932 0.57705214248838421 0.79205974842767291 0.71516754850088204 1.5000000000000002 1.5000000000000002 0.47222222222222227 0.86377084454007547 0.95713410900183726 15.500000000000002 0.78319623971797891 0.48198949644732775 0.45773809523809533 0.9455533596837945 0.77154105736782919 0.64346246973365628 0.71516754850088204
decision_type=2 2 2 2 2 2 2 2 2 2 2 2 2 2 2 2 2 2 2 2 2 2 2 2 2 2 2 2 2 2 2 2 2 2
left_child=1 2 12 5 -2 20 25 8 9 -7 -4 14 -1 21 -9 -14 22 18 -17 -10 -3 32 -15 24 -12 -6 -23 -28 -27 -19 -13 -26 33 -5
right_child=4 3 10 13 6 7 -8 11 19 -11 23 30 15 16 -16 17 -18 29 -20 -21 -22 26 -24 -25 31 28 27 -29 -30 -31 -32 -33 -34 -35
leaf_value=-0.065749089238348643 0.0080899410545110396 -0.058331206965485889 0.015828441990033765 -0.022308850342120601 0.011379625210118705 -0.037310051885634424 0.067473123413115538 0.12327088743972518 0.027152697660283109 -0.0077219576703180205 -0.054908092479019718 0.052061427829989883 -0.06390982224326304 -0.041901590482429391 0.0015725691897547902 -0.025856238081901486 0.065035659388503239 -0.044338762601786999 0.092987466253093093 0.0012511334878625073 -0.0072154069524133476 0.10474529353596841 0.050924837691665517 -0.0074269098302840279 0.06372097583785323 0.015611123942875319 -0.0081391713998441046 0.082470606106792438 0.048713039211771544 0.0094760553518419798 0.001765039149744048 -0.020188115250775577 0.021618855322336816 0.29607235042924795
leaf_weight=1231.2321720499313 323.66223497036844 229.85236093378626 254.50569951662328 78.562245978857391 160.30743596469983 453.92190802213736 986.58694960456342 13.857685429742558 198.19178111234214 1286.3174118208699 130.96898449398577 190.68689685314894 100.88400130555965 22.449219005415216 424.27547363657504 19.191964422119781 251.31338249833789 88.03491081611719 20.447558932821266 1328.0479850419797 49.223868493689224 17.981550499331206 20.71389736130368 164.60389008314814 10.582957921549676 84.563866313546896 22.851926391362213 14.189236772246657 212.60815752111375 29.72641553892754 28.830230205319822 53.089613856282085 78.959647451061755 1.0929629947058845
leaf_count=992619 5429 127941 22710 17579 3550 183177 72207 210 5278 93021 50415 6521 62120 415 6827 7724 13346 30577 2018 6995 9617 712 305 1988 498 1593 1173 419 8447 7855 1090 2866 2128 48
internal_value=-0.00155459 -0.0140918 -0.0448821 -0.000346083 0.0467762 -0.00505202 0.0554471 -0.00190411 -0.00606945 -0.0154397 -0.00779265 0.0187847 -0.0601647 0.0385823 0.00542176 -0.0335444 0.0558908 -0.0140821 0.0354478 0.00461461 -0.0493153 0.0147243 0.00264564 -0.0245269 -0.038988 0.0295121 0.0521181 0.0265704 0.0392935 -0.0307543 0.0454558 -0.00624166 0.00175255 -0.0179403
internal_weight=8582.32 6814.59 2103.27 4711.32 1767.73 4203.21 1444.07 3924.13 3266.48 1740.24 613.751 657.65 1489.52 508.114 438.133 258.285 294.476 157.401 39.6395 1526.24 279.076 213.638 43.1631 359.245 194.642 457.479 55.0227 37.0412 297.172 117.761 219.517 63.6726 158.615 79.6552
internal_count=1749418 1658192 1181390 476802 91226 440677 85797 303119 288471 276198 78477 14648 1102913 36125 7037 110294 14066 48174 9742 12273 137558 22059 720 55767 53779 13590 2304 1592 10040 38432 7611 3364 19755 17627
is_linear=0
shrinkage=0.07


Tree=61
num_leaves=35
num_cat=0
split_feature=5 1 2 9 3 9 2 9 4 5 2 5 3 5 6 5 9 6 2 5 7 12 3 8 0 6 0 7 0 0 1 2 0 7
split_gain=979.984 718.92 438.809 124.714 107.662 64.2487 63.1581 55.1805 87.6251 162.551 50.5918 44.413 39.8769 34.7396 33.988 33.3366 169.429 43.8003 44.6095 31.0814 44.8354 26.7138 22.481 20.4972 19.7164 19.1264 18.6243 21.3981 17.7887 17.7151 17.4982 16.9016 15.7366 17.7311
threshold=0.76230831315577086 0.6081452944413871 0.81375640520299586 0.92857142857142871 0.60120481927710856 0.41428571428571431 0.76028169014084523 0.31666666666666671 1.0000000180025095e-35 0.45478595478595479 0.39314988290398134 0.61410415803287755 0.25320512820512825 0.84389334862385323 0.42887798896382595 0.62084711069122978 0.47222222222222227 0.50110132158590315 0.24283374283374284 0.97489495798319337 0.43341543513957315 8.5000000000000018 0.87226107226107241 1.0000000180025095e-35 0.66244725738396626 0.68194955333683671 0.76277056277056288 0.53361581920903967 0.90366769774635458 0.62593283582089565 0.58898944193061853 0.14907407407407411 0.13994288045695638 0.43341543513957315
decision_type=2 2 2 2 2 2 2 2 2 2 2 2 2 2 2 2 2 2 2 2 2 2 2 2 2 2 2 2 2 2 2 2 2 2
left_child=1 6 3 10 -5 -4 15 8 9 -3 12 28 32 -14 -11 22 -17 29 -19 20 -12 -22 -1 -16 -8 -21 27 -13 -9 -18 -15 -6 33 -2
right_child=2 7 5 4 31 -7 24 11 -10 14 19 26 13 30 23 16 17 18 -20 25 21 -23 -24 -25 -26 -27 -28 -29 -30 -31 -32 -33 -34 -35
leaf_value=-0.068096215310210872 0.39838381390797395 -0.063745689987538781 0.037641097869780246 0.0099925524444272381 -0.25848812413454303 0.069923933301527741 0.1869697563528758 -0.031157243514140759 0.0045622702183621185 0.057234828756933268 0.068832040594391714 0.19417406917814489 -0.048930013527236617 -0.013091802687717931 -0.0011941362868680705 -0.063833164857977034 0.24786203154378403 0.15557229095718558 0.0047156090542096766 -0.0088637981351217775 0.051546277237726749 -0.0055357605359854555 -0.021254454478294181 -0.046480697829713036 0.016728292845052208 0.044145030094838195 0.042016768689806874 0.061192015885821273 0.014895302468750499 0.039072226080140514 0.24188626277049588 0.064165229736798016 -0.0094587585711421243 0.053581673399301033
leaf_weight=1194.6160415568156 0.74338000151328643 311.60552667092998 482.66308757849038 468.9559094782453 0.79759420640766521 807.37685865024105 5.9585445309057814 53.033769537927583 1546.3257250897586 45.38294370577205 45.844134691753425 9.0778847348410654 171.27235563320573 500.68527200294193 470.78592268005013 387.58215325907804 6.7754307952709478 11.323995607090181 63.270909300306812 42.638759446330369 42.500757291214541 733.43767458654474 52.407363813254051 54.658236024319194 7.5663378816097975 153.14803245663643 117.39355697622523 17.093084119609557 182.63251339131966 2.8199969230918214 1.3222994930110861 305.98929766239598 25.810231240116991 43.142534640501253
leaf_count=967501 98 159948 16685 4577 15 64594 91 5009 11640 2435 966 83 75128 47130 19222 284928 1565 2705 8027 538 2783 21853 13556 1446 1601 3553 3965 191 2134 28 12 19005 3434 2972
internal_value=-0.00148973 -0.0234825 0.0246069 0.00770062 0.0310848 0.0578454 -0.0589458 -0.00160431 -0.00548182 -0.0230825 -0.00260304 0.0232289 -0.0164901 -0.0217077 -0.00088512 -0.0601315 -0.0442819 0.0457252 0.0276166 0.00753654 0.00156509 -0.00240919 -0.0661276 -0.00590498 0.0917302 0.0326007 0.053921 0.107319 0.00453175 0.186501 -0.0124202 0.0633264 0.0339139 0.0594222
internal_weight=8366.64 4540.31 3826.33 2536.29 775.743 1290.04 1732.32 2807.99 2428.76 882.433 1760.55 379.231 742.976 673.28 570.827 1718.8 471.772 84.1903 74.5949 1017.57 821.783 775.938 1247.02 525.444 13.5249 195.787 143.565 26.171 235.666 9.59543 502.008 306.787 69.6961 43.8859
internal_count=1749418 1486075 263343 182064 23597 81279 1280002 206073 194691 183051 158467 11382 128774 122270 23103 1278310 297253 12325 10732 29693 25602 24636 981057 20668 1692 4091 4239 274 7143 1593 47142 19020 6504 3070
is_linear=0
shrinkage=0.07


Tree=62
num_leaves=35
num_cat=0
split_feature=5 1 2 0 5 2 8 0 8 1 5 8 12 2 1 3 6 7 7 3 1 5 8 6 0 5 12 12 6 2 12 5 3 3
split_gain=875.174 677.857 413.747 94.1593 72.8786 58.9107 53.5239 49.6414 59.9625 54.3203 46.2467 43.1275 42.6583 52.248 54.9986 38.6187 38.2745 36.5239 36.0436 33.6218 36.8199 32.4598 108.175 37.8306 29.2772 28.5495 28.4918 59.0031 25.4891 25.4175 25.1441 40.4087 23.2988 23.1819
threshold=0.76230831315577086 0.6081452944413871 0.81375640520299586 0.89725545390570038 0.9201769911504426 0.74133811230585434 1.0000000180025095e-35 0.94201680672268928 1.0000000180025095e-35 0.84889995848899968 0.56928691746210003 1.0000000180025095e-35 12.500000000000002 0.99253731343283602 0.94185260311020957 0.92084377610693402 0.75733900155110023 0.46681350954478712 0.63185164985001374 0.45534290271132383 0.27639257294429714 0.62084711069122978 1.0000000180025095e-35 0.50110132158590315 0.61620294599018022 0.88322510822510836 9.5000000000000018 6.5000000000000009 0.42524210335777002 0.15535444947209656 15.500000000000002 0.45478595478595479 0.92770034843205595 0.87226107226107241
decision_type=2 2 2 2 2 2 2 2 2 2 2 2 2 2 2 2 2 2 2 2 2 2 2 2 2 2 2 2 2 2 2 2 2 2
left_child=1 5 3 4 11 21 -4 8 9 -3 -10 26 13 14 -9 -11 32 25 30 20 -6 33 -23 -24 -7 -13 27 -2 -12 -21 31 -14 -5 -1
right_child=2 7 6 16 19 24 -8 12 10 15 28 17 18 -15 -16 -17 -18 -19 -20 29 -22 22 23 -25 -26 -27 -28 -29 -30 -31 -32 -33 -34 -35
leaf_value=-0.067982416569531703 -0.051404414668821272 -0.051154767679928034 0.034655503519112008 0.075962103035938033 0.015927259980553044 0.18501324341770459 0.0665829431839602 -0.0035280326308256326 -0.029970383569528903 0.051624650488908935 0.23415911520766061 0.10154756828966233 0.011531123091039916 -0.036350500717623316 0.100917394638392 -0.039644386369980994 0.050816661212246969 -0.0041745592288489784 0.046584803396639542 -0.06887294731724497 -0.024117946672758295 -0.066717916009837314 0.10850882504233154 -0.0056333047030602624 -0.0021295232664466576 -0.013396115780607622 -0.034283972299107741 0.074287206285135909 0.04752070245646129 0.027022735893854791 0.0012656988300374732 0.077463386369294895 -0.005118770109425414 -0.019751445313228685
leaf_weight=1114.6353444255656 35.703370264265686 277.97234342736192 368.44004352204502 20.288759463466704 277.6674763103947 6.6808662210823995 852.81721237627789 214.00732966861688 50.906604161020368 50.929746961570345 3.7881965909618875 30.009644017321989 253.35963000543416 267.81359857192729 27.927998780272901 41.008129472727887 299.27540321648121 462.21826415229589 110.75799716357142 13.866239817813037 189.14483307627961 310.33910134225152 16.08897519169841 123.01529628993012 10.58778440277092 16.360854659229517 420.84349601319991 37.544157820055261 67.005547757493332 581.868247900391 1363.3853708531242 55.532083524158224 120.53635750990361 51.067988260299899
leaf_count=966388 15354 104571 13062 418 7884 103 68217 16019 7241 2232 54 1622 10866 19434 384 2295 15255 20111 2442 246 8687 254116 4545 38531 2940 504 91099 5023 1440 14590 37980 1115 1271 13379
internal_value=-0.00143914 -0.0225178 0.0235437 0.00725891 0.000994366 -0.0583327 0.0569508 -0.00152058 -0.0217054 -0.0357279 0.0209161 -0.0125422 0.00280739 -0.0150501 0.00852871 0.0109149 0.0366561 0.001767 0.00791263 0.0137682 -0.000298413 -0.0597077 -0.043726 0.00756852 0.070272 0.0609921 -0.0272712 0.0130208 0.0575078 0.0247907 0.0053513 0.0233843 0.0065626 -0.0658695
internal_weight=8143.39 4416.81 3726.58 2505.33 2065.23 1632.42 1221.26 2784.39 491.611 369.91 121.7 1002.68 2292.78 509.749 241.935 91.9379 440.101 508.589 1783.04 1062.55 466.812 1615.15 449.443 139.104 17.2687 46.3705 494.091 73.2475 70.7937 595.734 1672.28 308.892 140.825 1165.7
internal_count=1749418 1486075 263343 182064 165120 1280002 81279 206073 117833 109098 8735 133713 88240 35837 16403 4527 16944 22237 52403 31407 16571 1276959 297192 43076 3043 2126 111476 20377 1494 14836 49961 11981 1689 979767
is_linear=0
shrinkage=0.07


Tree=63
num_leaves=35
num_cat=0
split_feature=12 3 5 5 6 5 3 8 7 5 0 6 1 1 8 1 5 3 3 6 5 6 0 0 7 3 1 7 0 5 3 1 6 1
split_gain=800.332 457.611 282.585 170.644 204.671 129.142 108.159 76.073 71.6941 61.1323 53.1838 49.9594 47.7424 32.0844 29.4866 28.713 23.6502 20.7616 19.0826 18.4984 18.0675 20.5474 17.7071 15.1707 14.3145 13.9455 24.2578 13.2502 13.1003 12.7796 12.6752 13.6497 12.5952 12.4846
threshold=30.500000000000004 0.5300120048019209 0.75573053368328968 0.62815215087942378 0.21722278395685882 0.44912747707778772 0.63733075435203113 1.0000000180025095e-35 0.53361581920903967 0.97489495798319337 0.30068493150684933 0.42524210335777002 0.29217479674796754 0.85857142857142865 1.0000000180025095e-35 0.69006568144499192 0.92508503401360553 0.42020373514431242 0.2253968253968254 0.69783049789292961 0.97489495798319337 0.92876658860265426 0.92031746031746042 0.29818990155604963 0.50102880658436222 0.80901722391084108 0.92718275008837059 0.60349928586002866 0.41223155929038291 0.6971087016958577 0.42020373514431242 0.19433516915814322 0.83393285371702663 0.19139194139194141
decision_type=2 2 2 2 2 2 2 2 2 2 2 2 2 2 2 2 2 2 2 2 2 2 2 2 2 2 2 2 2 2 2 2 2 2
left_child=1 2 -1 4 25 -6 29 20 14 12 18 22 -10 -14 -5 -13 -12 -18 -4 -11 21 -8 -7 32 -25 26 -3 -19 -21 -2 31 -31 -20 -16
right_child=6 3 10 8 5 11 7 -9 9 19 16 15 13 -15 33 -17 17 27 23 28 -22 -23 -24 24 -26 -27 -28 -29 -30 30 -32 -33 -34 -35
leaf_value=-0.065962083919400935 -0.064131317876185603 -0.043977685829049179 0.042499832642202688 0.020724974075206549 -0.06126008590996998 -0.0055430160716062838 0.021022069332130924 0.063312744487987668 -0.05452104026561768 -0.0052006077973494611 -0.049059625486841965 -0.044714609643808231 -0.0010983319898396078 0.027153615807424283 -0.065663432451081652 -0.0063050532894365933 -0.043629003237770851 0.065363600349041234 -0.01348202301974126 0.006227248280083939 0.051079247495382833 -0.04794310951235739 0.085354456843824658 0.26116525543109226 0.044560453493499706 0.0048915307302943942 0.11156242272115426 -0.0031163567872803896 0.058743502483304032 0.025728936003471332 0.025522336474957195 -0.016920577430078187 0.010730363877552275 0.057326936595860647
leaf_weight=1036.0974896574044 11.888321948703377 53.739058224484324 54.324435289134271 233.46511310036294 516.72441920160782 15.401601270539684 221.42398420255631 909.77615196583793 70.167062026332133 34.345568185206503 189.01627498713788 139.66275149816647 924.81725700874813 250.26934728398919 4.1116776500130063 300.6826798748225 53.326257310807705 18.246636023046449 255.01242488366552 27.411708476953208 90.185396710410714 23.406384445726871 33.004998252028599 1.7915866532130156 9.0300091676181165 1511.2183201372391 5.407580374274402 57.391735731624067 154.23369036009535 54.411097541917115 138.40911372750998 113.40941170882434 179.29009475931525 246.26782334095333
leaf_count=1033390 2177 8409 3916 8019 311393 6129 5840 75386 6163 402 63479 51756 35516 8500 80 11938 3844 1330 66395 337 3725 846 1102 182 1970 12856 26 2550 6924 519 1750 983 4334 7252
internal_value=-0.00138734 -0.0123936 -0.0416849 -0.000384532 -0.0122024 -0.0368617 0.0435027 0.0528118 0.0152656 0.00753241 -0.0109135 -0.011067 0.00156946 0.00491875 0.0386206 -0.0184873 -0.0332908 -0.0101792 0.00333333 0.0419106 0.024295 0.0144288 0.0564335 -0.00144668 0.0804208 0.00358651 -0.0297572 0.0134034 0.0508184 0.0070763 0.00984069 -0.00309267 -0.00348659 0.0553072
internal_weight=7937.37 6374.46 1853.53 4520.93 2575.84 1005.48 1562.91 1244.79 1945.09 1461.24 817.429 488.752 1245.25 1175.09 483.845 440.345 317.981 128.965 499.449 215.991 335.016 244.83 48.4066 445.124 10.8216 1570.36 59.1466 75.6384 181.645 318.118 306.23 167.821 434.303 250.38
internal_count=1749418 1658192 1181390 476802 403609 382318 91226 85797 73193 57842 148000 70925 50179 44016 15351 63694 71203 7724 76797 7663 10411 6686 7231 72881 2152 21291 8435 3880 7261 5429 3252 1502 70729 7332
is_linear=0
shrinkage=0.07


Tree=64
num_leaves=35
num_cat=0
split_feature=5 2 2 9 0 9 0 9 1 0 5 1 5 7 7 2 9 7 5 9 2 2 6 2 1 7 5 0 9 9 1 0 2 6
split_gain=701.247 601.697 371.271 103.512 95.8459 70.3149 57.6 84.493 51.1291 44.3987 42.9628 37.8219 37.4558 49.8831 33.1878 27.2147 30.3747 26.4027 26.2896 152.801 45.294 41.9201 23.9341 23.6392 80.348 22.9486 32.5023 20.7597 19.6819 19.3511 18.0018 17.9364 16.9038 15.1873
threshold=0.76230831315577086 0.56070175438596503 0.81375640520299586 0.92857142857142871 0.47140522875816998 0.41428571428571431 0.938137755102041 0.23611111111111113 0.83910792512943055 0.5656275635767023 0.57909117054932424 0.77459677419354855 0.97489495798319337 0.42702481273408249 0.52193151212004618 0.39314988290398134 0.31666666666666671 0.66513056835637496 0.62084711069122978 0.58571428571428574 0.24068965517241384 0.23294573643410851 0.50110132158590315 0.99253731343283602 0.95419580419580419 0.24705229574143436 0.4232172936552499 0.64075471698113218 0.47222222222222227 0.14835164835164838 0.90990259740259749 0.12632978723404262 0.10128205128205127 0.69783049789292961
decision_type=2 2 2 2 2 2 2 2 2 2 2 2 2 2 2 2 2 2 2 2 2 2 2 2 2 2 2 2 2 2 2 2 2 2
left_child=1 11 3 12 -5 -4 7 8 -3 -9 30 18 13 31 -12 16 -15 23 -1 28 21 -21 -22 24 -8 -25 -27 -17 -20 33 -11 -2 -30 -14
right_child=2 6 5 4 -6 -7 17 9 -10 10 14 -13 29 15 -16 27 -18 -19 19 20 22 -23 -24 25 -26 26 -28 -29 32 -31 -32 -33 -34 -35
leaf_value=-0.066793387191414338 0.3178603335057173 -0.051636049028713049 0.033440768201425192 0.010495670221202796 0.064255437837852619 0.069540998130710407 0.0042368658154039729 0.14804700296010406 0.0077439476296540652 -0.037356656492267548 0.10858126067159585 0.14344208712684278 -0.010109128741888566 -0.035013971907678368 0.013077645967605184 0.011077376756823213 0.0011666247069153143 0.041672796038525382 -0.065705614940476234 0.19391518610558042 0.19095805166452212 0.90509489742145133 0.022939294415239449 0.0013032007995253416 0.09079352379519072 -0.052458231616009501 -0.0074907519852083753 -0.012360696583392471 0.44640119877454637 -1.3221168152111211e-05 0.21484860820908355 0.049927894053978523 -0.0088073196124880647 0.041550702429520942
leaf_weight=938.80498853878817 1.2519433059496794 330.49916889838642 437.95799719728529 488.56763386749662 243.48513422440737 667.04252935852855 794.89498685568105 12.432160973548887 90.512201000005007 64.061386542802211 26.516413225443102 4.4699027760652816 33.956097990972921 358.53404491499532 54.422336242976598 311.33419698325451 166.49976412695833 80.27481854823418 308.91054712032201 7.2420157988090059 4.8159623856190583 0.43025361001491536 30.237367565394379 928.51215399324428 56.269606135436334 103.35144123132341 331.03151596244425 456.95181995956227 0.40624410437885927 173.72375711146742 1.417452499270438 55.405253877746873 24.906869046855718 155.96480647940189
leaf_count=924595 160 158922 16685 5661 17936 64594 37775 975 5307 9456 397 384 1676 112854 1027 18418 8487 1925 282300 1192 466 136 3905 7171 943 33559 9141 6306 148 3816 20 3965 6331 2785
internal_value=-0.00133482 -0.0207142 0.0215581 0.00634314 0.0283765 0.055233 -0.0027455 -0.0224569 -0.0388701 0.0210442 0.0102605 -0.059833 -0.00306943 -0.00844068 0.0443657 -0.011257 -0.0235403 0.00223628 -0.0605235 -0.0449083 0.0797421 0.233797 0.0460233 0.000806441 0.00995904 -0.0049096 -0.0181897 -0.00286284 -0.060843 0.0168705 -0.031897 0.0558483 -0.00150179 0.0323144
internal_weight=7745.09 4194.42 3550.67 2445.67 732.053 1105 2874.2 579.861 421.011 158.85 146.418 1320.22 1713.62 1349.98 80.9387 1293.32 525.034 2294.33 1315.75 376.949 42.7256 7.67227 35.0533 2214.06 851.165 1362.9 434.383 768.286 334.224 363.645 65.4788 56.6572 25.3131 189.921
internal_count=1749418 1486075 263343 182064 23597 81279 266618 176104 164229 11875 10900 1219457 158467 150190 1424 146065 121341 90514 1219073 294478 5699 1328 4371 88589 38718 49871 42700 24724 288779 8277 9476 4125 6479 4461
is_linear=0
shrinkage=0.07


Tree=65
num_leaves=35
num_cat=0
split_feature=5 2 2 9 3 9 0 9 1 5 3 2 5 7 1 3 5 9 6 7 3 2 0 2 7 5 6 2 3 1 0 2 9 7
split_gain=624.097 567.359 348.251 91.8285 93.4457 71.9212 51.553 75.9872 47.8027 39.4576 33.9881 74.8391 36.0651 37.2125 33.4283 32.8136 26.6052 138.397 25.604 23.5318 22.9836 29.5165 21.4803 21.3696 21.0981 82.1661 42.2579 24.0928 41.4517 20.8337 20.6067 18.193 17.2029 16.0079
threshold=0.76230831315577086 0.56070175438596503 0.81375640520299586 0.92857142857142871 0.63733075435203113 0.41428571428571431 0.938137755102041 0.23611111111111113 0.83910792512943055 0.48989795918367351 0.45773809523809533 0.23629112662013965 0.97489495798319337 0.42702481273408249 0.77459677419354855 0.90070422535211281 0.62084711069122978 0.47222222222222227 0.42598071444225294 0.65229016507788895 0.6478537360890303 0.24283374283374284 0.53427230046948371 0.93063352044907788 0.24705229574143436 0.4232172936552499 0.42317867317867325 0.79205974842767291 0.84889995848899968 0.95713410900183726 0.68356867779204122 0.9025932953826693 0.19090909090909094 0.31608682723758552
decision_type=2 2 2 2 2 2 2 2 2 2 2 2 2 2 2 2 2 2 2 2 2 2 2 2 2 2 2 2 2 2 2 2 2 2
left_child=1 14 3 10 -5 -4 7 8 -3 23 11 -2 13 -12 16 -10 -1 -18 30 24 21 -19 -20 -9 27 32 -27 -8 -29 -15 -11 -17 -26 -13
right_child=2 6 5 4 -6 -7 19 9 15 18 12 33 -14 29 -16 31 17 20 22 -21 -22 -23 -24 -25 25 26 -28 28 -30 -31 -32 -33 -34 -35
leaf_value=-0.066521469765668612 0.015642051421435217 -0.050483678172998488 0.032061389109105026 0.009098843980050909 0.062681597531871053 0.069399927949335347 0.030447342769422313 -0.04284100909591549 0.064360587037923814 0.35978022049313985 0.057420248088882617 0.26776976897495064 0.028482057907101718 -0.0069183053428864332 0.12816580953968201 -0.056874566228027286 -0.065346090507013607 0.17271038393415208 0.13940689514763935 0.036771996655020144 -0.0047603042510054464 0.041029547390404188 0.023701887093000147 0.49489242819359486 -0.065727605760682539 0.060610685286900487 -0.0030508972258448072 -0.074185862525644991 0.0042158325630633582 0.073005281080816567 0.091628302814810311 0.02202152820329735 -0.010589739760954696 -0.040572214592917148
leaf_weight=878.7898209989653 195.86819699010812 314.94163440627744 425.28890195302665 478.09937014407478 239.30449403403327 623.1664236439392 166.65297674166504 41.933416545623913 31.893266906379722 2.0417988264234728 48.455519790877588 0.82725245167966832 229.35444721952081 907.82591587223578 4.6458082632161668 34.176004958339036 289.55584942561109 11.446437779115511 8.5290613255929184 91.983929685549811 28.328618411906064 30.743595901178196 100.52168309292756 0.36527894507162173 124.37586445291527 57.027644864516333 490.83424670028035 33.914720142493024 1286.4829973999877 16.267674416303635 4.4971300152828917 24.652087221271358 35.68085405358579 306.03312451485544
leaf_count=924595 28518 158922 16685 5014 18583 64594 1950 8871 1827 56 1322 195 4783 40111 384 2765 282300 3043 213 2148 287 8848 2632 7 59164 2092 14010 345 9636 524 96 715 1169 83014
internal_value=-0.00128649 -0.0197985 0.0205515 0.00596226 0.0269724 0.0542542 -0.00258715 -0.021551 -0.0375869 0.0196502 -0.00287999 -0.0181632 0.00351261 -0.00237588 -0.0592523 0.00718464 -0.0599551 -0.0439295 0.0408188 0.00208592 0.0440091 0.0767554 0.0327514 -0.0381973 0.000632339 -0.00931432 0.00357572 0.0053675 0.00220207 -0.00551134 0.175359 -0.0238129 -0.0534359 -0.039741
internal_weight=7564.51 4094.01 3470.49 2422.04 717.404 1048.46 2850.5 563.551 405.663 157.888 1704.63 502.729 1201.9 972.549 1243.51 90.7214 1238.86 360.075 115.59 2286.95 70.5187 42.19 109.051 42.2987 2194.97 707.919 547.862 1487.05 1320.4 924.094 6.53893 58.8281 160.057 306.86
internal_count=1749418 1486075 263343 182064 23597 81279 266618 176104 164229 11875 158467 111727 46740 41957 1219457 5307 1219073 294478 2997 90514 12178 11891 2845 8878 88366 76435 16102 11931 9981 40635 152 3480 60333 83209
is_linear=0
shrinkage=0.07


Tree=66
num_leaves=35
num_cat=0
split_feature=12 3 5 5 4 5 9 3 9 9 7 5 5 1 1 2 1 0 5 0 3 7 3 5 9 12 12 9 1 5 3 1 2 9
split_gain=599.352 353.598 258.266 119.24 165.36 108.574 97.1533 96.3548 84.8823 56.8473 54.6059 40.475 39.9181 34.9205 26.287 46.2967 24.4429 22.7369 29.9066 22.6112 25.828 19.7597 19.2123 18.6236 16.7315 16.6224 16.5229 16.2339 25.0992 14.9486 16.0632 13.4485 12.3254 16.182
threshold=30.500000000000004 0.5300120048019209 0.74585432890517656 0.61920122887864837 1.0000000180025095e-35 0.44912747707778772 0.81666666666666676 0.74133811230585434 0.41428571428571431 0.31666666666666671 0.53361581920903967 0.97489495798319337 0.97489495798319337 0.29217479674796754 0.76631205673758884 0.99253731343283602 0.38757823784304291 0.32071428571428579 0.80136054421768721 0.55646630236794181 0.67117117117117131 0.36406117247238751 0.42488716956802064 0.84389334862385323 0.31666666666666671 9.5000000000000018 22.500000000000004 0.47222222222222227 0.86526825332795487 0.6971087016958577 0.42020373514431242 0.95713410900183726 0.27334993773349942 0.73214285714285732
decision_type=2 2 2 2 2 2 2 2 2 2 2 2 2 2 2 2 2 2 2 2 2 2 2 2 2 2 2 2 2 2 2 2 2 2
left_child=1 2 -1 4 5 27 10 29 31 11 19 23 13 -12 24 -16 -8 18 26 20 -5 -21 -19 -4 -7 -25 -11 -3 -29 -2 32 -9 -31 -34
right_child=7 3 9 6 -6 14 16 8 -10 17 12 -13 -14 -15 15 -17 -18 22 -20 21 -22 -23 -24 25 -26 -27 -28 28 -30 30 -32 -33 33 -35
leaf_value=-0.065582713853236302 -0.063170554919311131 -0.064759156911685503 -0.05919027848871946 0.036249841359460334 0.0031824297401759015 -0.054930117561697522 0.0049343085461634479 0.0055205921740867879 0.066379259145750963 0.11712421727495058 -0.059078647558345666 0.023616759637242957 0.033074742823060249 -0.0027906671514332983 0.03931023749571904 -0.019558720153238719 0.060718947116161 -0.055926361470935673 0.01012078808342131 0.06239025271117047 0.13404662019339034 0.014748588736468605 0.0022175287929508108 0.0375261887083446 -0.0099485604752455291 -0.032456281225051155 -0.013765543346537781 -0.058045607113685449 0.025689150338918637 0.0097515345758806826 0.026175148834359611 0.033790570711514763 -0.083940248888699456 -0.0039591636561983196
leaf_weight=841.53272859938443 13.453926593298091 374.45525530580198 140.87802532536443 40.637990244315006 1550.4960115018766 80.038212892599404 46.30938430246897 122.0385409896262 651.60338009800762 20.741863749688495 57.018456682795659 57.409520130604506 147.37217726418748 1022.35838199727 107.23202026460785 168.03869245457463 227.86376574600581 44.019160812837072 292.10363475279883 49.853579381073359 19.621433337684721 295.5578719053301 75.79193653119728 18.661961705307476 82.063933020457625 152.79710944998078 6.1201572450809172 51.858870110067073 26.505938770249486 110.63370093470439 185.54703422123566 254.21597424242646 18.586061282083392 37.212709030136466
leaf_count=1018840 2237 290293 102402 4655 16884 43036 812 3280 70226 2891 6270 2797 3624 38756 4425 4016 13908 2367 6367 764 409 6550 2636 5725 16902 37220 145 25265 233 1018 3952 10029 283 201
internal_value=-0.00124049 -0.0108486 -0.0384375 -0.000377017 -0.0106235 -0.0346699 0.0127398 0.0401172 0.0510934 -0.010184 0.00626396 -0.0304038 -0.0010983 -0.0057641 -0.00979538 0.00337375 0.0512966 0.00685471 0.0166207 0.0285274 0.068094 0.0216248 -0.0191448 -0.0403331 -0.0321583 -0.0248392 0.0873027 -0.0586959 -0.0297233 0.00924444 0.0120124 0.0246212 -0.00377692 -0.0306001
internal_weight=7390.63 5997.34 1650.06 4347.28 2440.69 890.193 1906.59 1393.29 1027.86 808.523 1632.42 369.747 1226.75 1079.38 437.373 275.271 274.173 438.777 318.966 405.671 60.2594 345.411 119.811 312.337 162.102 171.459 26.862 452.82 78.3648 365.433 351.98 376.255 166.432 55.7988
internal_count=1749418 1658192 1181390 476802 401054 384170 75748 91226 83535 162550 61028 148144 48650 45026 68379 8441 14720 14406 9403 12378 5064 7314 5003 145347 59938 42945 3036 315791 25498 7691 5454 13309 1502 484
is_linear=0
shrinkage=0.07


Tree=67
num_leaves=35
num_cat=0
split_feature=12 2 6 9 12 6 2 4 9 7 9 6 0 8 9 6 7 0 0 9 2 6 2 0 6 8 6 12 7 12 1 7 1 1
split_gain=543.068 336.112 194.974 150.825 86.5624 62.0326 61.6951 61.4012 51.7649 62.474 43.6549 39.7434 35.4993 33.4397 47.0531 39.11 29.9677 25.2961 26.0651 21.8625 20.4313 17.5474 15.994 14.8599 15.5402 14.7525 19.2281 16.0042 14.1478 13.9788 14.1552 13.9466 13.0651 12.1653
threshold=35.500000000000007 0.49089705395564387 0.72771403353927633 0.53571428571428581 13.500000000000002 0.67422150882825049 0.41897974493623408 1.0000000180025095e-35 0.23611111111111113 0.42033601033877971 0.69047619047619058 0.62087114337568072 0.62593283582089565 1.5000000000000002 0.92857142857142871 0.62087114337568072 0.60723635003739729 0.27639257294429714 0.70678733031674223 0.31666666666666671 0.76417112299465251 0.99779735682819382 0.22378716744913932 0.77058029689608654 0.9455533596837945 2.5000000000000004 0.86377084454007547 53.500000000000007 0.90026178010471225 13.500000000000002 0.51668520578420474 0.68013605442176883 0.80901722391084108 0.99253731343283602
decision_type=2 2 2 2 2 2 2 2 2 2 2 2 2 2 2 2 2 2 2 2 2 2 2 2 2 2 2 2 2 2 2 2 2 2
left_child=1 2 4 5 13 7 21 8 9 -3 25 -5 -10 33 -15 -16 -4 -18 -19 -6 29 -2 31 -22 -25 -8 -27 28 -28 30 -7 -21 -31 -1
right_child=6 3 16 11 19 20 10 -9 12 -11 -12 -13 -14 14 15 -17 17 18 -20 22 23 -23 -24 24 -26 26 27 -29 -30 32 -32 -33 -34 -35
leaf_value=-0.059357498987384703 -0.0023652623835835446 -0.046103257534099572 0.03431616866638329 0.017786346862359366 -0.040901467172587261 -0.014833214834951704 0.036816283779332971 0.0035765132655017373 0.060183490515404066 -0.010634492124056854 0.068525569403810493 0.064534017695058121 -0.0026071593267341679 -0.024625178851995357 0.13346580914361444 0.67858146875411474 0.0062327953047879468 -0.025664646562929595 0.040348658929469483 0.0055307803408423855 0.081290383141803535 0.042073967361595493 -0.015159065069739089 0.031345110114014002 -0.021127319641498957 0.12111300440165104 -0.76213581083451276 -0.057450221149392175 -0.21047196954812739 -0.0048225074331540527 0.041432077802119521 0.08330551768475826 0.059320489530242444 0.80378529007542465
leaf_weight=997.27994433691492 137.25033479230478 399.66093675553566 90.995855179964565 149.43673979182495 129.90686003887095 29.257804848661181 325.477329663001 1578.2527717031189 52.672105378762353 622.10349904448958 479.83431229623966 220.75424362428021 271.69657766399905 18.955230016901627 3.9962453160551368 0.76902794186025847 320.668791905744 359.58565647841897 31.90928202518262 39.52560102409916 25.734665642958134 63.766865384764969 183.92256156326039 262.3493098677136 30.9151367591694 1.0445756614208215 0.42025239206850507 0.99132769834250212 0.49739415757358074 282.30578338948544 87.2330131570925 15.819230150722431 16.467640766873956 0.080018126405774548
leaf_count=1102176 2039 233446 5786 8637 75240 981 17887 15682 7713 50191 54528 19463 11697 12687 1664 54 20296 33490 666 10081 681 916 45245 10057 1498 70 46 83 48 3924 1257 648 532 9
internal_value=-0.00119403 -0.00891981 -0.0309692 0.00308447 -0.0468319 -0.00122374 0.0464356 -0.00579101 -0.0167738 -0.024508 0.0550665 0.0456632 0.007589 -0.0573347 0.024807 0.221438 -0.00351095 -0.00834426 -0.0202841 -0.017783 0.0169665 0.0117318 -0.00523121 0.0302891 0.0258136 0.035403 -0.120336 -0.252454 -0.463116 0.00673235 0.0273005 0.0277612 -0.00128711 -0.0592882
internal_weight=7231.54 6222.25 2193.41 4028.84 1390.25 3658.65 1009.28 2924.39 1346.13 1021.76 808.265 370.191 324.369 1021.08 23.7205 4.76527 803.16 712.164 391.495 369.174 734.263 201.017 239.267 318.999 293.264 328.431 2.95355 1.90897 0.917647 415.264 116.491 55.3448 298.773 997.36
internal_count=1749418 1673801 1308042 365759 1247804 337659 75617 318729 303047 283637 72662 28100 19410 1116590 14405 1718 60238 54452 34156 131214 18930 2955 55974 12236 11555 18134 247 177 94 6694 2238 10729 4456 1102185
is_linear=0
shrinkage=0.07


Tree=68
num_leaves=35
num_cat=0
split_feature=12 2 5 9 2 6 0 5 0 6 5 7 9 5 5 9 6 12 2 6 12 12 8 8 9 12 6 5 9 6 5 0 0 5
split_gain=490.109 301.874 344.465 133.629 59.7149 56.063 51.4629 54.6198 58.1472 49.0574 47.2086 45.6586 44.8184 32.1136 42.2985 27.7009 38.1151 25.5468 45.7248 22.6834 22.01 21.4092 21.343 18.6147 18.2133 17.9552 15.7503 14.8126 90.7765 18.3918 15.3395 14.1531 19.6616 12.376
threshold=35.500000000000007 0.5147186147186148 0.74585432890517656 0.53571428571428581 0.41897974493623408 0.67422150882825049 0.938137755102041 0.61920122887864837 0.74133811230585434 0.21722278395685882 0.5337121212121213 0.60479471719781808 0.69047619047619058 0.97489495798319337 0.89687399291008718 0.31666666666666671 0.81264269406392708 12.500000000000002 0.99253731343283602 0.33429672447013498 15.500000000000002 6.5000000000000009 1.0000000180025095e-35 1.5000000000000002 0.23611111111111113 9.5000000000000018 0.99779735682819382 0.54246303642264715 0.47222222222222227 0.75733900155110023 0.65465367965367982 0.27639257294429714 0.4673758865248227 0.80788655788655805
decision_type=2 2 2 2 2 2 2 2 2 2 2 2 2 2 2 2 2 2 2 2 2 2 2 2 2 2 2 2 2 2 2 2 2 2
left_child=1 2 27 5 26 6 7 9 -9 -3 19 21 -6 14 -7 16 25 18 -8 -5 -19 -4 -18 -21 -16 -13 -2 -1 -29 30 -30 33 -33 -17
right_child=4 3 11 10 12 13 17 8 -10 -11 -12 15 -14 -15 24 31 22 20 -20 23 -22 -23 -24 -25 -26 -27 -28 28 29 -31 -32 32 -34 -35
leaf_value=-0.068271812209461408 -0.0021987622224561888 -0.0048134532824872771 -0.04243127435835331 0.11922796871105364 0.033968081584403287 0.02408475879324385 0.0076556946751075144 0.029766627514349817 -0.032297202224723182 -0.057683572843245386 0.056746142218853171 0.014362152521305609 0.068282058828116637 0.051271044018605723 -0.027817894515458477 0.061650255485421107 0.004564891948591927 0.020392557428769522 -0.034391345627713635 -0.047592041916136238 0.0003614033868994368 0.024661953071348434 -0.068387103224379395 0.069601682537093187 0.023087485580395247 -0.049604581195799642 0.040320530104574613 -0.067382290370111397 -0.0062598501844514107 -0.32376216603038066 0.056906640523727396 -0.020878391860345191 0.027813109705999293 0.0058531489881434263
leaf_weight=558.79059050482465 137.3063840798568 131.33862842730014 25.512047834985424 5.6328824564698143 319.07593491999432 380.49498020671308 251.15800081408815 157.54703160288045 139.43268545449246 249.09811060351785 284.5674226959236 23.757087055186275 448.93453872250393 113.47521677333862 149.28972648549825 21.330687097040936 187.71358492318541 336.00339770538267 255.80161813902669 41.830687096924521 1343.5709211004432 269.31805632443866 21.948351416969672 7.8945234821876502 44.766763531602919 226.51072804775322 61.948720046319067 311.8123632169445 44.518928849545773 0.7681083680363362 32.656371720542666 231.08190827950602 49.306440385000315 224.30408560170326
leaf_count=732026 2039 10238 11294 428 18134 8661 19480 7337 3491 188746 21812 12943 54528 4586 2923 1386 10597 12703 19424 3628 37963 33706 832 283 1769 96556 916 386048 28040 19 6484 6016 1193 3189
internal_value=-0.00113652 -0.00845331 -0.0289926 0.00331184 0.045167 -0.000700733 -0.00501117 -0.0218694 0.000627511 -0.0394312 0.0452404 -0.00531299 0.054026 0.0172417 0.0105208 -0.0125403 -0.0250883 0.000211735 -0.0135604 -0.0139047 0.00436869 0.0188563 -0.00307205 -0.028986 -0.0160746 -0.0435324 0.0110206 -0.0609662 -0.0504922 0.0170765 0.0204688 -0.00156899 -0.012316 0.0106985
internal_weight=7088.5 6121.23 2229.33 3891.9 967.266 3551.98 2863.95 677.416 296.98 380.437 339.926 1280.78 768.01 688.027 574.551 985.953 459.93 2186.53 506.96 55.3581 1679.57 294.83 209.662 49.7252 194.056 250.268 199.255 948.546 389.756 77.9434 77.1753 526.023 280.388 245.635
internal_count=1749418 1673801 1330329 343472 75617 317321 299382 209812 10828 198984 26151 177712 72662 17939 13353 132712 120928 89570 38904 4339 50666 45000 11429 3911 4692 109499 2955 1152617 420591 34543 34524 11784 7209 4575
is_linear=0
shrinkage=0.07


Tree=69
num_leaves=35
num_cat=0
split_feature=6 3 1 5 8 0 5 1 3 8 7 3 5 3 1 1 6 0 6 5 3 1 1 0 3 1 2 7 7 5 1 0 0 0
split_gain=411.217 366.897 221.097 94.5305 57.1821 52.4883 121.024 69.2778 48.7843 46.5241 44.6739 36.3925 35.3014 30.315 99.3877 57.1922 26.1429 26.0622 23.0869 68.6467 21.7234 21.3402 35.1247 21.3027 53.9604 30.9322 20.9677 18.4077 17.6892 61.3848 17.4332 18.2871 38.6545 19.5679
threshold=0.73357314148681074 0.5300120048019209 0.72377109317681587 0.75573053368328968 1.0000000180025095e-35 0.938137755102041 0.54912120288529931 0.84292763157894746 0.84889995848899968 1.0000000180025095e-35 0.53361581920903967 0.92084377610693402 0.87737200143215188 0.96076923076923093 0.93440860215053778 0.81120250685468098 0.96799795186891979 0.76631205673758873 0.92074911499371936 0.97044263249854412 0.83047895500725699 0.96051948051948066 0.89039039039039047 0.66244725738396626 0.81530214424951286 0.66312056737588665 0.87570224719101131 0.20626738667975789 0.24705229574143436 0.43503836317135552 0.19836065573770492 0.71535181236673784 0.86729559748427687 0.81557067271353001
decision_type=2 2 2 2 2 2 2 2 2 2 2 2 2 2 2 2 2 2 2 2 2 2 2 2 2 2 2 2 2 2 2 2 2 2
left_child=1 3 8 -1 18 6 7 27 16 -5 17 26 13 14 15 -7 -2 20 -4 21 -8 22 -20 24 -12 -25 -9 -3 -15 -30 -10 -32 33 -33
right_child=2 5 4 9 -6 12 10 11 30 -11 23 -13 -14 28 -16 -17 -18 -19 19 -21 -22 -23 -24 25 -26 -27 -28 -29 29 -31 31 32 -34 -35
leaf_value=-0.064040951295612158 -0.0045484703040863479 -0.026008309774558619 0.039329318395155036 -0.049149724014029811 0.063922026487708394 0.047555571705191806 0.032297520385633986 0.0001203680962693527 -0.10907616779993259 0.0084034615476514946 -0.0076669692329016329 -0.039625627116089676 0.046295456070334341 0.0039426665068815784 0.093408511687801329 -0.050815932770521967 0.022862989455338371 -0.0076440838147762008 -0.075236494037634744 0.039761584127368854 0.10404428897172702 -0.02794819053258786 -0.30094044383384411 -0.063309390436632654 0.090751708017898461 -0.0075924343164392944 0.10098173529463624 -0.063758031168665921 -0.050085465840321058 -0.00026063607237173178 0.068308829632821061 -0.016214101878276301 0.03649142074263749 -0.1830558701686178
leaf_weight=718.0522109438898 963.85602646338521 80.591488315956667 211.62054811604321 120.100225937902 571.92593719670549 48.795403413649183 142.85454545216635 16.712662405334413 3.9803047804161897 161.197276546387 223.1505272060167 30.134229932329617 88.856621094048023 1386.9646670044749 71.533719122759067 71.24044865835458 207.11965860053897 72.220401487895288 11.244064165279271 63.467146401293576 24.178371857735328 15.505021093413236 4.8297691326588383 71.30500897904858 31.101639194879681 154.85772991681006 25.522820042562671 294.91116257052636 146.59827507694717 698.28849020472262 69.740559524623677 8.3691551107913238 133.89940648339689 5.8538309624418607
leaf_count=1030199 59377 12932 8508 86824 70189 3497 13890 1954 52 16779 33559 2325 3341 11782 1395 3898 3668 2519 281 3247 611 833 200 5531 711 4296 616 273904 62124 19221 3616 262 7134 143
internal_value=-0.00108994 -0.0129527 0.0233477 -0.0505659 0.0508453 -0.0027379 -0.0150014 -0.0435699 0.00600218 -0.0161689 0.0027777 0.0191415 0.00296136 0.00137248 0.0280953 -0.0108272 0.00030001 0.0274914 0.0264576 -0.00220125 0.042683 -0.0865381 -0.143055 -0.00953006 0.00437219 -0.025159 0.0610707 -0.0556561 -0.000921254 -0.00890586 0.0361005 0.0387528 0.0248369 -0.0848821
internal_weight=6950.58 4679.17 2271.41 999.35 878.592 3679.82 1167.54 447.872 1392.82 281.298 719.668 72.3697 2512.28 2423.42 191.57 120.036 1170.98 239.253 306.667 95.046 167.033 31.5789 16.0738 480.415 254.252 226.163 42.2355 375.503 2231.85 844.887 221.843 217.863 148.122 14.223
internal_count=1749418 1591908 157510 1133802 83258 458106 352848 291731 74252 103603 61117 4895 105258 101917 8790 7395 63045 17020 13069 4561 14501 1314 481 44097 34270 9827 2570 286836 93127 81345 11207 11155 7539 405
is_linear=0
shrinkage=0.07


Tree=70
num_leaves=35
num_cat=0
split_feature=12 12 5 1 2 9 5 0 5 9 5 9 5 12 12 6 9 0 9 5 12 7 0 9 6 8 8 12 2 6 5 9 2 1
split_gain=407.314 250.123 109.217 98.8666 86.469 91.5412 82.8743 56.4133 51.8497 48.6655 39.024 32.2775 29.8627 26.872 68.1224 38.3048 23.4985 28.7415 21.573 51.2904 33.9251 20.5549 20.5454 20.5032 20.2144 20.0709 19.4473 18.5885 17.5515 16.0638 14.9986 14.3086 14.1748 13.3583
threshold=35.500000000000007 10.500000000000002 0.75887238862320683 0.64051282051282066 0.42462121212121218 0.81666666666666676 0.75573053368328968 0.48528138528138537 0.54912120288529931 0.69047619047619058 0.97489495798319337 0.31666666666666671 0.97489495798319337 8.5000000000000018 6.5000000000000009 0.53797136519459576 0.31666666666666671 0.95293466223698797 0.47222222222222227 0.55585264408793833 12.500000000000002 0.64306599832915634 0.27639257294429714 0.73214285714285732 0.34577183699990721 1.0000000180025095e-35 1.5000000000000002 11.500000000000002 0.81375640520299586 0.68588039867109651 0.77629499561018456 0.58571428571428574 0.77459677419354855 0.58380149812734083
decision_type=2 2 2 2 2 2 2 2 2 2 2 2 2 2 2 2 2 2 2 2 2 2 2 2 2 2 2 2 2 2 2 2 2 2
left_child=1 2 3 28 6 10 18 -2 24 -9 16 12 27 14 -4 30 17 -6 -3 -20 -21 -13 -23 -5 -7 -17 -26 -8 -1 -12 -16 -15 -18 -10
right_child=7 4 13 23 5 8 11 9 33 -11 29 21 -14 31 15 25 32 -19 19 20 -22 22 -24 -25 26 -27 -28 -29 -30 -31 -32 -33 -34 -35
leaf_value=-0.063534879018274856 0.011850689500097119 -0.068069914144802429 -0.034254070415010274 -0.011515212257555365 -0.015968865649650291 0.10177686755578932 -0.065810081987037236 0.031286982484027767 0.031041216371186075 0.069145165419603513 -0.0087259647128220281 0.028567207877376107 0.01998644289754406 -0.03324011516637685 0.22042137142457705 0.11484292285543794 0.002887221399890495 0.0010535618795025569 -0.065265920486878126 0.20454493574349447 0.0091409514050800906 0.010827575574497535 -0.020804644248760155 0.12199467551256418 -0.050584695734212579 0.03817367307341387 0.10065737761884974 -0.023333810800432286 0.15375082490972944 0.047119547797246315 -0.043424162947889283 0.035763165387708004 0.027666594912047596 0.064788165245662055
leaf_weight=649.72189054387854 216.56939709372818 156.46597061812645 63.921173842682038 205.87494217668427 635.59451959264698 5.8229554473073213 64.96353041176917 291.68909008451737 85.63411232031649 387.28592606447637 31.798526731319726 126.66614425793523 64.051605725893751 103.06548599677626 1.1222000801935816 42.175124538480304 247.07408496667631 2065.4340468101436 70.77575869631255 4.8878069693455464 39.835740911308676 218.44567273242865 186.52052683284273 5.7949095239746375 43.945093057176564 27.732359885645565 4.6021969462162806 226.48393428575946 1.8266994783189137 122.34608632698655 17.820025354856625 17.179426357266493 208.64072039444 174.7834247732535
leaf_count=907756 3363 213167 18793 49050 104338 582 37442 18013 3406 54241 365 4474 1797 12617 214 4796 17079 77883 94731 2523 12690 3443 4352 234 6276 1259 344 63011 228 5024 1338 484 6612 17493
internal_value=-0.00103935 -0.00769401 -0.0372179 -0.0494231 -0.000683005 0.00463762 -0.017326 0.0429588 0.04071 0.0528812 0.00120798 -0.00696242 -0.0232907 0.00137215 0.0208557 0.0605033 -0.000471348 -0.00295208 -0.0511314 -0.0281849 0.0304965 0.0039562 -0.00374169 -0.0078601 -0.0214651 0.0844282 -0.0362472 -0.0328018 -0.0629257 0.0355992 -0.0277931 -0.0233816 0.014232 0.053691
internal_weight=6816.55 5921.01 1136.23 863.218 4784.77 3625.68 1159.1 895.544 314.788 678.975 3310.89 887.131 355.499 273.016 152.771 88.8497 3156.74 2701.03 271.965 115.499 44.7235 531.632 404.966 211.67 54.3702 69.9075 48.5473 291.447 651.549 154.145 18.9422 120.245 455.715 260.418
internal_count=1749418 1673801 996769 957268 677032 239402 437630 75617 28101 72254 211301 114519 102250 39501 26400 7607 205912 182221 323111 109944 15213 12269 7795 49284 7202 6055 6620 100453 907984 5389 1552 13101 23691 20899
is_linear=0
shrinkage=0.07


Tree=71
num_leaves=35
num_cat=0
split_feature=12 3 5 5 0 9 3 0 9 7 1 12 5 6 3 0 9 1 8 6 5 6 0 3 0 9 6 5 7 7 6 8 9 7
split_gain=366.201 235.001 193.565 97.9818 136.507 84.0075 62.0374 58.4477 47.4207 44.2034 31.6961 40.2657 29.8196 40.162 51.7772 28.6897 27.7913 25.532 35.0039 24.2402 67.3066 56.0896 18.4785 23.0263 17.9928 18.7368 33.698 18.1955 17.7708 17.5934 16.7607 16.5734 15.8925 15.6619
threshold=35.500000000000007 0.49306742640075979 0.74585432890517656 0.66009708737864081 0.86425061425061434 0.92857142857142871 0.48331479421579537 0.30068493150684933 0.73214285714285732 0.53361581920903967 0.85857142857142865 21.500000000000004 0.5265987549518959 0.21722278395685882 0.93683510638297884 0.66244725738396626 0.23611111111111113 0.41060765718299969 1.5000000000000002 0.2440886240923478 0.4232172936552499 0.40633355614973271 0.55646630236794181 0.67117117117117131 0.13994288045695638 0.31666666666666671 0.81264269406392708 0.95683229813664605 0.66513056835637496 0.37745475548710056 0.99779735682819382 2.5000000000000004 0.19090909090909094 0.65393729493255581
decision_type=2 2 2 2 2 2 2 2 2 2 2 2 2 2 2 2 2 2 2 2 2 2 2 2 2 2 2 2 2 2 2 2 2 2
left_child=1 2 15 4 12 9 30 24 31 22 11 -11 13 14 -3 -1 -14 18 33 -6 32 -22 23 -5 -4 26 -26 -27 -12 -24 -2 -8 -21 -7
right_child=6 3 7 5 19 17 8 -9 -10 10 28 -13 16 -15 -16 -17 -18 -19 -20 20 21 -23 29 -25 25 27 -28 -29 -30 -31 -32 -33 -34 -35
leaf_value=-0.064488281728489277 -0.016207763871732003 -0.0028076296826318389 0.033633936321138126 0.034696418925653692 0.0031750564419122285 0.030356957531020478 0.031559540088462193 -0.037884707585550827 0.065994882846789921 0.0033256143453860216 -0.0048793110875532675 -0.026704898495850907 -0.051838832744983528 -0.066124508267004722 0.67199073934327214 1.9494811916527406 0.014673801899772104 0.058012392184725127 0.075852421179093341 -0.064440582398575141 0.093542343265760636 -0.0059239506242087809 0.055450662257519975 0.12555070215799083 -0.048519188821902308 0.025330765175679733 0.019412149764447252 -0.012636315091885066 0.035398757702711572 0.011688739452831677 0.034394604094649568 -0.10642374829864283 -0.013384535047699521 -0.043760385389420731
leaf_weight=564.55766002414748 99.29744497127831 43.793192021665163 83.988157234329265 50.241109194466844 1543.3888082897174 21.95718519424554 308.06832426483743 242.57279175549047 402.56289084767923 706.75177844124846 79.994893256109208 316.86743666091934 56.171749585599173 268.33475314109819 0.56434889859519799 0.034661178768145784 68.101131569594145 222.57050650508609 29.866274910164066 122.37479676108342 29.797116971865762 410.28486472385703 54.605881576251704 18.777386748231947 90.405879785364959 149.04968354897574 59.220265011303127 105.72259406093508 163.12852789508179 256.28041552763898 47.376091964542866 4.3252281611785284 39.522128832235467 38.405002651619725
leaf_count=922951 1271 12252 6635 7654 12085 419 18133 68867 55520 53484 2252 7084 45269 311514 49 48 13121 20097 452 80817 1632 17158 892 323 60679 5742 4816 1157 7919 5728 417 276 2074 631
internal_value=-0.000992692 -0.00728062 -0.0335779 0.000220747 -0.00873534 0.0120239 0.0416065 -0.00979832 0.0501139 0.0057067 -0.000574151 -0.00597051 -0.0443967 -0.0559247 0.00577765 -0.0643646 -0.0153901 0.045279 0.0138688 -0.0014719 -0.013386 0.000810724 0.0266494 0.0594145 0.00415168 -0.00197139 -0.0216328 0.0095756 0.0221461 0.0193753 0.000136987 0.0296491 -0.0519768 -0.0167997
internal_weight=6698.96 5837.33 1295.55 4541.78 2582.33 1959.45 861.63 730.959 714.956 1646.65 1266.74 1023.62 436.965 312.692 44.3575 564.592 124.273 312.799 90.2285 2145.37 601.979 440.082 379.905 69.0185 488.387 404.398 149.626 254.772 243.123 310.886 146.674 312.394 161.897 60.3622
internal_count=1749418 1673801 1070895 602906 495971 106935 75617 147896 73929 85336 70739 60568 382205 323815 12301 922999 58390 21599 1502 113766 101681 18790 14597 7977 79029 72394 65495 6899 10171 6620 1688 18409 82891 1050
is_linear=0
shrinkage=0.07


Tree=72
num_leaves=35
num_cat=0
split_feature=12 12 5 2 2 9 5 6 2 9 7 0 0 2 0 9 5 8 5 2 12 12 6 9 5 12 0 2 9 4 5 2 12 5
split_gain=329.522 210.281 96.9552 90.9438 69.3365 80.7078 80.496 63.3375 53.2137 50.531 43.5361 38.4098 27.6834 47.1969 36.9408 27.361 37.5125 26.4018 25.7588 31.5783 25.4144 69.0657 28.7277 22.2571 48.4052 29.8209 22.1528 18.2826 16.9438 18.636 19.657 16.791 16.0968 33.4478
threshold=35.500000000000007 10.500000000000002 0.7062745098039217 0.64899964899964913 0.5147186147186148 0.47222222222222227 0.74095860566448823 0.6775074916270053 0.51899951899951913 0.61250000000000016 0.60479471719781808 0.62593283582089565 0.95293466223698797 0.90366769774635447 0.99253731343283602 0.31666666666666671 0.84389334862385323 1.5000000000000002 0.94148770619358868 0.72377109317681587 8.5000000000000018 6.5000000000000009 0.52256779392457797 0.47222222222222227 0.54912120288529931 12.500000000000002 0.55217785843920153 0.61633428300094983 0.38750000000000007 1.0000000180025095e-35 0.5626871257485031 0.78979857050032498 3.5000000000000004 0.72776679841897229
decision_type=2 2 2 2 2 2 2 2 2 2 2 2 2 2 2 2 2 2 2 2 2 2 2 2 2 2 2 2 2 2 2 2 2 2
left_child=1 2 3 -1 6 11 23 26 -2 17 -8 27 13 -13 -14 16 -12 -10 -19 -20 21 32 -23 -3 -25 -26 -7 -6 29 30 -5 -28 33 -4
right_child=8 4 20 28 5 7 10 -9 9 -11 15 12 14 -15 -16 -17 -18 18 19 -21 -22 22 -24 24 25 -27 31 -29 -30 -31 -32 -33 -34 -35
leaf_value=-0.063694898760916246 0.011620563885686365 -0.066198420027103605 1.0417402040396067 -0.065070923081209139 0.0214611237918787 0.083690962660339069 0.023399920834785412 0.062311866696201618 0.031741929737359002 0.068675947487963421 -0.061132983931159575 -0.023437627884243313 0.072633921102814872 0.038328910240815535 0.00089776712377183029 -0.0013833155284241417 -0.012449314033404284 0.023665726774179066 -0.65964878177104236 -0.13419379404405513 -0.025576274785970216 -0.024118032087801094 0.072203731750682842 -0.063677890680166674 0.16877980210708204 0.0054353325448150275 -0.013770183887249883 0.079967544103911881 0.047645970382276165 0.0056706032931184971 0.0086403811114393603 0.020779887534323218 -0.038068810126307473 0.069768332066489108
leaf_weight=544.25246564432746 229.0433817114681 148.01059280405752 0.18858081899816115 53.155401463794988 101.44550884357886 19.19432333484292 208.95287225639913 193.04391475301236 244.93774802424014 346.0975309186615 108.24011836294085 475.74484921956901 35.767593721626326 69.469937347632367 2120.7207117758808 501.65204931999324 273.56209252763074 4.399940468836574 0.67045325320214022 3.4147714646533132 136.42882399464725 18.722355042875279 80.012054749939125 71.598968158534262 6.1967402051086529 47.122821992845275 120.65124423539964 35.2707406009431 23.526861436199397 92.64700622309465 26.597892323625274 160.76547759887762 80.335077040886972 2.1668668415513821
leaf_count=866810 4462 213354 166 49827 6810 1356 24725 21573 14986 55371 75306 78805 996 2187 80320 10890 30098 356 51 391 19352 2034 10606 102056 2723 14282 6265 1106 813 2239 2125 4180 42286 511
internal_value=-0.000952394 -0.0068942 -0.035087 -0.048973 -0.000544128 0.0048998 -0.0138299 0.0310229 0.0403211 0.051286 -0.00533424 0.000356494 -0.00147528 -0.0155675 0.00208759 -0.0121304 -0.026251 0.0275367 -0.0938552 -0.22043 -0.00275079 0.0144136 0.0539389 -0.0478341 -0.0260751 0.024419 0.01093 0.0365549 -0.00807816 -0.0156826 -0.040488 0.0059673 -0.0327804 0.147586
internal_weight=6584.01 5755.44 1058.03 740.18 4697.41 3332.07 1365.34 493.655 828.564 599.52 1092.41 2838.42 2701.7 545.215 2156.49 883.454 381.802 253.423 8.48517 4.08522 317.854 181.425 98.7344 272.929 124.919 53.3196 300.611 136.716 195.927 172.4 79.7533 281.417 82.6905 2.35545
internal_count=1749418 1673801 996769 921814 677032 203598 473434 33374 75617 71155 141019 170224 162308 80992 81316 116294 105404 15784 798 442 74955 55603 12640 332415 119061 17005 11801 7916 55004 54191 51952 10445 42963 677
is_linear=0
shrinkage=0.07


Tree=73
num_leaves=35
num_cat=0
split_feature=12 3 5 5 0 9 3 2 9 7 6 5 6 5 3 1 8 2 9 6 5 3 9 5 7 6 2 3 2 12 9 0 0 3
split_gain=295.8 194.958 180.058 80.7117 126.197 76.3888 56.9236 52.7508 48.3136 43.6691 31.9333 59.2189 43.247 31.2075 26.1652 24.7073 31.8764 23.1707 21.8019 17.0629 17.0503 19.7561 15.3812 15.1507 16.754 14.8148 14.7297 24.9156 14.6071 14.4141 14.2691 13.8739 16.0264 13.4483
threshold=35.500000000000007 0.49306742640075979 0.74585432890517656 0.62392660550458723 0.83935483870967753 0.92857142857142871 0.48331479421579537 0.23629112662013965 0.73214285714285732 0.53361581920903967 0.2440886240923478 0.4232172936552499 0.39145636971723924 0.97489495798319337 0.9076704545454547 0.59611795446061977 1.5000000000000002 0.36461388074291307 0.31666666666666671 0.83393285371702663 1.0000000180025095e-35 0.92770034843205595 0.19090909090909094 0.5337121212121213 0.20626738667975789 0.99779735682819382 0.77015755329008351 0.81120250685468098 0.64899964899964913 50.500000000000007 0.23611111111111113 0.30068493150684933 0.29818990155604963 0.79205974842767291
decision_type=2 2 2 2 2 2 2 2 2 2 2 2 2 2 2 2 2 2 2 2 2 2 2 2 2 2 2 2 2 2 2 2 2 2
left_child=1 2 -1 4 14 9 25 -4 -8 30 26 22 -13 17 23 16 28 -11 19 -9 21 -16 -12 24 -3 -2 -6 -28 -7 -27 -5 32 -20 -15
right_child=6 3 7 5 10 15 8 18 -10 13 11 12 -14 33 20 -17 -18 -19 31 -21 -22 -23 -24 -25 -26 29 27 -29 -30 -31 -32 -33 -34 -35
leaf_value=-0.063616560496075766 -0.015882875015797163 -0.011865045024986727 0.014788831221968255 0.014750123439674377 0.023671285650239068 -0.0025988435927308687 0.026985445056706223 -0.056513949866078592 0.065179252625720482 -0.03577733322449899 -0.064425302263386192 0.097527925112293246 -0.0071586777965918754 0.0080598006742622109 0.042061024322051534 0.064083428009373652 0.07280794231233742 -0.0023192203103457928 -0.00043425624763595905 -0.00963727337529619 0.035100203899687078 0.60120678790236481 -0.014548025043014305 -0.021116824579146133 -0.065867814186452045 -0.0024775706730236833 -0.06510460664906767 0.0020583659205194683 0.080449999498667712 0.0765190784964805 0.041737806589966599 -0.028664162158148689 0.1311592833488035 0.046949541381506053
leaf_weight=499.46747222857084 99.320870816707611 32.156936532119289 280.65308677806752 262.20026491122553 152.08404691127362 109.49748092988739 298.34132936270908 128.06639076763531 355.85648060683161 112.29491410334595 122.39596684661228 20.49684098653961 341.46051203954266 93.707667610608041 0.61606048909015843 141.11690616514534 47.768324107397348 1047.4809902118868 134.81907054560725 54.130457240622491 5.3957844817196019 0.62250762432813644 40.26118758082157 64.106841734959744 225.92618408403359 25.795213006436825 27.609774442389607 1371.6472944674897 11.463952941121532 20.165878683328629 151.4464121357305 117.38358155713649 4.6926966761238864 81.435053186956793
leaf_count=922999 1271 11559 34616 13979 2907 2695 18409 98469 55520 26366 91511 1119 19251 1247 55 17318 1303 51647 4123 5170 2626 31 2438 38478 298759 225 296 9927 863 192 4446 5363 155 4085
internal_value=-0.000907517 -0.0065165 -0.0313242 0.000260222 -0.00844885 0.0104348 0.0389591 -0.00891487 0.0477613 0.00475829 -0.00206683 -0.0169963 -0.00123051 -0.0013996 -0.0487402 0.042469 0.0243918 -0.00555879 -0.0240655 -0.0425869 0.0888649 0.323089 -0.0520796 -0.0515737 -0.0591391 -0.000676863 0.00298184 0.000733124 0.005272 0.032183 0.024631 -0.0109296 0.0039921 0.0261421
internal_weight=6481.88 5682.4 1219.21 4463.19 2404.78 2058.41 799.48 719.745 654.198 1748.57 2075.96 524.615 361.957 1334.92 328.824 309.847 168.73 1159.78 439.092 182.197 6.63435 1.23857 162.657 322.19 258.083 145.282 1551.34 1399.26 120.961 45.9611 413.647 256.895 139.512 175.143
internal_count=1749418 1673801 1070895 602906 478957 123949 75617 147896 73929 101770 127449 114319 20370 83345 351508 22179 4861 78013 113280 103639 2712 86 93949 348796 310318 1688 13130 10223 3558 417 18425 9641 4278 5332
is_linear=0
shrinkage=0.07


Tree=74
num_leaves=35
num_cat=0
split_feature=12 12 5 3 3 9 2 3 9 5 5 5 5 2 1 12 12 7 9 9 5 7 4 6 12 9 6 0 9 0 1 3 3 2
split_gain=265.62 175.79 86.856 91.4581 59.4586 66.4589 57.0735 53.1108 48.4291 38.9119 36.5644 33.3646 28.6868 25.7758 24.165 22.6233 58.252 25.7523 22.5587 19.7336 51.585 20.3992 18.436 23.2128 17.4344 17.2695 17.1539 17.1276 16.8059 15.7566 27.7071 14.387 14.0342 13.8946
threshold=35.500000000000007 10.500000000000002 0.7062745098039217 0.76277056277056288 0.49306742640075979 0.92857142857142871 0.25198412698412703 0.48331479421579537 0.73214285714285732 0.54912120288529931 0.87112743532417769 0.97489495798319337 0.68898225957049497 0.25866188769414583 0.58380149812734083 8.5000000000000018 6.5000000000000009 0.63897107166337941 0.38750000000000007 0.31666666666666671 0.76975051975051978 0.81848688224527166 1.0000000180025095e-35 0.54589800443458991 11.500000000000002 0.31666666666666671 0.34058313632781728 0.66244725738396626 0.61250000000000016 0.61620294599018022 0.55351882160392807 0.78346121057118523 0.77871939736346529 0.63224516988674229
decision_type=2 2 2 2 2 2 2 2 2 2 2 2 2 2 2 2 2 2 2 2 2 2 2 2 2 2 2 2 2 2 2 2 2 2
left_child=1 2 3 -1 6 11 12 -2 -9 26 27 13 -3 -6 24 16 33 -18 22 21 -21 -14 23 -5 -11 -15 -7 -8 -19 30 -20 -24 -13 -4
right_child=7 4 15 18 5 9 10 8 -10 14 -12 32 19 25 -16 -17 17 28 29 20 -22 -23 31 -25 -26 -27 -28 -29 -30 -31 -32 -33 -34 -35
leaf_value=-0.065607363870468394 -0.00061357217190574273 -0.053654930240007108 -0.044556155026971578 -0.060273753361261867 -0.051733440994600484 0.093973002394894325 -0.05538704029354713 0.025660297998092305 0.064680015886287148 0.12062111745892136 -0.014785500546733183 0.010307242817361067 -0.037523137012292776 -0.0028069628152938247 0.062705494544043894 -0.024276842601292158 0.02252165171691661 0.11661905451639837 0.12672603200285029 0.19841056924767581 0.016526862616941428 0.023847704902669738 0.16905520109364031 0.021099929620997961 0.016995171566707677 0.011373610058281804 -0.034450677600605176 1.1591840774530917 -0.016094004321710396 0.029473204242936729 0.82853423353360378 -0.0031466548503041626 0.048766460989006083 0.031741540336148212
leaf_weight=445.19909988675499 144.34925682353787 38.363963715528371 65.485651959024835 74.595991855254397 49.100540698971599 5.671585270902141 217.40400748208049 292.01950410660356 334.27019742364064 8.4220950469025393 224.27065546542872 95.287256494164467 66.549730031198123 2744.7889591187413 144.65972783707548 134.16381826315774 63.825146348041017 30.712033203220926 2.5473632583161847 7.9658011568244538 187.20381886791438 44.142296224017628 2.4341634280281133 22.316036877979059 143.58400016464293 497.01020303092082 50.257506120426115 0.05690631177276273 5.5151364915072909 26.021049947070424 0.30909061233978707 101.83269668149296 90.790846532676369 14.238408839330075
leaf_count=839049 1688 65308 42669 75919 11566 791 256235 18409 55520 294 17761 1210 42950 202729 17467 19352 9311 3199 356 1879 3335 2526 409 2167 4705 32258 11359 7 130 1135 37 2742 4652 294
internal_value=-0.000868559 -0.00616671 -0.0329453 -0.0470885 -0.000427547 0.00317176 -0.0179652 0.037664 0.0464863 0.0321294 -0.0346168 0.000235215 0.00340333 -0.00139532 0.0422262 -0.00252474 0.0137085 0.0492772 -0.0112512 0.0105601 0.0239504 -0.0130494 -0.0195559 -0.0415357 0.0227367 -0.000632896 -0.0214277 -0.0550692 0.0964151 0.0466049 0.202667 0.000873486 0.0290722 -0.0309297
internal_weight=6375.36 5604.73 989.196 675.255 4615.53 3829.57 785.957 770.639 626.29 352.595 441.732 3476.98 344.226 3290.9 296.666 313.94 179.776 100.052 230.056 305.862 195.17 110.692 201.179 96.912 152.006 3241.8 55.9291 217.461 36.2272 28.8775 2.85645 104.267 186.078 79.7241
internal_count=1749418 1673801 996769 921814 677032 287031 390001 75617 73929 34616 274003 252415 115998 246553 22466 74955 55603 12640 82765 50690 5214 45476 81237 78086 4999 234987 12150 256242 3329 1528 393 3151 5862 42963
is_linear=0
shrinkage=0.07


Tree=75
num_leaves=35
num_cat=0
split_feature=12 12 5 3 3 9 5 3 9 2 5 5 1 1 12 12 7 9 5 4 5 9 5 5 0 7 12 2 0 9 3 9 12 0
split_gain=237.893 159.04 81.7566 89.3875 52.5872 59.2227 52.9411 50.994 52.9625 42.7651 34.8074 29.5006 23.9814 23.4042 19.6691 49.9314 20.937 19.3635 18.8268 16.9921 21.9654 16.9019 35.2059 18.8776 16.4276 15.6943 14.7124 14.2757 14.2591 13.6115 13.207 12.8291 12.7566 12.2587
threshold=35.500000000000007 10.500000000000002 0.7062745098039217 0.76277056277056288 0.49306742640075979 0.92857142857142871 0.68898225957049497 0.74133811230585434 0.69047619047619058 0.25198412698412703 0.54912120288529931 0.97489495798319337 0.58380149812734083 0.25586470267321337 8.5000000000000018 6.5000000000000009 0.63897107166337941 0.38750000000000007 0.87112743532417769 1.0000000180025095e-35 0.54912120288529931 0.31666666666666671 0.76975051975051978 0.82404540763673906 0.95293466223698797 0.37057844361215159 11.500000000000002 0.9194594594594595 0.53907203907203916 0.61250000000000016 0.77871939736346529 0.47222222222222227 3.5000000000000004 0.5656275635767023
decision_type=2 2 2 2 2 2 2 2 2 2 2 2 2 2 2 2 2 2 2 2 2 2 2 2 2 2 2 2 2 2 2 2 2 2
left_child=1 2 3 -1 6 11 -3 -2 27 21 25 13 26 -6 15 32 -17 19 28 20 -5 23 -23 -8 -15 -7 -12 -9 -11 -18 -13 -16 -4 -19
right_child=7 4 14 17 5 10 9 8 -10 18 12 30 -14 24 31 16 29 33 -20 -21 -22 22 -24 -25 -26 -27 -28 -29 -30 -31 -32 -33 -34 -35
leaf_value=-0.065269991937892805 0.0084910160389046248 -0.060470258402536108 0.1224848126945384 -0.066575591812555901 -0.047172099610179492 0.047479433211955677 -0.062465794331382073 -0.0017935651737852436 0.069882548085683865 -0.048762954756183877 0.11040651994519907 0.0095980620929173519 0.061634184865548454 -0.0082887167527938167 -0.034393457687873628 0.020714919344584835 0.10402519815135305 0.18226339649640347 -0.013849737430682775 0.00079121003295408562 0.0037688071963656632 0.15333237149472048 0.015331531815069138 0.0045641760904497081 0.0026719316746941358 -0.040637772619040349 0.015887152244688198 0.035544150188302731 0.47395959908251795 -0.014929980940670096 0.047313606653295592 0.018040878474202101 -0.03496495664718504 0.027677181411584331
leaf_weight=417.17196787035209 225.12376186763868 116.85891795376665 2.6093594045960335 58.331874896888621 53.609950138430577 12.909480661735868 27.52952975439257 69.533994138706475 269.76342774741352 125.82420157920569 8.5523897522361931 95.169325571507215 137.14220240939176 947.68704464787152 103.49833610077621 64.508544826705474 31.971590869128704 2.7746043790830326 222.72189753281418 104.45575655554421 34.683828732115217 9.5177588562946749 187.65627679601312 81.643671781406738 2286.9982253212365 42.543114447791595 142.87281813967275 180.23596668057144 0.2562287823529904 5.5284654638380735 87.160082663409412 29.348000737838447 74.822281520086108 26.722846201620996
leaf_count=839049 4554 221026 677 73800 12907 2031 33135 3784 53281 100449 294 1210 17467 149158 18098 9311 3199 350 17761 3151 4286 1879 3335 12341 84488 10119 4705 13998 75 130 4652 1254 42286 1178
internal_value=-0.00082969 -0.00582019 -0.0317857 -0.0460359 -0.000405747 0.00296615 -0.0170669 0.0363186 0.0483768 -0.0093251 0.0306692 0.000220133 0.0404298 -0.00129955 -0.00239252 0.0127232 0.0448943 -0.0106834 -0.0260857 -0.0185856 -0.0403455 0.00975828 0.021993 -0.0123384 -0.000539282 -0.0201239 0.0212255 0.0251496 -0.0477006 0.0864882 0.0276275 -0.0228098 -0.0296591 0.0422179
internal_weight=6287.74 5543.08 956.427 644.141 4586.65 3814.64 772.008 744.657 519.533 655.15 344.02 3470.62 288.567 3288.3 312.287 179.44 102.009 226.969 348.802 197.471 93.0157 306.347 197.174 109.173 3234.69 55.4526 151.425 249.77 126.08 37.5001 182.329 132.846 77.4316 29.4975
internal_count=1749418 1673801 996769 921814 677032 287031 390001 75617 71063 168975 34616 252415 22466 246553 74955 55603 12640 82765 118285 81237 78086 50690 5214 45476 233646 12150 4999 17782 100524 3329 5862 19352 42963 1528
is_linear=0
shrinkage=0.07


Tree=76
num_leaves=35
num_cat=0
split_feature=12 3 5 5 0 3 0 1 8 7 5 6 5 5 6 5 6 12 7 8 3 0 3 3 3 3 12 10 8 7 0 3 0 6
split_gain=212.818 144.083 161.114 60.9544 94.0999 48.658 43.9941 40.1492 38.2445 30.1204 28.3663 25.6537 28.4404 22.0012 21.7901 60.0026 39.677 21.7289 21.2683 20.4892 22.6856 18.3974 25.5044 17.0165 15.1149 16.9725 14.6032 23.6984 14.5261 14.1869 13.5892 24.5451 15.2315 11.5421
threshold=35.500000000000007 0.49306742640075979 0.74585432890517656 0.66009708737864081 0.83935483870967753 0.74133811230585434 0.32071428571428579 0.85857142857142865 1.0000000180025095e-35 0.53361581920903967 0.5265987549518959 0.21722278395685882 0.30564401981599437 0.9455533596837945 0.2440886240923478 0.4232172936552499 0.39145636971723924 21.500000000000004 0.72423112767940356 1.0000000180025095e-35 0.88416815742397148 0.55646630236794181 0.67117117117117131 0.9104278074866311 0.2253968253968254 0.42488716956802064 17.500000000000004 1.0000000180025095e-35 1.0000000180025095e-35 0.9201769911504426 0.90070422535211281 0.88273491214667699 0.94474969474969483 0.99779735682819382
decision_type=2 2 2 2 2 2 2 2 2 2 2 2 2 2 2 2 2 2 2 2 2 2 2 2 2 2 2 2 2 2 2 2 2 2
left_child=1 2 -1 4 10 33 24 9 -7 21 11 12 -3 17 30 28 -17 -11 -15 -12 -21 22 -5 -9 -4 -26 27 -25 -16 -28 31 -6 -32 -2
right_child=5 3 6 7 14 8 -8 23 -10 13 19 -13 -14 18 15 16 -18 -19 -20 20 -22 -23 -24 26 25 -27 29 -29 -30 -31 32 -33 -34 -35
leaf_value=-0.062355857418173406 -0.0016758636038891027 -0.002219324998694836 0.034358496564100824 0.027816012043576054 0.13542477122950608 0.016604700728977125 -0.038995670094487664 0.060302646660080957 0.059543341135974731 0.00072038931252117191 -0.051184787825179448 -0.06516323781066774 1.0624956187809702 0.039285960252531234 -0.06387288890149688 0.089528758658096189 -0.0048402636817138668 -0.023676134022164303 0.00078564663756443233 -0.0011240088408157917 0.13898827704838115 0.012491459038330816 0.11000908252859173 0.035740224047914965 -0.0076951254748000601 0.028888057041699795 0.034896964308684518 -0.044902415975090371 -0.014976938608256793 -0.032932645510877857 -0.028544877552361906 0.0036769142131739189 0.0034855843492700564 0.034178840269598013
leaf_weight=417.19405182500486 164.33417644654401 32.646063347172458 63.671477741852868 70.616340985812712 10.548006164026448 142.63683601282537 165.03395868215011 72.055584219517186 353.63861252530478 626.45617518719519 40.377547480777139 194.36179613074637 0.12339667932246712 115.48938287934288 111.77464553012396 23.01659581187414 423.87073875794886 250.38414445100352 179.712008086266 60.5730333244137 6.2462121448479584 216.60167123144493 25.064554661745206 35.128943670541048 397.64501080583432 73.650689546775538 237.39477344928309 36.314829206094146 40.579948103113566 16.136285396758467 76.606351446302142 20.195859094150364 1443.7977273723809 60.076240506023169
leaf_count=922999 3285 11452 4411 7885 778 6796 53739 4781 64267 52935 42272 298036 54 3231 91028 1153 20452 7418 6342 15324 148 4819 453 1288 75250 14496 15922 449 2921 1412 819 1224 10310 1269
internal_value=-0.000790259 -0.00549051 -0.0279224 0.000249382 -0.00694763 0.0349711 -0.00740035 0.00975452 0.0472021 0.00446582 -0.0414959 -0.0555035 0.00178997 -0.000681319 -0.0015763 -0.0129132 2.01418e-05 -0.0062461 0.0158478 -0.0118161 0.0119736 0.0237838 0.0493473 0.0295267 0.0023466 -0.00197817 0.0227028 -0.00525038 -0.0508494 0.0305799 0.00280339 0.0488787 0.00187171 0.00792269
internal_weight=6203.95 5483.27 1117.2 4366.07 2484.72 720.686 700.001 1881.35 496.275 1484.32 334.328 227.131 32.7695 1172.04 2150.39 599.242 446.887 876.84 295.201 107.197 66.8192 312.283 95.6809 397.03 534.967 471.296 324.975 71.4438 152.355 253.531 1551.15 30.7439 1520.4 224.41
internal_count=1749418 1673801 1070895 602906 495971 75617 147896 106935 71063 83083 367286 309542 11506 69926 128685 115554 21605 60353 9573 57744 15472 13157 8338 23852 94157 89746 19071 1737 93949 17334 13131 2002 11129 4554
is_linear=0
shrinkage=0.07


Tree=77
num_leaves=35
num_cat=0
split_feature=12 12 6 3 3 9 3 9 5 1 5 0 5 1 8 1 5 12 12 9 5 1 9 1 9 6 6 3 6 8 5 1 8 9
split_gain=190.384 132.766 73.1131 75.6838 46.2951 49.0007 40.7478 51.9693 47.3516 36.307 28.9649 27.4914 23.7908 23.664 21.4645 20.8534 19.9691 19.8005 40.089 16.816 28.4941 16.8053 16.0918 15.8904 15.3558 15.4175 14.8836 14.1522 13.7045 13.8637 13.6412 16.7002 17.0777 27.5903
threshold=35.500000000000007 10.500000000000002 0.64140689089417569 0.76277056277056288 0.48331479421579537 0.73214285714285732 0.49306742640075979 0.92857142857142871 0.68898225957049497 0.25176056338028174 0.54912120288529931 0.60136986301369866 0.97489495798319337 0.58380149812734083 1.5000000000000002 0.25586470267321337 0.7062745098039217 6.5000000000000009 8.5000000000000018 0.31666666666666671 0.72776679841897229 0.68042553191489374 0.31666666666666671 0.25677655677655681 0.31666666666666671 0.86377084454007547 0.73860013860013873 0.64346246973365628 0.34058313632781728 1.5000000000000002 0.99773755656108609 0.96609195402298853 1.5000000000000002 0.53571428571428581
decision_type=2 2 2 2 2 2 2 2 2 2 2 2 2 2 2 2 2 2 2 2 2 2 2 2 2 2 2 2 2 2 2 2 2 2
left_child=1 2 3 16 -2 30 8 12 -3 19 28 23 15 14 -12 -8 -1 -4 -19 26 -21 -13 -17 -5 25 -11 -10 -7 -9 -30 31 32 -6 -34
right_child=4 6 17 11 5 27 7 10 9 24 13 21 -14 -15 -16 22 -18 18 -20 20 -22 -23 -24 -25 -26 -27 -28 -29 29 -31 -32 -33 33 -35
leaf_value=-0.064941908308458945 -0.0018326700305557027 -0.059213393630617256 -0.028680091500116175 -0.092871006627733538 0.0028692681626346973 0.018463058439793748 -0.045287823730159618 0.083440527886367924 -0.05285965630305034 -0.056235229316008668 0.0023815201229364391 -0.03996442898851707 0.025074046956145093 0.060290502210631369 0.060493849540209095 -0.0026382840061947551 -0.028224978701481575 0.06321783877584522 -0.011689890921451878 0.22520908416194593 0.017844963616323241 -0.0015492615057338462 0.011148851048626618 0.13348477430213765 -0.011747199191926185 -0.0026599029763101742 0.0043701293859874585 0.068842240327577214 -0.04369381199186962 0.074329725218580556 0.049164708510038575 0.028855978918182229 -0.19019608478815922 0.0060450330140412265
leaf_weight=358.27139376901323 143.06024299026467 103.37060602076235 51.565176905540284 1.8111422684451088 66.985883195418864 30.667496711481363 51.851336041494505 5.8333783322595982 32.337093151145382 100.05967820057413 106.60236290260218 85.239548515790375 177.37344659678638 128.0652298561763 43.998842145083472 2724.190985865338 91.020056035631569 63.60550095923827 77.863973236700986 3.3015060111938501 196.73155801970279 161.56585263245506 489.32316443425952 9.4428100424411223 203.52079621542362 35.713817600626498 71.503146283968817 250.48739165766165 42.573754269542405 5.507753654906991 66.994295062962919 125.07509258762002 6.345852932892738 7.8570515923202038
leaf_count=818007 1688 221026 33732 355 2405 897 12907 791 36039 106277 3745 52927 5862 17467 1254 201759 40784 8224 12619 1007 4181 28515 31887 1606 9826 2512 9133 54623 10492 867 6045 9153 233 573
internal_value=-0.000755101 -0.00518324 -0.0297301 -0.0401505 0.0336698 0.0428309 -0.000295507 0.00265938 -0.0152387 -0.00817101 0.0290833 -0.00993798 0.000106728 0.0381698 0.0193593 -0.00124949 -0.0575036 0.00845386 0.0219891 0.00940309 0.0212675 -0.0148168 -0.000538911 0.0970565 -0.0239104 -0.0421428 -0.0134519 0.063347 -0.0178815 -0.0301742 0.0217218 0.0128084 -0.0119137 -0.0816354
internal_weight=6119.72 5422.24 900.385 707.351 697.473 554.413 4521.86 3775.32 746.538 643.168 332.581 258.059 3442.74 278.666 150.601 3265.37 449.291 193.035 141.469 303.873 200.033 246.805 3213.51 11.254 339.294 135.773 103.84 281.155 53.9149 48.0815 273.258 206.264 81.1888 14.2029
internal_count=1749418 1673801 996769 942194 75617 73929 677032 287031 390001 168975 34616 83403 252415 22466 4999 246553 858791 54575 20843 50360 5188 81442 233646 1961 118615 108789 45172 55520 12150 11359 18409 12364 3211 806
is_linear=0
shrinkage=0.07


Tree=78
num_leaves=35
num_cat=0
split_feature=12 12 3 5 3 9 3 9 0 5 6 12 6 9 5 5 0 3 5 0 0 8 5 12 3 9 5 6 6 0 3 6 8 3
split_gain=170.352 119.412 69.5728 57.3038 43.1753 48.2251 36.0272 44.9425 42.7169 27.3402 26.5836 28.6427 25.3138 27.4169 21.7829 21.772 20.4749 39.9683 30.4628 19.718 17.5688 23.0991 17.3258 16.892 20.7939 16.5736 20.6621 18.4448 15.5414 14.6852 14.362 13.7059 13.2842 12.8416
threshold=35.500000000000007 10.500000000000002 0.54692082111436957 0.76975051975051978 0.48331479421579537 0.73214285714285732 0.45773809523809533 0.92857142857142871 0.27639257294429714 0.62392660550458723 0.54176929392446649 8.5000000000000018 0.21722278395685882 0.38750000000000007 0.68898225957049497 0.97489495798319337 0.95293466223698797 0.97182539682539681 0.693997599039616 0.66244725738396626 0.41444372153545878 1.5000000000000002 0.8389976958525347 6.5000000000000009 0.58123167155425226 0.31666666666666671 0.76975051975051978 0.84389334862385335 0.86377084454007547 0.45867486338797819 0.64346246973365628 0.76967285587975265 2.5000000000000004 0.79205974842767291
decision_type=2 2 2 2 2 2 2 2 2 2 2 2 2 2 2 2 2 2 2 2 2 2 2 2 2 2 2 2 2 2 2 2 2 2
left_child=1 2 3 -1 -2 32 8 15 14 -9 12 23 -4 -14 -3 16 18 -18 -8 22 21 -11 -10 -12 -25 27 -27 -16 -5 -15 -7 -22 -6 -17
right_child=4 6 10 28 5 30 7 9 19 20 11 -13 13 29 25 33 17 -19 -20 -21 31 -23 -24 24 -26 26 -28 -29 -30 -31 -32 -33 -34 -35
leaf_value=-0.0670542669730749 -0.0017035971511986719 -0.050291041649151463 -2.4665772593007682e-05 -0.019671885564732497 0.022674310824296901 0.017420699745561645 -0.027476475291077548 -0.0097302410366547961 -0.058417159837918231 -0.011817463664882285 0.0030831767510693647 -0.016815314835487812 -0.054278202245240201 -0.044628398862203766 -0.04051825567180431 0.0074239403249617576 0.036210095399208525 -0.00018651783280746888 -0.0013815041870583696 0.69194534248933715 0.029267764158843711 0.0636024286658287 -0.022589714003598115 0.20351763070000034 0.049779038087229222 0.10084654756800604 0.010540760857459898 0.01420857655976018 0.04768810217048311 0.050588104812432387 0.068680488040480256 0.06870150602101642 -0.10027072699826922 0.044931231546727818
leaf_weight=282.33370350074256 143.12385619361885 38.962484729883727 125.80176607827889 74.920636014488991 263.2887532399036 30.243077065329999 319.89483818656299 78.636293433519313 109.62726403647684 61.944464571715798 39.471514662640402 98.969892386143329 144.98450888050138 12.572445600060744 67.872746305365581 104.38647290598601 158.93140722159296 2118.2744121994474 696.43253385732532 0.18205023091286321 80.793320376018528 29.315436006058007 166.72646767360857 4.7466531288810065 46.956087383965496 13.13433917443035 226.61601307499222 54.333694353001192 21.628676292486489 21.526522967469646 234.08385678101331 92.789522447390482 4.3779670465737572 78.263708630111068
leaf_count=740807 1688 85556 10064 30269 18133 897 140761 17820 182886 1065 7273 7342 182474 10673 57827 1473 5723 78815 52016 3 4570 404 19343 605 2029 2434 4167 1979 478 4755 54623 15614 276 4576
internal_value=-0.000716043 -0.00488179 -0.0285587 -0.0511347 0.0324254 0.0416072 -0.000280712 0.00235789 -0.0151578 0.0265133 -0.0112797 0.0092611 -0.0240901 -0.0409954 -0.000559431 -2.88931e-05 -0.00133349 0.00235369 -0.00959505 -0.0363224 0.0372747 0.0124097 -0.0368022 0.0375671 0.0638933 0.00479388 0.015488 -0.0161864 -0.00458211 0.0154813 0.0628156 0.0503473 0.0206634 0.0234954
internal_weight=6046.15 5371.03 873.912 378.883 675.118 531.994 4497.12 3819.66 677.455 343.479 495.029 190.144 304.885 179.083 400.919 3476.18 3293.53 2277.21 1016.33 276.536 264.843 91.2599 276.354 91.1743 51.7027 361.957 239.75 122.206 96.5493 34.099 264.327 173.583 267.667 182.65
internal_count=1749418 1673801 996769 771554 75617 73929 677032 322837 354195 39473 225215 17249 207966 197902 151963 283364 277315 84538 192777 202232 21653 1469 202229 9907 2634 66407 6601 59806 30747 15428 55520 20184 18409 6049
is_linear=0
shrinkage=0.07


Tree=79
num_leaves=35
num_cat=0
split_feature=12 12 6 1 9 2 6 2 5 5 1 12 5 5 6 9 5 9 12 12 6 2 1 9 0 6 12 6 0 8 1 6 12 6
split_gain=154.504 112.79 62.8275 64.6646 42.708 53.6741 47.9806 47.5982 55.6703 45.4691 33.7934 30.4013 47.3426 27.948 23.0992 17.7686 16.3422 18.9624 16.1699 30.7487 16.1594 15.08 15.011 14.6879 13.3561 12.7136 19.2491 12.3879 32.1639 12.1581 11.2874 11.1991 11.0232 10.9745
threshold=40.500000000000007 10.500000000000002 0.64140689089417569 0.69006568144499192 0.47222222222222227 0.65599385245901654 0.60932326158940409 0.39314988290398134 0.82404540763673906 0.54246303642264715 0.85857142857142865 11.500000000000002 0.80136054421768721 0.7062745098039217 0.99779735682819382 0.73214285714285732 0.97489495798319337 0.31666666666666671 6.5000000000000009 8.5000000000000018 0.60476460578559277 0.86526825332795487 0.99253731343283602 0.41428571428571431 0.68801229508196726 0.64533196791261316 7.5000000000000009 0.92876658860265426 0.74464204286365721 1.5000000000000002 0.59611795446061977 0.68588039867109651 3.5000000000000004 0.61574917973022247
decision_type=2 2 2 2 2 2 2 2 2 2 2 2 2 2 2 2 2 2 2 2 2 2 2 2 2 2 2 2 2 2 2 2 2 2
left_child=1 2 3 13 7 9 20 8 -3 22 14 12 -11 21 -2 -5 27 31 32 25 24 -1 -6 -12 -7 26 -20 29 -29 -9 -13 -18 -4 -10
right_child=10 4 18 15 5 6 -8 16 33 11 23 30 -14 -15 -16 -17 17 -19 19 -21 -22 -23 -24 -25 -26 -27 -28 28 -30 -31 -32 -33 -34 -35
leaf_value=-0.060176449314839293 0.0034386664932397498 -0.060115092314781238 0.13703947835229874 -0.0033962372676207978 -0.058117366963444148 0.088978636042342713 0.061618160790612976 -0.00053409133588890035 0.037869960033684077 0.16393829511274488 0.030202617204851023 0.0013347947797124774 -0.00062060706077114486 -0.01941135945083786 0.053145327169207154 0.13597320452558961 -0.013067535587174814 -0.044974932557244468 0.081088461770847539 -0.010064452492361504 -0.19661812017547889 0.16605782880581063 0.27591337720939824 0.067106181419758715 0.0082598206614065417 0.051282731013103856 0.70617921652984061 0.025845579957610849 -0.083609112625253793 -0.055471016504175907 0.040121871403582067 0.044065426160553672 -0.033092749114215135 -0.011445468730020491
leaf_weight=381.32673788844841 156.13034246512689 147.6089600797568 1.9415283849521063 157.81421974377008 63.695412331551779 10.62283282924909 168.26220286625903 2852.0853087916621 24.096712922037113 15.079702155897392 76.516545871272683 655.00057414834737 19.83381756930612 110.89335680144723 64.833181235240772 4.6134636912029228 20.452487979549915 17.169704821426421 0.70846120957867131 77.151372194290161 1.8248996092006553 1.4491965039051127 0.66611979529261489 170.83769459440373 184.48397793655749 63.882090574858012 0.36614561290480196 23.673076636623591 29.608803593553603 19.876942110044183 38.949419098789804 94.433314868248999 48.026076186884893 268.35798012948362
leaf_count=870805 8573 254389 512 29818 105401 379 28223 212269 7112 2890 5432 26774 490 41377 5586 146 224 508 408 12619 86 48 4 42028 5239 7709 107 286 1003 1308 2271 3863 33220 38311
internal_value=-0.000679924 -0.00396413 -0.0274415 -0.0377497 0.000312891 0.011962 0.0341687 -0.00354561 -0.0250702 0.00173826 0.0379181 0.00671847 0.070455 -0.0503552 0.0180232 0.000562299 -0.000447393 0.0236399 0.00776947 0.0198129 0.0107154 -0.0593199 -0.0546603 0.0556904 0.0126547 0.0552993 0.294073 -0.00153477 -0.0349785 -0.000914312 0.0035118 0.0338944 -0.0264821 -0.00738214
internal_weight=5972.27 5503.95 848.173 656.097 4655.78 1158.42 365.194 3497.36 440.064 793.225 468.318 728.864 34.9135 493.669 220.964 162.428 3057.3 132.056 192.076 142.108 196.932 382.776 64.3615 247.354 195.107 64.9567 1.07461 2925.24 53.2819 2871.96 693.95 114.886 49.9676 292.455
internal_count=1749418 1687799 996769 942194 691030 171757 33927 519273 299812 137830 61619 32425 3380 912230 14159 29964 219461 4595 54575 20843 5704 870853 105405 47460 5618 8224 515 214866 1289 213577 29045 4087 33732 45423
is_linear=0
shrinkage=0.07


Tree=80
num_leaves=35
num_cat=0
split_feature=12 12 3 5 5 2 7 0 3 1 5 8 6 0 8 6 5 5 3 5 6 12 7 1 1 6 3 0 6 1 0 1 3 0
split_gain=138.595 101.084 65.4228 54.1266 36.29 52.8043 39.7045 35.1574 34.6602 32.1046 30.0068 40.9244 27.6091 27.5805 25.5978 24.6817 28.7395 23.885 23.352 23.1528 40.2998 21.1811 17.8485 17.1211 16.6502 16.0261 14.738 14.6229 19.8814 14.3611 15.5229 13.5341 12.5166 20.6144
threshold=40.500000000000007 10.500000000000002 0.54692082111436957 0.76975051975051978 0.91445993031358896 0.5147186147186148 0.73926218708827418 0.53427230046948371 0.48331479421579537 0.75716625716625729 0.62084711069122978 1.0000000180025095e-35 0.50590560334805867 0.95293466223698797 1.0000000180025095e-35 0.90582164167069845 0.97489495798319337 0.82404540763673906 0.67117117117117131 0.54912120288529931 0.21722278395685882 8.5000000000000018 0.72423112767940356 0.77459677419354855 0.82972848596410509 0.99779735682819382 0.35948717948717951 0.30068493150684933 0.65940005940005941 0.9194594594594595 0.50301204819277123 0.34851621808143551 0.77871939736346529 0.64075471698113218
decision_type=2 2 2 2 2 2 2 2 2 2 2 2 2 2 2 2 2 2 2 2 2 2 2 2 2 2 2 2 2 2 2 2 2 2
left_child=1 2 3 -1 5 10 7 18 25 22 23 17 -13 -9 15 -11 -17 -12 -7 20 -4 31 26 -3 -22 -2 -6 28 -5 30 -23 -21 -8 -34
right_child=8 4 19 27 9 6 32 13 -10 14 11 12 -14 -15 -16 16 -18 -19 -20 21 24 29 -24 -25 -26 -27 -28 -29 -30 -31 -32 -33 33 -35
leaf_value=-0.066664745403933662 -0.020023216779846562 -0.056382613542568606 0.0012079848863899968 -0.040974957703837543 -0.015923067576798178 -0.003838799887178967 -0.0018561995524684464 -0.016847142869206019 0.046712509110501177 0.048574452325244155 -0.058563081523102647 0.073024933088846417 -0.0044446384229126432 0.0013115564131688199 0.064935974059221177 -0.067606309243896656 0.035211521538188094 -0.013645221286449417 0.11602815388934323 -0.031926761437810855 -0.066979604632643838 0.041528165732453562 -0.0019524221398526959 0.29124614142688321 0.028553318681434046 0.041146732953305551 0.026433495743219567 -0.037893760371721021 0.046995451337468526 0.11422275137915294 -0.028718212227867048 0.035488854303436804 0.11531230516821023 0.03029181118136573
leaf_weight=249.86184891697485 65.929362396709621 107.54871931747766 123.9564247399685 18.817576675966848 48.012588948593475 12.950319274677893 50.93094942899188 506.26978625234915 355.40106208622456 51.688101605512202 120.47457351276535 24.170668264123378 334.47137659153668 2152.1040741521283 90.012475551106036 28.329680850729346 25.14432427007705 111.87369524466339 20.682607117225416 16.958839113416616 94.030854715849273 17.969888560066465 515.79063064558432 0.69872922392096271 9.8785336794098821 30.787105273455381 249.04731324187014 38.739207067177631 38.027644795947708 4.1106295846402636 108.3826522223826 104.53684049536241 15.245660208165644 167.52685207128525
leaf_count=740807 508 205880 10060 9551 2884 2378 986 90445 60793 2080 173016 3562 42343 82485 17102 1111 1775 30800 626 5017 183998 2393 15645 20 4559 318 9264 15052 6144 128 8707 10353 382 8246
internal_value=-0.000642918 -0.00372798 -0.0262987 -0.0495269 0.000292537 -0.00297444 0.00115583 -0.00124686 0.0366019 0.0120409 -0.0202561 -0.0140501 0.000776421 -0.00214665 0.037535 0.0140814 -0.0192597 -0.0369355 0.0698735 -0.00957572 -0.0257447 0.00504717 0.00591947 -0.0541387 -0.0578974 -0.000551396 0.0195876 -0.00472773 0.0178744 -0.0145388 -0.0187278 0.0260787 0.0288321 0.0373837
internal_weight=5910.36 5458.24 825.271 345.446 4632.97 3624.95 2925.71 2692.01 452.118 1008.03 699.238 590.99 358.642 2658.37 195.175 105.162 53.474 232.348 33.6329 479.825 227.866 251.959 812.851 108.247 103.909 96.7165 297.06 95.5844 56.8452 130.463 126.353 121.496 233.703 182.773
internal_count=1749418 1687799 996769 771554 691030 641169 185548 175934 61619 49861 455621 249721 45905 172930 22068 4966 2886 203816 3004 225215 198617 26598 27793 205900 188557 826 12148 30747 15695 11228 11100 15370 9614 8628
is_linear=0
shrinkage=0.07


Tree=81
num_leaves=35
num_cat=0
split_feature=12 12 3 5 9 2 3 5 6 5 1 12 5 6 5 6 12 5 1 9 9 6 9 0 2 2 9 1 0 0 6 1 6 1
split_gain=124.305 90.7734 61.7999 52.7476 36.2443 46.0522 44.9896 48.4632 44.8052 39.0238 32.7342 28.393 38.6805 20.7245 20.6901 38 18.305 16.346 15.8819 17.8138 15.7219 14.863 14.603 14.3948 14.1486 13.2488 57.5435 13.0973 13.4373 12.9568 17.0464 12.3832 12.2288 24.5807
threshold=40.500000000000007 10.500000000000002 0.54692082111436957 0.76975051975051978 0.47222222222222227 0.65599385245901654 0.51925925925925942 0.80788655788655805 0.60932326158940409 0.49132832080200511 0.85857142857142865 11.500000000000002 0.80136054421768721 0.99779735682819382 0.54912120288529931 0.21722278395685882 8.5000000000000018 0.97489495798319337 0.82972848596410509 0.47222222222222227 0.41428571428571431 0.57909117054932424 0.31666666666666671 0.68801229508196726 0.2016949152542373 0.49089705395564387 0.31666666666666671 0.9194594594594595 0.50301204819277123 0.30068493150684933 0.65940005940005941 0.99253731343283602 0.9455533596837945 0.64051282051282066
decision_type=2 2 2 2 2 2 2 2 2 2 2 2 2 2 2 2 2 2 2 2 2 2 2 2 2 2 2 2 2 2 2 2 2 2
left_child=1 2 3 -1 6 9 7 25 21 31 13 12 -11 -2 15 -4 -16 32 -17 -20 -12 23 -19 -7 -9 -3 -27 28 -18 30 -5 -6 -8 -34
right_child=10 4 14 29 5 8 17 24 -10 11 20 -13 -14 -15 16 18 27 22 19 -21 -22 -23 -24 -25 -26 26 -28 -29 -30 -31 -32 -33 33 -35
leaf_value=-0.066431457505690544 0.0019814332960321457 -0.065729457062013205 0.0011226683189161102 -0.039727444768413445 -0.064912839284911025 0.10310506855604104 -0.0011411645425322108 0.016578904009739964 0.06050759296640431 0.14229305431296727 0.026855285949873409 0.0024426342102835431 -0.001292376644511884 0.050615061441350959 0.024161690044066576 -0.066723409819862911 0.037824363536941075 0.03258843572306043 -0.032255615912455703 0.17438994770434899 0.06667972346720466 -0.060617298051304377 -0.031426979068310386 0.010917279854625388 -0.020133270527767828 -0.070113045167186916 2.4180235539873456 0.11332378797267725 -0.02702685619446879 -0.036481344734663898 0.042477664004372459 0.29809661301519075 0.018269053244369244 -0.093209893029016042
leaf_weight=233.75938224923448 152.77860524505377 113.37286973171285 124.03699532730388 18.076804980519228 45.040560785477282 8.7151035489514452 2932.134040167788 73.03635774430586 153.93050095008221 17.163555904495297 71.247931879013777 704.07916029635817 19.796935124555603 59.716197214089334 121.90058325883001 87.998745527147548 18.334523123659892 116.95266108447686 7.2582331055309606 2.8454342018812895 152.63145559304394 13.569879233138634 20.525443742983043 174.05911969568115 173.9472527972539 0.23921388792223197 0.056256313429912552 3.8621309099253258 107.14973759205895 37.468752405024134 39.086361559166107 0.46521682292222877 18.33709629625082 20.556827142834663
leaf_count=740807 8573 253854 10060 9551 87289 353 201291 8255 28223 4064 5432 45984 490 5586 15370 183998 2393 4079 4530 29 42028 582 519 4769 50114 311 49 128 8707 15052 6144 3 157 644
internal_value=-0.000610956 -0.00351099 -0.0252481 -0.0485815 0.000272868 0.0111202 -0.00328173 -0.0266849 0.0322325 0.00171821 0.0353276 0.00558199 0.0653852 0.0156487 -0.00906165 -0.0246252 0.00469883 -0.000566476 -0.0571798 0.0259407 0.0540059 0.0100653 0.023031 0.015313 -0.00927699 -0.0645094 0.403618 -0.0136437 -0.0175514 -0.00448853 0.0164818 -0.0612017 -0.0016584 -0.0406515
internal_weight=5844.13 5407.76 801.778 328.391 4605.98 1136.82 3469.16 360.652 350.275 786.545 436.374 741.04 36.9605 212.495 473.386 222.139 251.247 3108.51 98.1024 10.1037 223.879 196.344 137.478 182.774 246.984 113.668 0.29547 129.346 125.484 94.6319 57.1632 45.5058 2971.03 38.8939
internal_count=1749418 1687799 996769 771554 691030 171757 519273 312583 33927 137830 61619 50538 4554 14159 225215 198617 26598 206690 188557 4559 47460 5704 4598 5122 58369 254214 360 11228 11100 30747 15695 87292 202092 801
is_linear=0
shrinkage=0.07


Tree=82
num_leaves=35
num_cat=0
split_feature=12 1 5 6 3 8 7 3 2 3 7 5 6 8 6 12 5 5 5 1 12 8 2 6 1 5 3 3 2 3 12 1 3 8
split_gain=111.333 81.5447 170.75 64.3422 31.8788 26.8375 25.28 23.3879 21.6922 18.446 16.9373 102.292 53.5763 17.4661 20.7736 15.8889 15.7928 15.1528 33.5594 15.1372 15.1293 14.5045 13.1191 12.869 12.4325 14.8575 11.8053 16.8698 11.0246 23.1255 14.6027 10.949 10.8862 10.793
threshold=40.500000000000007 0.51668520578420474 0.68013605442176883 0.67422150882825049 0.48331479421579537 1.0000000180025095e-35 0.60479471719781808 0.79205974842767291 0.6861407249466952 0.20344827586206896 0.24705229574143436 0.43503836317135552 0.43842941909017658 1.0000000180025095e-35 0.49618231625575576 6.5000000000000009 0.91445993031358896 0.9831455354606573 0.89687399291008718 0.73205084163517709 7.5000000000000009 1.0000000180025095e-35 0.76028169014084523 0.99779735682819382 0.68323556653288053 0.80788655788655805 0.49306742640075979 0.58123167155425226 0.79205974842767291 0.81302966101694929 6.5000000000000009 0.13484848484848486 0.58123167155425226 1.0000000180025095e-35
decision_type=2 2 2 2 2 2 2 2 2 2 2 2 2 2 2 2 2 2 2 2 2 2 2 2 2 2 2 2 2 2 2 2 2 2
left_child=1 2 7 10 23 17 15 -1 9 -8 21 13 33 14 -12 -4 -11 18 -5 24 -14 28 -9 -2 25 -7 31 -28 30 -30 -3 -17 -20 -13
right_child=4 3 6 5 -6 19 8 22 -10 16 11 12 20 -15 -16 26 -18 -19 32 -21 -22 -23 -24 -25 -26 -27 27 -29 29 -31 -32 -33 -34 -35
leaf_value=-0.061171147320413767 -0.018726413388438133 -0.037765563482452386 -0.038203981143900334 0.022135541672786415 0.044381709115883093 0.087311727950072582 0.033494180132548602 -0.011148246941348493 0.069987192535112291 -0.021573700482584338 -0.065155029867809092 0.024929512289056939 0.042525053599508714 -0.019074891695811495 1.3946797721162192 0.055267589074423175 -0.003930640507020188 0.046200647064767369 0.11158519378274946 0.053944263290428306 -0.006693180747260833 0.09516365268050081 0.19137309834986829 0.037347966169881459 -0.02106375071399165 0.017373198208935632 0.061178529211954866 0.014650349009112936 -0.066899153575054049 0.0011684651419997284 0.023030792961397196 -0.0062931461877756157 -0.020537194231072323 0.066620123314492366
leaf_weight=363.34351098677143 66.063535646302626 21.50469038594747 27.613562793587334 270.68186606335803 327.33708114712499 19.187753300269833 44.60960120827076 34.125511149410158 16.652905537281185 484.26321114724851 154.7838361353206 64.9317689484742 31.72755198602681 55.962330056063365 0.047778777196071043 16.135594393184874 510.86182169045787 54.388485581614077 3.115060507785528 147.62134856358171 863.34537875073147 8.274630648782475 1.6427790757734317 28.795989628881216 27.473681887611747 66.35023801564239 54.934295570914401 125.22108782437863 24.909581885236548 1346.6297648072068 193.98791883143713 115.4357800304133 160.49336495064199 57.25872191452072
leaf_count=1017330 508 8270 27388 6664 60793 352 3648 15786 779 206614 190987 7470 8512 11946 15 2105 17005 2715 38 25205 41219 516 177 318 1918 4829 7222 3418 386 11779 10215 46251 4171 2869
internal_value=-0.000583652 -0.00330605 -0.0154789 0.00280935 0.0340271 0.0210442 -0.00393344 -0.0558545 -0.00927284 -0.0105423 -0.00203011 -0.00820955 0.000986951 -0.0525906 -0.0647045 0.0126885 -0.0125164 0.0113694 0.0070073 0.0391841 -0.00494855 0.00272679 -0.00184677 -0.00170422 0.0199035 0.0330617 0.0171966 0.0288381 0.00224483 -6.77633e-05 0.0169637 0.00125651 -0.0180216 0.0444658
internal_weight=5789.71 5367.52 1794.84 3572.68 422.197 749.312 1395.73 399.112 1056.39 1039.73 2823.36 1228.06 1017.26 210.794 154.832 339.34 995.125 488.679 434.29 260.633 895.073 1595.31 35.7683 94.8595 113.012 85.538 311.727 180.155 1587.03 1371.54 215.493 131.571 163.608 122.19
internal_count=1749418 1687799 1347723 340076 61619 45892 314430 1033293 228046 227267 294184 263018 60070 202948 191002 86384 223619 13588 10873 32304 49731 31166 15963 826 7099 5181 58996 10640 30650 12165 18485 48356 4209 10339
is_linear=0
shrinkage=0.07


Tree=83
num_leaves=35
num_cat=0
split_feature=12 12 3 5 9 3 5 2 6 5 1 12 5 6 6 1 12 9 9 6 2 12 6 5 5 9 2 2 1 6 1 8 3 2
split_gain=99.6467 74.9412 54.5848 50.4986 31.5116 38.1764 45.623 37.4705 41.8032 34.1251 31.3259 23.7356 24.8953 18.4913 17.0833 22.6148 17.8122 16.6715 14.5096 13.7734 12.6763 15.5345 12.3135 13.6182 11.9121 11.8219 11.6714 12.2408 11.604 14.9793 11.4956 11.037 13.303 11.0322
threshold=40.500000000000007 10.500000000000002 0.54692082111436957 0.76975051975051978 0.47222222222222227 0.51925925925925942 0.80788655788655805 0.65599385245901654 0.60932326158940409 0.49132832080200511 0.85857142857142865 12.500000000000002 0.79502625888168077 0.99779735682819382 0.54176929392446649 0.70064935064935074 8.5000000000000018 0.41428571428571431 0.23611111111111113 0.99779735682819382 0.64051282051282066 6.5000000000000009 0.57909117054932424 0.5337121212121213 0.88322510822510836 0.73214285714285732 0.2016949152542373 0.42761904761904768 0.30068493150684938 0.87287157287157302 0.81872946330777663 1.5000000000000002 0.55646630236794181 0.89039039039039047
decision_type=2 2 2 2 2 2 2 2 2 2 2 2 2 2 2 2 2 2 2 2 2 2 2 2 2 2 2 2 2 2 2 2 2 2
left_child=1 2 3 -1 5 6 -3 9 22 -6 13 12 -11 -2 15 18 20 -12 -4 31 21 -16 23 -9 -20 -17 -8 -28 29 -5 -22 -7 -33 -18
right_child=10 4 14 28 7 19 26 8 -10 11 17 -13 -14 -15 16 25 33 -19 24 -21 30 -23 -24 -25 -26 -27 27 -29 -30 -31 -32 32 -34 -35
leaf_value=-0.065960248004846359 0.00069130289000172995 -0.063986605283287257 -0.050993361482834849 -0.0038264700779058122 -0.060254265220815381 -0.000489852406263768 0.014665601019936572 5.6421522279329032e-05 0.059198564177189862 0.10198495965408749 0.023533181922447809 0.0016077046597472138 0.012677394549688688 0.048080703702687293 -0.035605560036590926 -0.0016596209714859935 -0.018494064988078974 0.066221453285086052 0.018453889994193506 0.076751543839057412 0.085382744657135454 0.039374986658321925 -0.053839636699098331 0.04031485432747918 -0.090184106111221754 0.13094140880393385 -0.023729984778613954 0.050815700064807949 -0.034992802488660532 0.081426329636932929 -0.0074583434204620602 0.2025495844989689 -0.062363964962898089 0.093256136816123769
leaf_weight=206.79120188864181 149.81406522006728 103.46425203888793 109.83498493867228 44.007111416955013 40.777807728154585 3062.2141808515298 74.118774451431818 118.57538034045137 140.35780971695203 24.272650111641269 66.696253450587392 673.19815628873766 41.349341315450147 55.215999991632998 22.584898467641324 126.39236902023549 91.161928609246388 136.72513099061325 29.742925514350645 11.250143506564198 26.818473711900879 33.804443272441858 14.114407042972742 63.071876626927406 5.9319584956392637 3.3826805843273169 157.93592536594952 11.585202628397381 36.032505035866052 13.106475227046756 8.6405574160162342 0.97228654360515321 20.783540490578162 4.5445125151891252
leaf_count=740807 8573 254214 158689 15563 87292 205193 8255 2340 28223 4714 5432 44966 858 5586 6702 25898 7181 42028 23212 415 937 2004 582 2782 55 112 48146 1968 15001 183 264 254 828 161
internal_value=-0.000556511 -0.00311428 -0.0234219 -0.0466833 0.000284155 -0.00302941 -0.0250427 0.0105075 0.0300443 0.0020843 0.032763 0.00552496 0.045711 0.0134536 -0.00834768 -0.0194481 0.0079451 0.0522251 -0.0383957 -0.000560792 0.0299656 0.00934399 0.00914126 0.014035 0.00038975 0.00179672 -0.00850481 -0.0186355 -0.00388699 0.0157374 0.0627595 -0.000842823 -0.0505248 -0.0131877
internal_weight=5729.27 5320.82 762.777 299.937 4558.04 3442.32 347.104 1115.72 336.119 779.598 408.451 738.82 65.622 205.03 462.84 275.285 187.555 203.421 145.51 3095.22 91.8484 56.3893 195.762 181.647 35.6749 129.775 243.64 169.521 93.1461 57.1136 35.459 3083.97 21.7558 95.7064
internal_count=1749418 1687799 996769 771554 691030 519273 312583 171757 33927 137830 61619 50538 5572 14159 225215 207966 17249 47460 181956 206690 9907 8706 5704 5122 23267 26010 58369 50114 30747 15746 1201 206275 1082 7342
is_linear=0
shrinkage=0.07


Tree=84
num_leaves=35
num_cat=0
split_feature=12 12 6 2 1 5 0 6 5 7 1 2 2 0 5 8 6 12 2 7 12 5 6 0 0 1 12 12 0 0 0 1 8 12
split_gain=89.055 67.0267 43.4993 50.5428 30.0183 26.0122 35.0942 35.4699 33.3365 41.1382 35.2416 26.8815 25.5455 20.8803 19.711 19.2481 21.3668 18.6969 50.4632 18.2135 17.1058 16.9264 16.9216 15.9069 14.2342 16.0418 13.1003 22.4827 15.0795 14.6817 12.294 11.2023 9.60565 9.44871
threshold=40.500000000000007 10.500000000000002 0.64140689089417569 0.55036231884057984 0.85857142857142865 0.91445993031358896 0.94201680672268928 0.77677926662922259 0.61410415803287755 0.57202133965619451 0.84889995848899968 0.81375640520299586 0.77459677419354855 0.77459677419354855 0.71248622264210371 1.0000000180025095e-35 0.9455533596837945 12.500000000000002 0.99253731343283602 0.72423112767940356 13.500000000000002 0.97489495798319337 0.99779735682819382 0.90070422535211281 0.5656275635767023 0.69614069369809484 6.5000000000000009 9.5000000000000018 0.87226107226107241 0.82097069597069605 0.25866188769414583 0.99253731343283602 1.5000000000000002 3.5000000000000004
decision_type=2 2 2 2 2 2 2 2 2 2 2 2 2 2 2 2 2 2 2 2 2 2 2 2 2 2 2 2 2 2 2 2 2 2
left_child=1 2 3 14 22 6 8 17 10 13 -3 -11 19 -10 31 16 -14 18 -8 30 -19 -18 -2 -12 -5 -26 33 29 -29 -28 -7 -1 -32 -4
right_child=4 5 26 24 -6 12 7 -9 9 11 23 -13 15 -15 -16 -17 21 20 -20 -21 -22 -23 -24 -25 25 -27 27 28 -30 -31 32 -33 -34 -35
leaf_value=-0.062756483357896908 0.000643135560100613 -0.044657853982704117 0.12647388168168816 0.073670620930130951 0.051226081724034152 -0.0072525615477139595 0.020412927326942085 0.041192012537817818 0.034339834748481117 -0.017420372098868608 0.070817716575068732 0.033235636497409099 0.03579171605840048 -0.016407630201812962 -0.019150243659843941 0.062120287336437444 -0.088106849065742759 0.019982526330889684 -0.032897189749053771 -0.0028800722218307404 0.0007445543483074015 0.01819267132127526 0.046671631849333643 -0.0079216572379086029 -0.035013068020764281 0.0013443390016998188 0.049576073930389881 -0.041326248488281411 0.044883944677645837 -0.036093731280618775 0.020686943101976163 0.21456161486178457 0.061294735100073806 -0.032149507464217623
leaf_weight=227.16211992874742 149.76375991408713 237.11672638717573 1.9197920430742659 9.6693512141937372 193.2922477228567 68.358633439405821 136.36224419891369 110.77668509213254 158.21724977446138 666.68423435109435 17.760236121888738 55.613904369296506 69.991246022284031 53.049450096790679 68.869129230530234 72.937169200740755 14.79036705940962 264.62366201763507 240.38469584309496 512.53900160465855 1571.0183607299696 14.571474333293734 52.982245803344995 43.033699629479088 97.725398076989222 151.88838914426742 77.69371149977087 38.666244226740673 13.382795721758155 11.217207798734306 198.41027072782163 0.71600410575047035 33.339515802101232 44.310742846952053
leaf_count=790846 8573 279051 512 5017 47460 3065 7428 7734 41354 221873 1829 2200 3276 1260 37383 16964 466 10601 18662 15633 47396 1097 5586 1781 82105 26803 8872 11457 233 281 8188 40 1172 33220
internal_value=-0.000526952 -0.00292708 -0.0224138 -0.0322397 0.0314886 0.000263292 -0.00252594 0.00253802 -0.0120791 -0.00557303 -0.0324671 -0.0135201 0.0103296 0.0215971 -0.0519672 0.034813 0.0147662 0.000602575 -0.0136018 0.0051389 0.00351787 -0.0353533 0.0126715 0.0150811 -0.00966175 -0.0128898 0.00677307 0.0173781 -0.01916 0.0387678 0.0188341 -0.0618851 0.0265288 -0.0255624
internal_weight=5678.84 5282.8 743.221 556.03 396.038 4539.58 3554.64 2323.17 1231.48 933.565 297.911 722.298 984.938 211.267 296.747 172.29 99.3531 2212.39 376.747 812.647 1835.64 29.3618 202.746 60.7939 259.283 249.614 187.19 140.96 52.049 88.9109 300.108 227.878 231.75 46.2305
internal_count=1749418 1687799 996769 942194 61619 691030 641169 91821 549348 266687 282661 224073 49861 42614 828269 21803 4839 84087 26090 28058 57997 1563 14159 3610 113925 108908 54575 20843 11690 9153 12425 790886 9360 33732
is_linear=0
shrinkage=0.07


Tree=85
num_leaves=35
num_cat=0
split_feature=12 12 5 6 9 2 5 5 0 5 2 0 2 2 12 12 9 2 12 12 5 2 12 6 12 2 12 9 7 7 5 7 7 9
split_gain=79.4545 59.7197 41.0079 66.409 28.0005 37.8161 35.8447 33.6886 32.3338 35.2282 42.6703 28.2933 27.7096 24.3518 45.9009 27.7563 21.3788 18.7734 17.7929 17.0972 20.9515 16.5626 15.8459 14.5044 13.7098 28.2745 22.339 16.3976 16.2867 13.4689 13.3489 33.2217 13.3381 20.8301
threshold=40.500000000000007 10.500000000000002 0.57637088733798614 0.21722278395685882 0.31666666666666671 0.77849927849927869 0.51736194839643124 0.7235442329227324 0.95293466223698797 0.79502625888168077 0.88067796610169491 0.99253731343283602 0.81120250685468098 0.9194594594594595 16.500000000000004 21.500000000000004 0.41428571428571431 0.85053191489361712 26.500000000000004 11.500000000000002 0.80136054421768721 0.82009247583018086 21.500000000000004 0.99779735682819382 6.5000000000000009 0.5122242098986286 8.5000000000000018 0.58571428571428574 0.63897107166337941 0.64533196791261316 0.60042918454935634 0.58400620114979662 0.30820856995353646 0.47222222222222227
decision_type=2 2 2 2 2 2 2 2 2 2 2 2 2 2 2 2 2 2 2 2 2 2 2 2 2 2 2 2 2 2 2 2 2 2
left_child=1 2 3 -1 8 6 -6 -7 9 10 -3 -10 23 15 -15 -13 -14 22 -12 20 -8 -5 -11 -2 25 32 28 -28 -26 -30 31 -27 33 -4
right_child=12 4 24 21 5 7 19 -9 11 17 18 13 16 14 -16 -17 -18 -19 -20 -21 -22 -23 -24 -25 26 30 27 -29 29 -31 -32 -33 -34 -35
leaf_value=0.0024506385678084858 -0.00016932892538914552 -0.043181690010070502 -0.070133751608195669 -0.066688449401491379 -0.046211829033919398 0.0096974803831319858 0.090398957559453458 0.056039791725103018 0.066525850611999116 0.0012135597292491718 0.02818528986066459 0.017473618922650386 0.016387176620109741 -0.028663437616560112 0.0018958900527214354 -0.017546109445837281 0.065395234629933227 0.045564632298543656 -0.10966470298355646 0.0034986201837567464 0.0025919375145527805 0.015801245055310772 -0.02271812187486608 0.0441306961663534 0.0062532124954789402 0.10819435217009481 -0.02410484143895119 0.040757811298400615 0.27498249492984056 0.052963774566350021 0.016917447806647071 1.151776104160402 -0.05303087785245858 1.1700576975944383
leaf_weight=121.88162272312911 141.21222108067013 289.2199417919328 0.16274369614256912 207.58829768748546 69.803267504088581 175.73937954450957 25.309305335744284 136.61713429028168 32.239969602436759 400.42616360756801 63.60832588042831 586.28256768791471 65.995304010808468 311.25401784077985 1064.6023938899161 136.77166986605152 128.61968001979403 35.388487471733242 4.9447224299656218 949.53716937344871 28.097763786499854 12.653880325349744 204.96451351954602 48.706093202112243 77.639098615953117 1.1515924295526918 133.98980374027451 22.272537602140801 1.3841413429327065 40.96142622140178 33.036206654331181 0.17176886074594211 73.586950554454233 0.11204989423276857
leaf_count=12441 7109 301446 228 734526 125584 3574 7078 26056 953 61823 2419 22026 5609 23400 32631 3586 43979 1354 244 67328 1015 5984 10513 4922 29853 443 41599 4192 616 4772 2097 97 159908 13
internal_value=-0.000499067 -0.00275229 -0.0213778 -0.0390067 0.000245212 0.00853172 0.00229047 0.0299665 -0.00342213 -0.0138165 -0.0314122 0.00144815 0.0302135 0.000448531 -0.00501741 0.0108493 0.0487763 -0.00399202 0.0182422 0.00566615 0.0442032 -0.0619491 -0.00688889 0.0111918 -0.00569048 -0.0268096 0.00258304 -0.0148598 0.0252997 0.0602209 0.02565 0.243649 -0.0512131 0.435567
internal_weight=5625.93 5241.4 726.592 342.124 4514.81 1385.1 1072.75 312.357 3129.7 998.552 357.773 2131.15 384.533 2098.91 1375.86 723.054 194.615 640.779 68.553 1002.94 53.4071 220.242 605.391 189.918 384.468 108.221 276.247 156.262 119.985 42.3456 34.3596 1.32336 73.8617 0.274794
internal_count=1749418 1687799 996769 752951 691030 230635 201005 29630 460395 377799 304109 82596 61619 81643 56031 25612 49588 73690 2663 75421 8093 740510 72336 12031 243818 162786 81032 45791 35241 5388 2637 540 160149 241
is_linear=0
shrinkage=0.07


Tree=86
num_leaves=35
num_cat=0
split_feature=12 1 5 6 3 12 7 5 3 0 3 3 2 5 2 7 5 6 0 5 5 1 6 12 0 2 3 12 3 12 6 1 0 7
split_gain=70.9043 54.7253 134.346 46.7715 27.7166 23.5088 23.3848 20.7339 19.4588 19.4922 43.4532 18.8162 17.9084 17.1262 16.5575 14.9342 87.6162 47.2692 17.9558 14.0649 13.2154 10.786 10.1881 10.1324 10.5219 9.51024 21.126 13.2735 9.49436 9.38229 8.76317 10.4675 10.0709 8.44296
threshold=40.500000000000007 0.51668520578420474 0.62084711069122978 0.67422150882825049 0.48331479421579537 6.5000000000000009 0.5862971655533491 0.99773755656108609 0.83047895500725699 0.47690120824449195 0.93063352044907788 0.55646630236794181 0.6861407249466952 0.87737200143215188 0.27639257294429714 0.24705229574143436 0.43503836317135552 0.43842941909017658 0.62593283582089565 0.57637088733798614 0.36157395539605236 0.72377109317681587 0.74347628772407548 19.500000000000004 0.51668520578420474 0.79205974842767291 0.81302966101694929 24.500000000000004 0.70087719298245621 4.5000000000000009 0.99779735682819382 0.9194594594594595 0.94474969474969483 0.88103563103563121
decision_type=2 2 2 2 2 2 2 2 2 2 2 2 2 2 2 2 2 2 2 2 2 2 2 2 2 2 2 2 2 2 2 2 2 2
left_child=1 2 8 15 -2 29 23 11 -1 10 19 -5 14 22 -8 20 -17 -18 -19 -10 25 -15 -13 24 -7 27 -27 -3 -14 -4 31 32 -6 -34
right_child=4 3 5 7 30 6 12 -9 9 -11 -12 13 28 21 -16 16 17 18 -20 -21 -22 -23 -24 -25 -26 26 -28 -29 -30 -31 -32 -33 33 -35
leaf_value=-0.064196798625075699 -0.004527111352125612 0.018183969625852777 0.063185690839245107 0.12686022478764014 0.032955561530829222 0.028280912768799574 0.0021345015254504787 0.049401115928507093 0.42310991793908453 -0.015405955394079664 -0.092955632596203056 0.010611991125645474 0.26829731773946425 -0.014551468976930677 -0.015695226556623292 -0.050839321141651024 0.041948428234626148 0.028012504032659077 -0.0079156565941281148 1.1109501226107534 0.094495268233726212 0.012300969933258887 0.035637089537803764 -0.010539834235192971 -0.0096605310119692138 -0.064597442202846064 0.0013427522645235491 -0.12685272361023134 0.050901853801194843 -0.052566075497267432 0.065326826568539664 0.04639581996985815 0.026200385140026289 -0.044951832871783705
leaf_weight=243.90540661093837 91.397194880992174 210.52495575156354 3.6381823978590537 7.1305711051682001 60.777332187863067 194.09340295669972 427.43540151008347 91.987230669823475 0.82478981543681851 16.305772131745471 1.0980709137220401 151.96674415387679 1.0505597947631056 131.71834063879214 633.39974493271438 192.59304664704541 119.9030156856461 74.428722252079751 809.29651254390774 0.17691050516441464 7.658942873007617 165.26089349552058 167.6630521286861 61.760696256853407 43.919052325407392 24.238215288118226 1339.7567308365251 3.1379867355572051 15.625309536233543 60.320552262011915 53.509039279073477 134.48473263485357 14.162328637205063 19.318687596358359
leaf_count=891779 826 18022 2142 355 4767 70885 93330 13396 219 9639 353 4230 26 3831 156743 202948 10339 9997 39734 15 1133 16290 7790 2493 1795 375 11605 31 810 117494 15784 33983 2589 3670
internal_value=-0.000477263 -0.00259333 -0.0128816 0.0024182 0.0289762 -0.00449528 -0.00256872 0.0183767 -0.0589594 0.0104446 0.211187 0.0138014 -0.00737976 0.0124939 -0.00851121 -0.00168815 -0.00759286 0.000706003 -0.00488973 0.54459 0.00276732 0.000391185 0.023739 0.0147242 0.0212798 0.00232202 0.000170994 0.0160539 0.0645975 -0.0459817 0.039825 0.0338595 0.0159731 -0.0148547
internal_weight=5574.47 5200.82 1703.55 3497.26 373.649 1441.24 1377.28 715.727 262.311 18.4055 2.09977 623.74 1077.51 616.609 1060.84 2781.54 1196.22 1003.63 883.725 1.0017 1585.32 296.979 319.63 299.773 238.012 1577.66 1363.99 213.663 16.6759 63.9587 282.252 228.743 94.2583 33.481
internal_count=1749418 1687799 1347723 340076 61619 445718 326082 45892 902005 10226 587 32496 250909 32141 250073 294184 263018 60070 49731 234 31166 20121 12020 75173 72680 30033 11980 18053 836 119636 60793 45009 11026 6259
is_linear=0
shrinkage=0.07


Tree=87
num_leaves=35
num_cat=0
split_feature=9 1 3 5 5 5 0 6 1 3 1 0 12 12 5 0 1 12 6 5 3 12 5 3 6 0 3 12 5 7 3 5 6 7
split_gain=69.1112 103.874 55.0602 85.0944 49.3079 28.9493 21.0551 20.4118 20.6445 54.0108 69.9778 46.678 38.9653 24.0764 25.9579 74.6957 23.7581 21.7149 21.8512 17.9776 16.6365 16.7056 23.0424 52.5411 14.2911 13.1224 12.5952 18.4011 12.492 12.2694 11.0786 11.1188 10.7616 9.95214
threshold=0.61250000000000016 0.58898944193061853 0.49306742640075979 0.80788655788655805 0.53708994708994717 0.54912120288529931 0.30068493150684933 0.99779735682819382 0.86526825332795487 0.96490147783251234 0.91476997578692509 0.91476997578692509 12.500000000000002 21.500000000000004 0.59191836734693892 0.95293466223698797 0.90990259740259749 22.500000000000004 0.46192500966370315 0.84877072612921667 0.77871939736346529 18.500000000000004 0.80788655788655805 0.23669467787114853 0.42887798896382595 0.963409192324855 0.42020373514431242 23.500000000000004 0.90346475507765844 0.38119783996072659 0.20344827586206896 0.62532051282051293 0.9455533596837945 0.73926218708827418
decision_type=2 2 2 2 2 2 2 2 2 2 2 2 2 2 2 2 2 2 2 2 2 2 2 2 2 2 2 2 2 2 2 2 2 2
left_child=2 4 3 -1 -2 29 33 8 13 10 11 -10 16 14 15 -4 -11 18 -15 -19 21 22 23 -6 -16 -14 -8 -28 -24 -3 -23 -32 -12 -5
right_child=1 5 7 6 20 -7 26 -9 9 12 32 -13 25 17 24 -17 -18 19 -20 -21 -22 30 28 -25 -26 -27 27 -29 -30 -31 31 -33 -34 -35
leaf_value=-0.057537739692586146 -0.059942266419389337 0.052824246076795853 -0.045111703138204888 -0.0096758690880249919 0.6293445553857957 0.059454434133106034 -0.050864777166354298 0.064210945823927612 0.02780248356257722 0.038975514221964658 0.074104123025443822 -0.074478988319393202 -0.073347960153865313 0.02233418034904357 0.045474461011329806 0.0070005695495462253 -0.030122187216212296 -0.036306863612470146 -0.067654371416261294 -0.001948757300967526 0.045632663095396861 0.051337800678652054 -0.020317184985245526 0.056201152959035876 0.0027460722209285311 0.0046705240667304047 -0.030970441118373236 0.058238424778707484 0.02454069135398243 -0.024120739632758487 -0.098012211284536327 -0.0049270545576052321 -0.02305129537965318 0.018704382104101362
leaf_weight=228.12388177309185 59.08757067642 14.759881996622424 229.34891798108583 97.76209247452789 0.79899914383713522 258.16121663592639 58.635561053437414 23.296020240755752 59.410405971459113 26.828144849627279 122.39020008873194 34.593915802543052 10.641349484154487 16.073977020336315 40.036577092003427 326.84368737167097 267.48269689409062 110.57902712526266 74.519510000769515 229.48816932085901 50.098953078268096 16.963264823600184 49.335627113701776 41.023620210893569 913.50779919279739 1446.5057789660641 37.371807451796485 16.25900615111459 79.337213818682358 32.544186910861754 6.3914258515578686 387.47492346621584 5.8536518460605285 159.04156648248318
leaf_count=791791 220981 662 330698 25809 492 72712 18739 1782 2735 1452 4135 2098 555 876 1594 30657 20565 3906 2236 5368 4884 249 878 20300 91988 54043 14115 450 881 1183 918 5589 394 13703
internal_value=-0.000455221 0.0162415 -0.00412249 -0.0239284 0.00120587 0.05023 -0.00315432 -0.00111848 -0.00150731 0.00353336 0.0360404 -0.00983745 -0.000591567 -0.00663451 -0.00246999 -0.0144882 -0.0238235 -0.0212338 -0.0516877 -0.0131209 0.006928 0.00359241 0.0220126 0.0671508 0.00454011 0.00410077 -0.0284413 -0.0039254 0.00734132 -0.000112257 -0.00405202 -0.00643758 0.0696695 0.00790036
internal_weight=5530.57 995.977 4534.59 597.194 690.512 305.465 369.07 3937.4 3914.1 1973.71 222.248 94.0043 1751.46 1940.4 1509.74 556.193 294.311 430.661 90.5935 340.067 631.424 581.325 170.495 41.8226 953.544 1457.15 112.266 53.6308 128.673 47.3041 410.83 393.866 128.244 256.804
internal_count=1749418 329729 1419689 864607 255172 74557 72816 555082 553300 85977 9362 4833 76615 467323 454937 361355 22017 12386 3112 9274 34191 29307 22551 20792 93582 54598 33304 14565 1759 1845 6756 6507 4529 39512
is_linear=0
shrinkage=0.07


Tree=88
num_leaves=35
num_cat=0
split_feature=9 2 2 5 5 5 1 12 12 6 3 3 2 0 3 1 3 6 5 7 2 12 3 5 3 2 6 12 6 4 9 5 3 12
split_gain=60.7588 98.2233 50.8049 88.9036 47.9352 27.9298 16.6508 16.0633 15.7038 13.3992 12.8562 12.9376 18.2687 12.5224 66.3324 44.3127 48.9131 21.4256 16.7101 16.1898 12.3772 11.8803 18.2518 15.6692 29.8427 30.5352 20.5241 10.998 12.8448 10.9218 10.7035 22.9429 11.4544 25.5419
threshold=0.61250000000000016 0.65599385245901654 0.39314988290398134 0.80788655788655805 0.54912120288529931 0.59476565172767715 0.99253731343283602 4.5000000000000009 18.500000000000004 0.99779735682819382 0.30940170940170947 0.42488716956802064 0.24807692307692311 0.58578637510513054 0.64346246973365628 0.58898944193061853 0.87226107226107241 0.9455533596837945 0.71248622264210371 0.65069803021610262 0.15535444947209656 18.500000000000004 0.75204918032786894 0.80788655788655805 0.64565756823821341 0.20761494252873566 0.5439298245614036 20.500000000000004 0.35624311132105185 1.0000000180025095e-35 0.47222222222222227 0.54246303642264715 0.17028985507246377 15.500000000000002
decision_type=2 2 2 2 2 2 2 2 2 2 2 2 2 2 2 2 2 2 2 2 2 2 2 2 2 2 2 2 2 2 2 2 2 2
left_child=2 4 3 30 6 8 -2 29 -3 13 -5 12 -12 14 18 16 -15 -17 -9 -16 -13 23 -23 24 25 -6 -26 -10 -29 -4 -1 -32 33 -33
right_child=1 5 7 10 21 -7 -8 9 27 -11 11 20 -14 15 19 17 -18 -19 -20 -21 -22 22 -24 -25 26 -27 -28 28 -30 -31 31 32 -34 -35
leaf_value=-0.061975972490473888 -0.059616446464289222 0.059369635366295782 -0.061401262018531091 0.017692413961583449 0.27818539933445169 0.062518227130576781 0.54631934864642206 -0.05965034275939702 -0.090257063952542377 0.057857639054368325 0.0075151314379420806 -0.054070189607007969 -0.039768931988303682 -0.060367437927950518 0.07516528437909259 0.001429414611409667 0.0071827452958408569 -0.038901515631853817 -0.0050497469580475267 0.02858542147566832 0.0075152708167795339 -0.0029878936180399765 0.050781175817512153 0.0084892180479237533 0.079154678185388919 0.073507679716972016 -0.036682771655404983 0.12158858870716827 -0.017765073591124954 -0.0025142553766169741 -0.066231798283044596 0.5918412716231668 0.0080098144419835978 -0.073878122061622864
leaf_weight=193.10013175987115 61.230948300944874 18.266726483067032 35.290069084265269 112.47310739403474 4.20198546376196 216.23286234971602 0.223027303814887 32.632271126203705 8.4321125266142172 19.561694579431787 61.602322161284974 17.421549266262446 114.37688915178296 126.06763849382696 60.946177613965119 3017.1795439843263 90.039788747759303 65.954321040539071 173.44706187926931 91.389058163273148 194.67390183504904 416.92796827241546 33.413152214838192 136.63739383546636 11.791241480270399 23.804801403690362 20.569202935090289 3.7456381889060166 24.059191584121436 27.427705285575939 36.706674483109964 0.52647821445134713 28.233386269799666 0.60914462900836952
leaf_count=647932 226058 896 101740 11542 2074 70650 2 96163 85 1733 8899 983 33475 45685 8290 210248 6192 4153 27967 2016 21666 7233 5224 2341 142 14320 296 30 378 4158 171834 158 14806 49
internal_value=-0.00043443 0.0153644 -0.00387369 -0.0203768 0.00166479 0.0512304 -0.0574174 -0.000521279 0.00644809 7.78483e-05 -0.00314602 -0.00918549 -0.0232169 -0.000231167 0.0121955 -0.00158114 -0.0322231 0.000566656 -0.0136956 0.0472211 0.00245663 0.00727359 0.00100151 0.0216112 0.051312 0.104216 0.00552516 -0.0202292 0.00100751 -0.0356488 -0.0536546 -0.0293363 0.0167773 0.234751
internal_weight=5479.2 979.536 4499.66 759.724 708.8 270.737 61.454 3739.94 54.5037 3677.22 500.548 388.075 175.979 3657.66 358.415 3299.24 216.107 3083.13 206.079 152.335 212.095 647.346 450.341 197.005 60.3672 28.0068 32.3604 36.2369 27.8048 62.7178 259.176 66.0757 29.369 1.13562
internal_count=1749418 329729 1419689 911344 257690 72039 226060 508345 1389 402447 76565 65023 42374 400714 134436 266278 51877 214401 124130 10306 22649 31630 12457 19173 16832 16394 438 493 408 105898 834779 186847 15013 207
is_linear=0
shrinkage=0.07


Tree=89
num_leaves=35
num_cat=0
split_feature=12 12 3 5 1 9 1 5 3 5 5 0 1 7 0 12 0 12 12 12 5 9 9 3 8 3 3 12 12 7 12 5 5 5
split_gain=53.388 41.4709 38.0467 42.6809 22.3274 21.6838 30.4952 28.6533 27.7011 40.7575 27.3082 25.4962 33.4803 22.0998 20.2975 44.5447 24.1943 18.4214 14.9589 14.3943 16.8382 14.076 11.0106 20.4056 19.6431 17.4802 14.5535 15.4372 20.2068 17.9702 11.753 12.7623 10.5124 10.4598
threshold=41.500000000000007 10.500000000000002 0.54692082111436957 0.76975051975051978 0.89699381078691431 0.31666666666666671 0.77459677419354855 0.49132832080200511 0.64346246973365628 0.82404540763673906 0.7235442329227324 0.58578637510513054 0.37248718959400873 0.46681350954478712 0.95293466223698797 12.500000000000002 0.99253731343283602 11.500000000000002 14.500000000000002 11.500000000000002 0.80136054421768721 0.69047619047619058 0.73214285714285732 0.63733075435203113 1.5000000000000002 0.93683510638297884 0.74813432835820903 49.500000000000007 63.500000000000007 0.81848688224527166 52.500000000000007 0.9455533596837945 0.95275297619047639 0.54912120288529931
decision_type=2 2 2 2 2 2 2 2 2 2 2 2 2 2 2 2 2 2 2 2 2 2 2 2 2 2 2 2 2 2 2 2 2 2
left_child=1 2 3 -1 22 8 7 -7 9 -3 -8 12 -10 -14 15 -13 -16 -11 -19 20 -9 -6 24 -24 25 -2 -26 29 -29 -28 -27 -32 -21 -4
right_child=4 5 33 -5 21 6 10 19 11 17 -12 14 13 -15 16 -17 -18 18 -20 32 -22 -23 23 -25 26 30 27 28 -30 -31 31 -33 -34 -35
leaf_value=-0.064282820917179739 0.044601575630475912 -0.059444270016913367 -0.018338076566441971 -0.002892450199962795 0.025963867680760339 -0.049827215835818457 0.009521433896493953 0.077645862265264598 -0.025571394486056397 -0.053780803549958664 0.052322719033662167 0.039967642647347049 0.23253118751232627 0.049415915560192772 0.062738960427111912 -0.022985274384914239 0.00012976092730494068 0.034411839460318477 -0.0089129603908095229 0.0077355866866653418 0.00065130484858997066 0.070163581883436132 0.0037003158734897974 0.066581953837259275 -0.038851427536626959 -0.0047698617852977862 -0.092039041943738284 0.070815663836372722 -0.41150065465691155 -0.52344476637634729 0.072795940328144709 -0.20573812698607635 -0.0078720895036112001 0.0035038337264397174
leaf_weight=146.44841326831374 30.267894175602123 98.755033731416916 192.00101749160967 89.347106393892318 70.585258931620046 49.685478217768832 175.63005383836571 27.888022344632191 34.352901649399428 35.620482092606835 125.04875436262228 63.297600273857825 3.3746219670865676 75.099286995537113 30.688516899943352 424.01208331357338 2085.6942989371601 49.528372860106174 184.58004827424884 643.61550574212743 27.783622032671701 70.63472448149696 78.60717292339541 37.279396523255855 17.539865476777781 9.1250812702346575 0.85593705996870895 1.5946125553455206 0.58060019416734565 1.0578704152721909 1.044233813183381 3.5341191499028355 314.921124320128 243.91245396606973
leaf_count=740807 766 241708 198617 30747 10215 111597 3544 8633 2770 13505 27578 15848 804 2032 959 67522 81938 10197 23506 71294 1029 33117 1068 12020 242 616 84 227 81 126 51 249 9323 26598
internal_value=-0.000416772 -0.00215688 -0.0183693 -0.0410209 0.0271983 0.000290559 0.00763799 0.00207488 -0.00295939 -0.0209695 0.027322 -0.000516403 0.0320611 0.0572904 -0.0019281 -0.0148082 0.00103762 -0.0068828 0.000252907 0.00461753 0.0392208 0.0480715 0.0109563 0.0239286 -0.01196 0.0149048 -0.0665757 -0.185499 -0.0579225 -0.330502 -0.0506889 -0.14221 0.00260778 -0.00611658
internal_weight=5443.99 5121.28 671.709 235.796 322.707 4449.58 1364.57 1063.89 3085 368.484 300.679 2716.52 112.827 78.4739 2603.69 487.31 2116.38 269.729 234.108 1014.21 55.6716 141.22 181.487 115.887 65.6002 43.9713 21.6289 4.08902 2.17521 1.91381 13.7034 4.57835 958.537 435.913
internal_count=1749418 1690556 996769 771554 58862 693787 232998 201876 460789 288916 31122 171873 5606 2836 166267 83370 82897 47208 33703 90279 9662 43332 15530 13088 2442 1682 760 518 308 210 916 300 80617 225215
is_linear=0
shrinkage=0.07


Tree=90
num_leaves=35
num_cat=0
split_feature=6 3 2 9 5 9 6 5 5 5 6 5 6 5 12 5 5 7 3 12 9 5 9 8 3 3 12 2 3 2 2 7 5 5
split_gain=50.0178 70.3207 60.3285 48.5821 45.7853 55.8588 30.5865 22.1166 19.1985 25.9332 21.519 96.7934 48.8329 20.7918 18.4149 71.2993 80.6281 15.9653 14.0173 12.7238 14.2284 20.8751 12.6744 12.3238 13.2234 12.3169 11.6918 11.646 11.2777 11.1469 10.7268 10.5519 14.6751 10.391
threshold=0.7235442329227324 0.49306742640075979 0.74443344878772899 0.47222222222222227 0.62084711069122978 0.31666666666666671 0.92074911499371936 0.97044263249854412 0.9201769911504426 0.99773755656108609 0.2440886240923478 0.43503836317135552 0.43500788465870693 0.90346475507765844 5.5000000000000009 0.71468475658419794 0.66009708737864081 0.81848688224527166 0.84889995848899968 13.500000000000002 0.77500000000000013 0.72776679841897229 0.19090909090909094 1.5000000000000002 0.77871939736346529 0.83910792512943055 24.500000000000004 0.72834224598930497 0.58123167155425226 0.31400560224089641 0.44300144300144306 0.54587542087542096 0.9455533596837945 0.92885264341957263
decision_type=2 2 2 2 2 2 2 2 2 2 2 2 2 2 2 2 2 2 2 2 2 2 2 2 2 2 2 2 2 2 2 2 2 2
left_child=1 4 18 6 -1 -6 -4 -8 10 31 -3 22 29 -14 15 16 -7 26 25 -20 -21 -22 -12 24 28 -2 -16 -24 -11 -13 -25 -10 33 -33
right_child=2 8 3 -5 5 14 7 -9 9 23 11 12 13 -15 17 -17 -18 -19 19 20 21 -23 27 30 -26 -27 -28 -29 -30 -31 -32 32 -34 -35
leaf_value=-0.066832111150403245 -0.00038691520141686435 0.0027561175862887729 0.029330132492999868 0.06216171748692912 -0.052928890668001383 -0.070042959031548682 -0.061270739060831587 0.011254431181559721 0.071181545557468556 0.010758530384392064 -0.06356798377124602 -0.075472514335271579 -0.0043863388276688051 -0.052748470036722041 0.0012359657510834256 0.070196655190866708 4.0601341473028194 0.36847615639029596 0.05883238224883762 -0.00043518513189143651 -0.33280684225011326 0.065402437078271231 -0.063551191810165705 0.17055037745141308 0.029710261621017111 -0.083308350186625621 0.055212822196402042 -0.00425611334587117 -0.061193101598490174 0.042436201054045164 -0.0087880779697509549 0.061074210843832515 0.06852371096821222 -0.021105875621100351
leaf_weight=131.9205860143411 1106.0343331652257 1578.5905396490998 191.40084093483165 163.10066160059068 110.23001130789635 0.04253575997427006 37.580858387518674 45.606797703541815 40.260793230263516 15.552534208167343 149.24703812366351 4.0541708407545221 1153.621718461116 45.268160903942771 112.73044217067945 0.49562473331752699 0.050844962795963511 0.61373270288458925 33.994073783280328 108.66813750495203 0.66089761699550109 26.921478121774271 26.465273387177149 3.2754401033744207 19.268029990373179 8.8475786410272104 23.818194590101484 41.970458074269118 34.030474714469165 127.01848440920003 3.2615836140466854 10.063981824554501 24.210853812284768 30.050298787653446
leaf_count=700522 74289 31208 10706 66981 289973 132 1644 3888 1168 378 258953 3009 179584 1298 26204 153 114 40 523 2461 7 7178 65061 34 479 391 675 2620 268 17313 170 384 636 974
internal_value=-0.000389888 -0.00499182 0.00945634 0.0319019 -0.0335141 -0.0157897 0.0139281 -0.0215095 -0.00171444 0.0205172 -0.0029943 -0.00885969 -0.00177734 -0.00621242 0.0139294 0.404494 2.1788 0.0122522 0.00181182 0.0205201 0.0109613 0.055861 -0.0521303 -0.01078 -0.0195008 -0.00104497 0.0106512 -0.0271865 -0.0386243 0.0387892 0.0810712 0.0430771 0.0254866 -0.000488308
internal_weight=5408.93 3686.11 1722.82 437.689 379.902 247.981 274.588 83.1877 3306.21 179.974 3126.24 1547.65 1329.96 1198.89 137.751 0.589005 0.0933807 137.162 1285.13 170.245 136.251 27.5824 217.683 75.3881 68.851 1114.88 136.549 68.4357 49.583 131.073 6.53702 104.586 64.3251 40.1143
internal_count=1749418 1581350 168068 83219 1017813 317291 16238 5532 563537 4491 559046 527838 201204 180882 27318 399 246 26919 84849 10169 9646 7185 326634 1329 1125 74680 26879 67681 646 20322 204 3162 1994 1358
is_linear=0
shrinkage=0.07


Tree=91
num_leaves=35
num_cat=0
split_feature=9 2 8 12 2 5 5 12 2 5 12 12 0 5 6 2 9 5 8 6 12 5 7 2 6 0 5 6 0 12 6 12 8 5
split_gain=45.4336 80.8429 57.3205 40.351 38.7355 37.6479 37.4797 28.8944 27.4358 26.0011 25.8397 25.5468 19.7358 19.0284 19.5281 18.4428 18.1331 26.5684 19.1083 64.8081 17.4634 22.5348 21.4853 17.1819 21.8393 16.4338 32.391 54.6912 15.8997 13.6832 11.6218 9.71615 37.0561 16.3569
threshold=0.61250000000000016 0.65599385245901654 1.5000000000000002 11.500000000000002 0.56966490299823647 0.71248622264210371 0.54912120288529931 9.5000000000000018 0.99253731343283602 0.59476565172767715 10.500000000000002 6.5000000000000009 0.77871939736346529 0.9831455354606573 0.53361581920903967 0.91476997578692509 0.31666666666666671 0.97489495798319337 1.0000000180025095e-35 0.50802230802230808 13.500000000000002 0.95275297619047639 0.78283873936047865 0.69416099773242645 0.85372985308800475 0.66244725738396626 0.96110200479132524 0.89864245092643558 0.95293466223698797 18.500000000000004 0.93699993699993711 18.500000000000004 1.5000000000000002 0.82404540763673906
decision_type=2 2 2 2 2 2 2 2 2 2 2 2 2 2 2 2 2 2 2 2 2 2 2 2 2 2 2 2 2 2 2 2 2 2
left_child=2 6 3 4 5 -1 -2 11 10 29 15 -7 -9 14 -4 -6 17 18 28 -20 30 22 -22 -15 -25 -16 -27 -28 -5 -3 -18 32 -8 -34
right_child=1 9 13 16 8 7 31 12 -10 -11 -12 -13 -14 23 25 -17 20 -19 19 -21 21 -23 -24 24 -26 26 27 -29 -30 -31 -32 -33 33 -35
leaf_value=-0.059041636955681723 -0.055213873216351905 0.054803291825587581 0.0036839019873831152 -0.011054864633377319 -0.0092067094054920553 -0.036579955348523686 -1.5127454494234727e-05 -0.045813050942138382 -0.051238098075831705 0.060965384148339782 0.044892650018948176 0.03715034483955601 0.057262242262964759 0.083107836269605356 -0.058489400359979127 0.05604888773767229 -0.019962166281176988 0.024600777225248893 0.054004236508959566 -0.052849746861616392 0.017296520377705207 -0.0073410530551407975 0.0584120588680834 -0.78468333584784866 -0.055097113819000273 -0.1067499736106062 -1.1395552027300024 -0.1860039756359097 0.0015862104531285226 -0.019308499698015232 0.16861863616695055 0.0004240933600723625 0.12485538353897209 0.042541197022182405
leaf_weight=155.31442992895609 52.725130844002706 18.515050250804052 17.448674979139469 647.86735845406656 250.84206793844351 34.379501208313741 143.64837967454514 111.83279895798478 46.977003154635895 186.46677478711354 66.715759428625461 69.735786517252563 9.908539030060636 7.7118420223705453 57.499893616477493 23.183449454896618 87.400750906861504 182.93781266524456 36.654377933475189 115.30199080496095 296.96173037184053 135.92353971791454 78.802471242845058 0.24536627484485496 1.1128367227502165 20.313674243632708 0.40454899263568123 1.0857299205381421 1970.2504109024885 35.829501982312649 1.6311878510750819 448.44834641035413 16.722630129937897 40.422577550401911
leaf_count=707090 226060 896 16621 217859 102020 38581 16593 79724 3808 70650 3719 11794 97 130 5777 852 58087 7578 18983 22167 35409 7053 4634 30 190 875 46 119 76418 493 28 12457 1925 655
internal_value=-0.000402434 0.0135507 -0.00337293 -0.00212686 -0.0166668 -0.0325128 0.00154478 -0.0142697 -0.00108839 0.0485479 0.0058256 0.0128042 -0.0374237 -0.0542723 -0.0633606 -0.00368587 0.00101902 -0.00123624 -0.00294254 -0.0270748 0.0121054 0.0170839 0.025919 0.0426752 -0.186901 -0.0781119 -0.129859 -0.444854 -0.00154189 0.0059412 -0.0165071 0.00615417 0.0189516 0.0666291
internal_weight=5371.22 942.778 4428.44 4322.62 768.889 381.171 701.967 225.857 387.718 240.811 340.741 104.115 121.741 105.823 96.7525 274.026 3553.73 2953.01 2770.07 151.956 600.72 511.688 375.764 9.07005 1.3582 79.3038 21.804 1.49028 2618.12 54.3446 89.0319 649.242 200.794 57.1452
internal_count=1749418 329729 1419689 1395901 947685 837286 257690 130196 110399 72039 106591 50375 79821 23788 23438 102872 448216 343005 335427 41150 105211 47096 40043 350 220 6817 1040 165 294277 1389 58115 31630 19173 2580
is_linear=0
shrinkage=0.07


Tree=92
num_leaves=35
num_cat=0
split_feature=6 1 9 2 5 9 6 5 0 1 5 2 0 1 1 2 0 9 1 0 1 2 5 2 12 8 2 12 12 12 0 0 2 0
split_gain=40.6083 51.2292 47.0881 46.1355 62.8012 37.4943 31.0098 29.9415 24.8401 28.1497 23.3762 19.2781 17.0017 16.3376 15.6215 33.1886 28.2817 14.6041 19.4113 12.9001 19.2698 12.7641 12.4586 10.8182 10.7616 11.6047 12.1491 10.7185 20.0996 14.0204 9.57375 43.4968 22.9696 15.696
threshold=0.7235442329227324 0.72377109317681587 0.47222222222222227 0.5147186147186148 0.62084711069122978 0.23611111111111113 0.92074911499371936 0.86512474012474017 0.57321428571428579 0.58102025506376598 0.97044263249854412 0.83438818565400863 0.69028213166144214 0.77459677419354855 0.86526825332795487 0.7873820168902137 0.95293466223698797 0.23611111111111113 0.67099567099567115 0.55217785843920153 0.54653679653679665 0.64346246973365628 0.97489495798319337 0.76028169014084523 11.500000000000002 1.5000000000000002 0.56070175438596503 9.5000000000000018 6.5000000000000009 11.500000000000002 0.89725545390570038 0.7206557377049182 0.64660633484162899 0.64075471698113218
decision_type=2 2 2 2 2 2 2 2 2 2 2 2 2 2 2 2 2 2 2 2 2 2 2 2 2 2 2 2 2 2 2 2 2 2
left_child=3 11 6 4 13 7 -3 -6 21 23 -8 30 17 -1 16 -16 -14 18 -11 20 22 24 -7 -10 25 -5 -27 28 -9 -29 31 32 33 -2
right_child=1 2 -4 8 5 19 10 27 9 12 -12 -13 14 -15 15 -17 -18 -19 -20 -21 -22 -23 -24 -25 -26 26 -28 29 -30 -31 -32 -33 -34 -35
leaf_value=-0.05719829750124035 0.00042368384899906008 0.027678695116432988 0.060666530666007482 -0.017867714725148458 -0.050434394051518221 0.01914490050774539 -0.060030242602586992 -0.033915755342471363 -0.041318353947015128 -0.014321854542615821 0.012267360164158393 0.075741292809684502 -0.025281920835008298 0.17305004034812088 0.086094003532363336 0.0011639642330235336 0.00078375184434333869 0.055680377637712719 0.16334205412157748 -0.037484624301878176 0.43023063750534107 0.09519937051585721 -0.018320837690919391 0.05892295227670849 0.047288176448721624 0.04005539623714191 0.41349155523587194 -0.058505481834624978 0.1492880811364472 0.016716301999699718 0.020558406418062395 -0.068573391466782124 0.04515405372479258 -0.050659963159328199
leaf_weight=186.51523379550781 1000.3461723136134 201.0451398929581 151.84037718886975 29.615758440239009 134.03213588992367 216.97889504912018 41.852247330360115 5.3339999900781532 105.9806901019474 39.109259527991526 45.999464743770659 16.844992993574124 330.92628544285253 1.5223766832787067 22.835487189062405 1775.9952117796056 531.66355002709315 48.272900222233147 3.2649384282558449 27.936354826088063 0.53994160692673077 14.795120405600754 54.393064656876959 5.5517553458048488 41.648096486009308 1.3635638027481025 0.62142934619623691 17.479386857885402 6.522650733590126 39.75779740413418 105.09175856830552 45.509110217448324 55.484355270629749 30.367480208398774
leaf_count=888358 70230 10903 67664 17480 314611 41417 1666 2826 63163 20145 3927 2356 107338 201 657 70903 26476 2794 1358 529 13 540 1328 1027 3858 104 41 6976 889 8318 7105 969 2626 622
internal_value=-0.000374679 0.00857812 0.0291062 -0.00453908 -0.0208206 -0.00791768 0.0125185 -0.0311384 -0.000727389 -0.00185338 -0.022175 0.00136117 -0.000456213 -0.0553342 -0.00147161 0.00224212 -0.00921615 0.029356 -0.000632823 0.00781271 0.0124666 0.0358952 0.0116354 -0.0363286 0.0239167 -0.00688566 0.156965 0.00629305 0.0668694 -0.00625531 0.000348127 -0.00152862 0.00128039 -0.00108137
internal_weight=5337.04 1694.38 440.737 3642.66 691.012 502.974 288.897 203.126 2951.64 2863.6 87.8517 1253.64 2752.07 188.038 2661.42 1798.83 862.59 90.6471 42.3742 299.848 271.912 88.044 271.372 111.532 73.2488 31.6008 1.98499 69.0938 11.8567 57.2372 1236.8 1131.71 1086.2 1030.71
internal_count=1749418 168068 84160 1581350 1265466 376907 16496 333620 315884 293861 5593 83908 229671 888559 205374 71560 133814 24297 21503 43287 42758 22023 42745 64190 21483 17625 145 19009 3715 15294 81552 74447 73478 70852
is_linear=0
shrinkage=0.07


Tree=93
num_leaves=35
num_cat=0
split_feature=5 1 5 1 7 7 12 0 3 7 5 7 8 2 3 3 2 1 3 0 3 3 2 3 2 3 7 0 3 2 12 5 7 12
split_gain=37.3215 51.3533 63.4636 36.4452 32.3824 20.6241 17.7932 15.5436 29.6804 17.648 61.5551 33.9188 17.0211 15.0583 18.0769 14.7176 19.5094 35.1005 14.4988 18.4221 14.8518 21.138 14.2981 13.5798 13.3557 14.7695 13.2893 11.8117 35.0564 16.7519 11.8038 75.4514 11.524 10.3411
threshold=0.91445993031358896 0.51668520578420474 0.54246303642264715 0.96609195402298853 0.7098682954762362 0.45622551524442179 6.5000000000000009 0.57321428571428579 0.71535181236673784 0.24705229574143436 0.4232172936552499 0.36012422360248453 1.0000000180025095e-35 0.27334993773349942 0.51520737327188948 0.87226107226107241 0.68042553191489374 0.45534290271132383 0.42020373514431242 0.14459930313588856 0.42967032967032975 0.43557312252964436 0.15535444947209656 0.49306742640075979 0.32049382716049385 0.35948717948717951 0.52698656740572913 0.90070422535211281 0.94665718349928885 0.61633428300094983 2.5000000000000004 0.66009708737864081 0.72423112767940356 40.500000000000007
decision_type=2 2 2 2 2 2 2 2 2 2 2 2 2 2 2 2 2 2 2 2 2 2 2 2 2 2 2 2 2 2 2 2 2 2
left_child=1 2 15 18 7 -4 -7 8 30 27 12 -12 -11 14 -8 -1 26 -18 19 -2 -20 -22 33 -15 25 -21 -17 28 -9 -29 31 -3 -24 -23
right_child=3 4 5 -5 -6 6 13 9 -10 10 11 -13 -14 23 -16 16 17 -19 20 24 21 22 32 -25 -26 -27 -28 29 -30 -31 -32 -33 -34 -35
leaf_value=-0.06789847145500226 0.028627903427382802 -0.070025718285811306 0.028025629064748467 0.043348103311386513 0.022683872211925471 -0.055648046951401658 0.011079165723056849 0.023859915130978713 0.11576061681600171 -0.064460395049656699 0.045166338549883674 -0.0059449763362141974 -0.013271166295741666 -0.036068174887727338 -0.044998552079673619 -0.019705893285616283 1.3673109258493015 0.034679597635273458 0.058310252459269317 -0.020055198574493904 -0.12599179508476085 -0.087850065156791973 0.0222315207397316 -0.0099379499760207466 -0.048717506497030612 0.014615991356108625 0.36062366102487498 0.10037016217379727 0.32981923650582018 0.00084995446806427992 -0.01133700975940562 6.1547706157150746 0.0043498494875065822 0.083664912986781026
leaf_weight=129.3245419425366 63.137528347200714 0.063001488073498702 62.764052861050004 142.83258753654081 295.5354881369858 46.59050225422834 203.72715967497788 52.936010798192001 15.911047949048223 111.04943936508789 68.159287280490389 955.55247280048206 44.617567861903808 145.57028285761771 32.686114779891795 8.0412484873959276 0.14590526392567049 0.28804035126813687 31.474508777086157 158.20103243057383 5.6222185253282069 11.277550950646399 295.67822078097379 294.84517100572702 43.753143056121189 97.190021646849345 0.47686812528991218 8.3335162989242217 1.90089111830457 1509.2027167323977 23.014780876168516 0.011244351393543184 438.48738105827942 2.0330066243186584
leaf_count=738483 1282 257 47162 42265 18645 159210 129366 16715 1198 176377 8171 59612 8525 185583 4266 6355 28 108 1391 6272 373 276 12759 51478 2794 4178 80 446 102 12666 16506 2 36468 19
internal_value=-0.000354211 -0.00368503 -0.0181575 0.0100042 0.000650029 -0.0104657 -0.0138052 -0.00168331 0.0421986 -0.00230524 -0.00877805 -0.00254196 -0.0497884 -0.0109249 0.00332595 -0.06189 0.0249101 0.482749 0.00585144 -0.0057311 0.0111998 0.00923085 0.0102479 -0.0185748 -0.0129829 -0.00686095 0.00158602 0.00254977 0.0344658 0.00139647 -0.00849426 0.872705 0.0115515 -0.0616535
internal_weight=5300.43 4010.75 924.46 1289.69 3086.29 786.183 723.419 2790.75 39.0001 2751.75 1179.38 1023.71 155.667 676.829 236.413 138.277 8.95206 0.433946 1146.85 362.282 784.573 753.098 747.476 440.415 299.144 255.391 8.51812 1572.37 54.8369 1517.54 23.089 0.0742458 734.166 13.3106
internal_count=1749418 1641341 1322119 108077 319222 577065 529903 300577 17963 282614 252685 67783 184902 370693 133632 745054 6571 136 65812 14526 51286 49895 49522 237061 13244 10450 6435 29929 16817 13112 16765 259 49227 295
is_linear=0
shrinkage=0.07


Tree=94
num_leaves=35
num_cat=0
split_feature=9 2 3 1 6 1 1 6 12 8 12 3 1 2 2 1 6 3 6 7 1 12 1 2 6 12 12 1 7 6 12 6 6 12
split_gain=37.848 66.2184 28.8495 50.0849 28.4535 34.1404 36.457 27.8073 24.3532 16.2774 35.0352 15.7155 65.6166 42.8305 26.6584 19.0634 15.6866 16.9771 14.8311 27.3628 14.8486 14.1163 13.2702 26.126 13.0165 12.5992 12.3773 34.4145 24.3605 12.2543 12.1049 11.3782 20.352 10.5972
threshold=0.92857142857142871 0.64346246973365628 0.84889995848899968 0.95713410900183726 0.44783893034825878 0.94791101465002725 0.75716625716625729 0.60932326158940409 6.5000000000000009 1.5000000000000002 22.500000000000004 0.96076923076923093 0.90366769774635447 0.72834224598930497 0.93063352044907788 0.578045515394913 0.95678847692718072 0.41444372153545878 0.62529620853080581 0.83796653796653808 0.71516754850088204 6.5000000000000009 0.48528138528138537 0.32049382716049385 0.99779735682819382 55.500000000000007 12.500000000000002 0.90990259740259749 0.24705229574143436 0.55395010395010413 13.500000000000002 0.9455533596837945 0.99779735682819382 18.500000000000004
decision_type=2 2 2 2 2 2 2 2 2 2 2 2 2 2 2 2 2 2 2 2 2 2 2 2 2 2 2 2 2 2 2 2 2 2
left_child=2 9 3 4 -1 6 8 33 -6 18 21 12 13 29 15 -15 17 25 19 20 -2 -11 23 -20 -25 -12 27 -13 -29 -4 -31 -28 -33 -3
right_child=1 7 11 -5 5 -7 -8 -9 -10 10 16 26 -14 14 -16 -17 -18 -19 22 -21 -22 -23 -24 24 -26 -27 31 28 -30 30 -32 32 -34 -35
leaf_value=-0.035012655400508658 -0.03114432505288971 0.047399889714165283 0.0016807859264712326 0.089194264547695384 -0.051301053237498138 -0.67726481986429288 0.038796765514031814 0.067422533428477108 -0.0084422132291128282 0.43457315345995634 -0.027707515718514451 0.010463962946168933 0.063375277549377856 0.074556764176490403 0.086458075976466028 -0.0255915643260663 0.036717101952188386 0.014902701792402179 0.012676421780778642 1.8181910251031372 0.20395797171046787 0.064065478644551171 0.050677938562128495 -0.021449343873989422 -0.093257967791782387 -0.12299894750090695 0.0024508404034405814 -0.017519976262545988 -0.071703354427624696 0.099259163959830157 0.035102544592463397 -0.048790388712779499 0.070756539347291897 -0.0080821675950101327
leaf_weight=224.47180017370556 110.02905542311782 27.305585895257536 31.772969244906562 24.370106283575296 68.64827962272102 0.37349861860275169 77.183434148435481 130.89745690696873 1210.3560567828536 0.50882312138855823 42.329223620588891 203.36528377451759 99.919822491239756 9.7088194108364387 11.75775725598214 228.68179053835047 41.510730855050497 48.801488971395884 186.26982522962498 0.039337006397544338 1.3322822645422991 51.824973170543672 25.356248410564149 74.363012963643996 14.837004511384292 8.0997543632984144 1886.6595038654923 212.41361084050732 50.283115589583758 20.533626657474088 48.323063528747298 45.149661734700203 8.2535353250568715 44.132501816377044
leaf_count=557438 222597 1306 18533 811 203696 18 2569 64788 490308 58 1013 20274 4222 860 615 39714 1952 2323 2840 3 50 8457 2959 1965 492 42 70050 2160 18418 690 1127 3535 1271 2264
internal_value=-0.000360327 0.0135837 -0.00288411 -0.0103924 -0.0119274 -0.00810749 -0.0079232 0.0482517 -0.0107426 0.00199511 0.0187681 0.0013352 0.0133312 -0.000923937 -0.0164379 -0.0215129 0.000584966 -0.0145301 -0.00586085 -0.0276796 -0.0283317 0.0676678 0.00221899 -0.00224152 -0.0333936 -0.0430129 -0.000911806 -0.011155 -0.0278913 0.0376412 0.0542346 0.00154893 -0.0303143 0.0131246
internal_weight=5269.86 807.637 4462.23 1605.4 1581.03 1356.56 1356.19 202.336 1279 605.302 193.075 2856.82 450.698 350.778 250.148 238.391 140.741 99.2305 412.227 111.401 111.361 52.3338 300.826 275.47 89.2 50.429 2406.12 466.062 262.697 100.63 68.8567 1940.06 53.4032 71.4381
internal_count=1749418 313109 1436309 1254840 1254029 696591 696573 68358 694004 244751 13845 181469 65761 61539 41189 40574 5330 3378 230906 222650 222647 8515 8256 5297 2457 1055 115708 40852 20578 20350 1817 74856 4806 3570
is_linear=0
shrinkage=0.07


Tree=95
num_leaves=35
num_cat=0
split_feature=9 2 6 5 1 5 7 2 5 6 0 0 2 0 12 1 6 5 2 8 9 6 7 5 5 1 1 0 8 6 2 2 0 9
split_gain=33.2893 60.5557 27.9307 27.8181 24.98 51.8655 43.6732 35.8318 26.4274 22.9359 22.5621 57.9274 50.7726 22.3673 22.3446 19.8006 18.5618 16.5496 14.2712 13.2668 18.8988 12.8896 16.7662 14.9097 11.5918 11.061 10.6134 15.4495 10.3286 29.4624 14.9475 11.951 10.1168 12.7763
threshold=0.92857142857142871 0.64346246973365628 0.60932326158940409 0.54912120288529931 0.72377109317681587 0.7002824858757063 0.20626738667975789 0.72834224598930497 0.49132832080200511 0.42524210335777002 0.71535181236673784 0.87026647966339421 0.64660633484162899 0.64075471698113218 12.500000000000002 0.51668520578420474 0.42317867317867325 0.99773755656108609 0.5147186147186148 1.5000000000000002 0.47222222222222227 0.92074911499371936 0.67374050098508309 0.91445993031358896 0.89687399291008718 0.66312056737588665 0.96609195402298853 0.88067796610169513 2.5000000000000004 0.7080195679657012 0.30368906455862982 0.27072835547411828 0.7593103448275863 0.38750000000000007
decision_type=2 2 2 2 2 2 2 2 2 2 2 2 2 2 2 2 2 2 2 2 2 2 2 2 2 2 2 2 2 2 2 2 2 2
left_child=4 3 -3 -2 5 6 -1 -6 -8 16 12 32 13 15 -13 -7 -10 21 -11 -19 -21 22 23 -9 -15 -16 27 -23 -5 30 -30 -31 -12 -34
right_child=1 2 -4 28 7 10 8 17 9 18 11 14 -14 24 25 -17 -18 19 -20 20 -22 26 -24 -25 -26 -27 -28 -29 29 31 -32 -33 33 -35
leaf_value=0.010083074757945275 -0.054924070936555457 0.012144296729765611 0.067130170716381804 0.002746012876462665 0.049119593558820292 -0.0042622744051049322 -0.068082190041228133 -0.0021420765198250057 0.064279743906829223 -0.050668996402726624 -0.034246748504520551 0.052040670476351893 0.04979411700559222 -0.013222421031353342 0.0069502016373088078 0.02468273791947824 0.621976675486548 0.048809242880327709 -0.011973044888338209 -0.62339495131455958 -0.042771443561251239 0.023333812693907198 0.019584970255732234 0.045750239551773736 -0.079069470049292989 -0.033153921478097835 0.00011870386115154142 -0.079559843513223399 0.3409188412472986 -0.022108040009137048 0.10560741437072646 0.047662480000561593 -0.067980749896553797 -0.17697980629328003
leaf_weight=99.21090958903369 39.476754401082871 71.776063654338941 122.56105938140536 507.28601113261539 75.848670594990836 837.93461669026874 125.77666724131268 2170.2562599307566 8.4976362394518183 97.64012733924028 44.140107166313101 38.067606883472763 99.154160481295548 25.395034271263285 88.570181226823479 134.37606754958688 0.30285028598154973 48.447011802112684 89.515630326946848 0.30143656302243416 3.0956539382459596 9.4476099864114058 202.99259268457536 32.326278716791421 27.0579325677827 54.39424442674499 31.531545743113384 29.408026712015271 1.9197784347343247 21.767496757209301 4.2534045112552121 26.891005379380658 59.499419627187308 5.781314121792092
leaf_count=13777 216373 3570 64788 26647 7846 260719 590975 115432 15949 371858 991 347 2283 1110 1418 3376 746 7210 19340 12 1153 324 13235 1544 258 903 2882 1362 34 252 86 1359 1147 112
internal_value=-0.000332015 0.0128505 0.0468218 0.00187655 -0.00269572 -0.00895017 -0.0305202 0.00171304 -0.0430409 -0.0269678 -0.0025305 -0.0199219 0.00196395 -0.00266401 0.00438189 -0.000261992 0.0834717 0.000290576 -0.0321609 0.0394325 -0.0942923 -0.000529015 0.000334924 -0.00143918 -0.0471897 -0.00830837 -0.0300553 -0.0545416 0.00586558 0.0347269 0.178786 0.0164505 -0.0601316 -0.0776338
internal_weight=5234.9 795.932 194.337 601.594 4438.97 1835.31 420.944 2603.66 321.733 195.956 1414.37 290.453 1123.92 1024.76 181.032 972.311 8.80049 2527.81 187.156 51.8441 3.39709 2475.96 2405.58 2202.58 52.453 142.964 70.3872 38.8556 562.118 54.8317 6.17318 48.6585 109.421 65.2807
internal_count=1749418 313109 68358 244751 1436309 1285309 1012645 151000 998868 407893 272664 4918 267746 265463 2668 264095 16695 143154 391198 8375 1165 134779 130211 116976 1368 2321 4568 1686 28378 1731 120 1611 2250 1259
is_linear=0
shrinkage=0.07


Tree=96
num_leaves=35
num_cat=0
split_feature=9 3 6 5 12 3 5 12 2 5 2 3 2 0 6 2 12 0 6 7 3 12 12 3 2 5 12 12 7 3 2 0 3 12
split_gain=29.5848 57.7893 31.4998 28.7149 23.7024 37.9188 24.0578 21.2157 19.3519 18.6734 18.5578 18.2153 17.5416 15.1775 14.441 14.0286 13.8867 13.3084 12.5629 11.9021 11.8282 15.851 11.575 11.5463 11.4405 31.5837 18.7225 10.5818 10.9988 10.407 15.964 14.81 10.2291 8.66834
threshold=0.61250000000000016 0.79205974842767291 0.62755527743012107 0.62084711069122978 11.500000000000002 0.55245781364636837 0.75887238862320683 9.5000000000000018 0.99253731343283602 0.80136054421768721 0.90366769774635447 0.97100840336134464 0.24068965517241384 0.70678733031674223 0.34577183699990721 0.53410852713178303 18.500000000000004 0.70678733031674223 0.99779735682819382 0.34417415829367187 0.59824561403508791 12.500000000000002 4.5000000000000009 0.99253731343283602 0.78979857050032498 0.72776679841897229 19.500000000000004 6.5000000000000009 0.52470642948494373 0.3504385964912281 0.32049382716049385 0.18321678321678331 0.77459677419354855 2.5000000000000004
decision_type=2 2 2 2 2 2 2 2 2 2 2 2 2 2 2 2 2 2 2 2 2 2 2 2 2 2 2 2 2 2 2 2 2 2
left_child=4 3 13 17 5 6 -1 27 10 12 22 -12 20 23 -9 29 19 -2 -6 -14 21 -5 -7 -3 25 -15 -27 33 -29 31 -31 -11 -19 -8
right_child=1 2 -4 9 18 8 7 14 -10 15 11 -13 16 24 -16 -17 -18 32 -20 -21 -22 -23 -24 -25 -26 26 -28 28 -30 30 -32 -33 -34 -35
leaf_value=-0.06499202542638817 -0.057647386775388068 0.098250403840337105 0.061697051918231681 0.2368245612645872 -0.00075637784411030111 -0.034696527950937819 0.24498985602925058 0.48086522432846901 -0.047936176538958104 0.010064889522026768 0.081710524136664797 -0.024504766479100864 0.41142714884127157 -0.0077423258561248138 -0.048509166108282431 0.053836987759276658 -0.018326902687320706 0.14178392891531899 0.043846598673525264 0.039984648561315929 -0.071465671814468612 0.073354311872552744 0.00022759521308583818 -0.13987318334731963 0.020287902220242158 -0.31554450865368472 0.013943505153645718 -0.020956928136584927 0.061493800156325107 0.019333867486777203 -0.011118139588659291 -0.03682150883741183 -0.10624219219659159 -0.043156756251873693
leaf_weight=96.864752715737268 50.914526791711978 12.334601495938838 142.30663549166638 3.3830628824653166 3553.3592987188313 52.851983613421908 0.52964464784599563 0.25360355235170473 45.156750797381392 53.209696978796273 24.907512785401195 11.59419722293387 0.42765213921666045 29.873195275780745 58.200504258304136 22.279615870327689 32.729008496622555 2.9647588195657582 31.214608937734738 36.536265336384531 2.2500059623271218 20.63482429808937 386.99471210260526 1.0855918128509081 49.30826318799518 2.8157971294131121 1.2073960064444689 11.558211747964377 25.239680411294103 163.95483719767071 173.74519278435037 86.960000348743051 1.1235527016688136 14.990747317307978
leaf_count=654082 237029 543 70727 646 461693 106467 244 37 3816 548 657 816 60 1207 48641 3844 901 365 1834 4150 22 849 117401 83 3036 111 137 2709 4062 1612 2987 761 111 17230
internal_value=-0.000310715 0.011309 0.0407537 0.000503963 -0.00270819 -0.014213 -0.0395116 -0.0172303 -0.00414042 0.00496928 1.13166e-05 0.0479729 0.0332538 0.00990877 -0.0462125 -0.00045751 0.0148798 -0.0478903 -0.000367973 0.044282 0.0820031 0.0963801 -0.00396889 0.078988 -0.00123311 -0.0325392 -0.216662 0.0151508 0.035596 -0.00298887 0.00366644 -0.019023 0.0736212 -0.0333235
internal_weight=5203.76 890.044 238.931 651.113 4313.72 729.142 207.637 110.772 521.505 596.11 476.348 36.5017 95.9608 96.6248 58.4541 500.149 69.6929 55.0028 3584.57 36.9639 26.2679 24.0179 439.847 13.4202 83.2047 33.8964 4.02319 52.3183 36.7979 477.87 337.7 140.17 4.08831 15.5204
internal_count=1749418 329729 75844 253885 1419689 956162 727005 72923 229157 16380 225341 1473 6628 5117 48678 9752 5111 237505 463527 4210 1517 1495 223868 626 4491 1455 248 24245 6771 5908 4599 1309 476 17474
is_linear=0
shrinkage=0.07


Tree=97
num_leaves=35
num_cat=0
split_feature=5 1 5 7 1 7 0 3 12 1 12 3 1 12 12 2 0 2 3 7 3 3 12 2 8 6 3 5 6 0 12 6 12 12
split_gain=26.5718 38.0745 53.548 25.7076 25.1612 18.409 15.9753 14.0244 13.3179 12.8555 37.7355 34.1261 61.4828 25.4829 17.5776 14.5683 11.2011 31.8651 11.8017 10.86 10.0861 9.5209 13.1883 9.81555 8.68124 18.2963 16.9619 10.6367 25.9784 10.0493 8.58281 15.0216 10.8845 12.9425
threshold=0.9201769911504426 0.51668520578420474 0.54246303642264715 0.73926218708827418 0.96609195402298853 0.45622551524442179 0.53427230046948371 0.87226107226107241 6.5000000000000009 0.86526825332795487 16.500000000000004 0.97100840336134464 0.91476997578692509 12.500000000000002 17.500000000000004 0.93788580246913589 0.54653679653679654 0.60120481927710856 0.84680573663624525 0.72423112767940356 0.42020373514431242 0.91734972677595628 21.500000000000004 0.68042553191489374 1.5000000000000002 0.60044843049327368 0.51925925925925942 0.99773755656108609 0.69783049789292961 0.6066017316017317 46.500000000000007 0.99779735682819382 21.500000000000004 22.500000000000004
decision_type=2 2 2 2 2 2 2 2 2 2 2 2 2 2 2 2 2 2 2 2 2 2 2 2 2 2 2 2 2 2 2 2 2 2
left_child=1 2 7 6 19 -4 -3 -1 -7 10 15 12 -11 -13 -12 -8 17 -10 -18 20 -2 22 23 -9 27 26 -26 29 -29 -22 32 -32 -21 -34
right_child=4 3 5 -5 -6 8 9 21 16 11 14 13 -14 -15 -16 -17 18 -19 -20 30 24 -23 -24 -25 25 -27 -28 28 -30 -31 31 -33 33 -35
leaf_value=-0.067416624472805317 -0.0054511965345397755 0.076514328155312575 0.026848888032474934 0.022734607773076038 0.039055580083844757 -0.051400069233753821 0.00092833531682730123 0.0099914802690354611 -0.0090033401285014997 -0.01378747013144732 -0.058289529402929988 -0.020199641051419869 0.06856816334096924 0.0028965743121559888 -0.018741515334194377 0.12487004708385972 -0.056391515617449116 0.096153351269428075 -0.0073711453479650326 0.010596312234954554 0.05087882966429684 -0.0050880305890523324 1.3119139128240556 0.43317368341862528 0.34144498797848188 0.029801182303275626 0.089640688732438384 -0.026807806405492966 0.045790860688770182 0.013767157240074226 0.0011685813749972899 0.059499165669486168 -0.051553417112905481 -0.0057579603403959323
leaf_weight=105.87712962242222 89.578252694976982 12.910580178184317 63.961998060840415 238.91787306120386 121.45927065599244 40.355363875998592 678.84602615125186 0.77337620314210453 580.47174524456932 81.601995061675552 68.683929773629643 284.04290247766767 97.479443639866076 1330.7566644555191 277.80666563597333 4.6789942125324151 48.726710107453982 14.472127962158991 47.547856862249319 196.33243038278306 60.760593094339129 7.742648243685835 0.050510171800851711 0.41145416360814124 1.8220178445335466 27.826614755904302 4.6720420032506809 65.86149184720125 38.136974621331319 86.868683502310887 70.394550568656996 31.230734486831352 32.942748120985925 368.44378319266252
leaf_count=738483 7642 5589 47378 17434 41173 159453 203403 1150 365555 4296 7148 22008 3051 44742 13437 127 5388 412 1083 6998 3552 5314 1 106 34 2289 168 1497 2884 2663 7916 5788 1884 19372
internal_value=-0.000293355 -0.0030393 -0.0156141 0.000682737 0.008856 -0.00916345 -0.00117449 -0.0602938 -0.012312 -0.00152967 -0.00776261 0.00204917 0.0310412 -0.00116605 -0.026581 0.00177676 -0.01003 -0.00644538 -0.0321815 0.00544348 0.0150454 0.0237056 0.204173 0.156949 0.0214664 0.0544916 0.160289 0.0169619 -0.000185361 0.0290414 0.00028751 0.0190943 -0.00291006 -0.0095165
internal_weight=5182.45 3986.12 910.391 3075.73 1196.33 795.536 2836.81 114.855 731.574 2823.9 1030.02 1793.88 179.081 1614.8 346.491 683.525 691.218 594.944 96.2746 1074.87 375.527 8.97799 1.23534 1.18483 285.948 34.3207 6.49406 251.628 103.998 147.629 699.344 101.625 597.719 401.387
internal_count=1749418 1645558 1324323 321235 103860 579269 303801 745054 531891 298212 224115 74097 7347 66750 20585 203530 372438 365967 6471 62687 20729 6571 1257 1256 13087 2491 202 10596 4381 6215 41958 13704 28254 21256
is_linear=0
shrinkage=0.07


Tree=98
num_leaves=35
num_cat=0
split_feature=9 3 8 6 12 3 6 12 2 1 6 0 9 8 6 9 1 12 6 12 0 3 6 8 12 2 3 7 1 6 6 3 3 3
split_gain=25.7127 50.9081 49.1733 30.0452 23.8881 32.4798 20.4558 17.6129 16.2089 16.3405 16.0319 17.3719 15.8069 18.6295 55.7092 24.0015 14.3836 14.1078 13.5068 12.874 12.6262 11.1881 10.9827 10.6584 31.7702 17.187 16.7691 15.2666 98.3468 13.129 11.1598 10.4543 10.4426 10.0774
threshold=0.61250000000000016 0.79205974842767291 1.5000000000000002 0.61298427621980889 11.500000000000002 0.55245781364636837 0.68194955333683671 9.5000000000000018 0.99253731343283602 0.93440860215053778 0.52839964805943895 0.66244725738396626 0.31666666666666671 1.0000000180025095e-35 0.50802230802230808 0.23611111111111113 0.70659971305595415 7.5000000000000009 0.99779735682819382 13.500000000000002 0.70678733031674223 0.84889995848899968 0.34058313632781728 1.5000000000000002 18.500000000000004 0.32049382716049385 0.51925925925925942 0.51506078751587747 0.47690120824449184 0.9788721916381492 0.99779735682819382 0.55245781364636837 0.51925925925925942 0.99253731343283602
decision_type=2 2 2 2 2 2 2 2 2 2 2 2 2 2 2 2 2 2 2 2 2 2 2 2 2 2 2 2 2 2 2 2 2 2
left_child=2 16 4 20 5 6 -1 17 9 21 -4 -12 13 18 32 -16 23 -8 -6 -14 33 -7 -22 25 -25 27 30 28 -2 -26 -27 -29 -15 -3
right_child=1 3 10 -5 12 8 7 -9 -10 -11 11 -13 19 14 15 -17 -18 -19 -20 -21 22 -23 -24 24 29 26 -28 31 -30 -31 -32 -33 -34 -35
leaf_value=-0.055536861399261325 -0.04834767739499507 0.092602607319794458 0.013771558070852731 0.060248254323463993 -0.00015557209262972155 -0.013585261826527036 0.0030273858119380672 -0.04163607099578482 -0.044730392339372302 0.062644657482477564 -0.042309271035902977 -0.11145113688597232 -0.013669842187087156 -0.070278042225580067 -0.082046001198377155 -0.019117491868031973 0.074788979274316977 0.10859218861177088 0.057145311117733306 0.015857334762214886 0.084579628348039601 0.0086032283707234997 -0.0093956798165982028 0.057163412573804952 -0.010726466579310005 -0.037951353154364521 -0.0032545784553360121 0.014696559583777063 3.4203592234918347 0.037501640285699384 -0.11145361842283874 -0.062599341155671478 0.062131857352913634 -0.12985135787747731
leaf_weight=119.10285015885893 28.718095282500148 11.598876770643979 16.202283309154154 134.69211513682967 2715.888152489948 229.11737205584359 26.813497252922389 37.542949047332513 43.519686340674525 19.511776137107518 62.376229977766343 24.919240480230656 84.661373092691065 3.1952741396671618 54.433904284291202 65.357385202354635 12.565703442378434 8.0702214379562047 20.307769027072936 497.75172837410355 6.6408115497906683 216.63847311437712 73.959914269798901 55.303109983789909 167.46812528301962 65.063343610425363 77.396309770658263 185.74215405747236 0.040107662927765797 33.13015083107166 11.986320020630954 8.9888535684440267 33.69741476274794 1.0917747522471479
leaf_count=666252 113372 517 16419 71104 300649 184496 16911 35316 3808 524 6088 1281 58115 13556 11901 10544 2199 813 857 47096 355 39565 3785 17393 5582 81680 17538 14403 192 1016 79 431 5498 83
internal_value=-0.000279299 0.0106589 -0.00251439 0.0390996 -0.00133301 -0.0131275 -0.0376976 -0.0083616 -0.00387819 -5.7001e-05 -0.0501773 -0.0620464 0.00104373 -0.00107452 -0.024549 -0.0477126 0.000627991 0.0274494 0.000269709 0.0115652 0.00856555 -0.0028016 -0.00165292 -0.000842238 0.0101891 -0.00831161 -0.0262684 0.00409775 -0.04351 -0.00276127 -0.0493858 0.0111286 0.0506638 0.0734649
internal_weight=5153.49 874.386 4279.11 227.983 4175.61 700.317 191.53 72.4267 508.787 465.268 103.498 87.2955 3475.29 2892.88 156.684 119.791 646.402 34.8837 2736.2 582.413 93.2914 445.756 80.6007 633.837 255.901 377.935 154.446 223.489 28.7582 200.598 77.0497 194.731 36.8927 12.6907
internal_count=1749418 329729 1419689 75844 1395901 947685 719292 53040 228393 224585 23788 7369 448216 343005 41499 22445 253885 17724 301506 105211 4740 224061 4140 251686 23991 227695 99297 128398 113564 6598 81759 14834 19054 600
is_linear=0
shrinkage=0.07


Tree=99
num_leaves=35
num_cat=0
split_feature=9 2 6 12 8 9 8 6 2 9 7 12 6 12 12 0 8 6 6 7 7 1 7 12 9 4 2 1 2 12 7 6 6 8
split_gain=22.7488 46.1942 26.6589 18.0613 18.7948 25.277 13.6703 12.5097 23.4619 18.6271 17.6412 16.4529 13.6978 14.0052 12.9388 12.4159 11.4173 27.1453 11.6772 10.9173 10.838 10.8339 10.8225 10.7439 12.7221 10.8828 10.5995 10.3111 10.0296 9.48997 9.29701 9.22306 18.9116 9.03118
threshold=0.92857142857142871 0.64346246973365628 0.60932326158940409 6.5000000000000009 1.5000000000000002 0.61250000000000016 3.5000000000000004 0.7235442329227324 0.39314988290398134 0.47222222222222227 0.81848688224527166 12.500000000000002 0.99779735682819382 14.500000000000002 13.500000000000002 0.55646630236794181 2.5000000000000004 0.7080195679657012 0.56019323671497601 0.81023570493234409 0.56148993172586648 0.71516754850088204 0.52193151212004618 7.5000000000000009 0.31666666666666671 1.0000000180025095e-35 0.27072835547411828 0.55612829324169544 0.26158232359230227 74.500000000000014 0.83796653796653808 0.56612389075557867 0.55395010395010413 5.5000000000000009
decision_type=2 2 2 2 2 2 2 2 2 2 2 2 2 2 2 2 2 2 2 2 2 2 2 2 2 2 2 2 2 2 2 2 2 2
left_child=3 16 -3 15 7 22 -7 8 10 12 14 -12 13 -9 -5 -1 18 28 21 -8 -17 -2 -6 24 -10 -25 -19 -11 -18 -24 -21 32 -22 -28
right_child=1 2 -4 4 5 6 19 9 23 27 11 -13 -14 -15 -16 20 17 26 -20 30 31 -23 29 25 -26 -27 33 -29 -30 -31 -32 -33 -34 -35
leaf_value=-0.052234420695869983 -0.027632613448588784 0.010162724153851518 0.066192891068651769 -0.038792460854009787 -0.0053584475548199197 0.011715920931606554 -0.0099738393984351616 0.016268725542560349 0.020692267052547689 0.019026386797782291 -0.070141384320914588 0.81267087022268181 0.05446079435830984 -0.0041922732044258042 -0.004905980465344773 -0.019934295807915229 0.35264350347669399 -0.021820227971542084 0.0030593899498156732 -0.31612954008502214 0.0081871919982778579 0.20782600487311897 -0.057340752999844619 -0.0061019194093129428 0.14557563130559723 0.0027285698028033877 0.053329715438406165 0.062901423095730866 0.12638550993607695 -0.33209499519048113 -0.093122984876052792 0.029424424257196859 0.52638201542845908 -0.15719375895601997
leaf_weight=56.577605700331333 85.647585652273847 71.236288620973937 100.04955635976512 135.44055402313097 23.539613113716769 89.740593318070751 6.4991601528963638 221.96261874889024 22.829475757978802 100.34544121049112 0.18309103891078748 0.23778990571736358 24.30005400814116 626.85658592474647 93.208890537454863 72.918432544836833 1.1799876458971983 21.668775419704616 451.43684272661631 1.2157265773275865 0.84775727791566058 0.96835164236836035 77.086465434156707 1251.2164181821281 4.845496581750921 1508.1393309812702 24.490339975222017 35.542650531395338 5.1492749935277971 0.62094979966059227 3.7156984285684302 10.320939711673416 0.58201405082945712 1.0409186326432962
leaf_count=257109 224088 3570 64788 543788 16245 15688 344 32730 7104 1491 273 176 1182 40514 85757 99979 74 252 18737 45 332 47 6737 304906 222 12663 1297 7991 194 44 377 557 55 62
internal_value=-0.000274958 0.0108784 0.0428904 -0.00222253 -0.00139984 -0.022213 0.00253262 -0.000353168 -0.0026103 0.0063938 -0.0241452 0.428631 0.00264167 0.00115819 -0.0249786 -0.0268458 0.00160964 0.0324407 -0.00145766 -0.0695647 -0.00988066 -0.0250002 -0.0469401 -0.000840313 0.0425576 -0.00127557 0.0141868 0.0305023 0.168568 -0.0595363 -0.1481 0.0525066 0.219128 0.0447466
internal_weight=5131.64 762.868 171.286 4368.77 4227.53 202.418 101.171 4025.11 3016.1 1009.01 229.07 0.420881 873.119 848.819 228.649 141.247 591.582 53.5293 538.053 11.4306 84.6691 86.6159 101.247 2787.03 27.675 2759.36 47.2 135.888 6.32926 77.7074 4.93143 11.7507 1.42977 25.5313
internal_count=1749418 313109 68358 1436309 1078277 39480 16454 1038797 954889 83908 629994 449 74426 73244 629545 358032 244751 1879 242872 766 100923 224135 23026 324895 7326 317569 1611 9482 268 6781 422 944 387 1359
is_linear=0
shrinkage=0.07


Tree=100
num_leaves=35
num_cat=0
split_feature=12 3 0 2 6 7 6 1 3 7 0 7 2 3 6 6 8 7 0 3 2 12 6 12 12 2 2 3 6 7 12 1 8 3
split_gain=19.7497 16.342 39.6412 21.386 19.3428 20.1184 15.1969 13.2429 12.2946 11.5212 10.7387 19.8298 11.0557 10.1652 9.78526 12.3001 22.7595 14.6553 12.2814 20.5392 14.9048 9.64851 8.41695 8.782 8.23867 10.7175 25.7291 8.11229 9.35575 8.21194 10.0371 7.68113 29.936 8.45076
threshold=41.500000000000007 0.42020373514431242 0.30068493150684933 0.15535444947209656 0.57080200501253142 0.33420593368237356 0.73357314148681074 0.89699381078691431 0.42967032967032975 0.63431455004205228 0.29818990155604963 0.50102880658436222 0.25198412698412703 0.84680573663624525 0.2440886240923478 0.37939876215738289 1.0000000180025095e-35 0.33420593368237356 0.90070422535211281 0.94665718349928885 0.61633428300094983 5.5000000000000009 0.99779735682819382 43.500000000000007 50.500000000000007 0.30245854774156666 0.26747967479674806 0.40270270270270275 0.80119760479041935 0.67704421562689299 13.500000000000002 0.89039039039039047 1.0000000180025095e-35 0.44033898305084751
decision_type=2 2 2 2 2 2 2 2 2 2 2 2 2 2 2 2 2 2 2 2 2 2 2 2 2 2 2 2 2 2 2 2 2 2
left_child=1 2 4 -3 -1 -6 14 22 -8 21 12 -12 -7 -11 18 16 -16 -17 19 -5 -20 -10 23 -2 25 26 -24 28 -4 30 -30 33 -33 -25
right_child=7 3 27 6 5 10 8 -9 9 13 11 -13 -14 -15 15 17 -18 -19 20 -21 -22 -23 24 31 -26 -27 -28 -29 29 -31 -32 32 -34 -35
leaf_value=-0.037070789647440809 0.04150211459121321 -0.064473355091936871 -0.055464312464061333 0.02534978636544678 0.78202981633546786 0.0089029825590191125 0.052410995805387633 0.038639798324592224 -0.10587554508656877 -0.0026135542463370221 0.66773857638125822 0.067836630757088762 -0.016497989050112051 0.01433537994548378 -0.041297702524469668 0.040054968659525986 0.0096227908222486051 -0.0042015154199145886 0.077261888262501285 0.23020065506446571 0.00063206014089769839 0.028413625861889967 0.021312058370201715 -0.033817245239019501 0.062508500875316411 0.054851057403425642 -0.26439628080803962 -0.084162948739072985 -0.063123231700784876 -0.026628758693394743 0.1128678944179789 -0.9477726482510066 0.070293666324531975 0.0066138261482727705
leaf_weight=67.812566517692176 19.132516762474552 24.839947417502117 64.345002977861441 54.587387869534723 0.16247584101074508 291.73199820019363 30.450844519247767 98.929979924345389 2.6737390535417935 464.23071279381111 0.28359800941689073 5.6281964843219612 117.89221631815599 276.76364810945233 115.16235025019705 37.574048070440767 68.649278821962071 1513.1698421451438 12.542177379567873 2.5085187041549935 1487.7295624963881 134.56455849467602 5.1178888794966024 40.405137072550133 22.275425254949369 7.3166255740216002 2.211975313606672 21.716412182133354 2.383343511784914 45.354644523264142 4.7576918638078496 0.20599499903619189 0.45221827586647123 67.901750714168884
leaf_count=332628 1120 10704 241011 21470 103 77336 3316 43332 119 23619 280 3258 62591 28564 199152 26760 88838 498317 731 100 10590 12581 115 305 3799 2134 33 45310 230 2811 137 11 247 7766
internal_value=-0.000257358 -0.00127269 -0.0118654 0.000286771 -0.00240602 0.00324882 0.000669724 0.0183895 0.00868351 0.00716735 0.00294431 0.0966149 0.00159244 0.00371692 -0.00154235 -0.00515863 -0.0222801 -0.00312919 0.00248535 0.0343499 0.00127268 0.0257973 0.00624929 -0.0022382 0.0356959 -0.00508249 -0.0649078 -0.0448751 -0.0375729 -0.015643 0.0541303 -0.0099183 -0.248321 -0.00846945
internal_weight=5111.46 4847.51 622.068 4225.45 483.511 415.698 4200.61 263.95 908.684 878.233 415.536 5.91179 409.624 740.994 3291.92 1734.56 183.812 1550.74 1557.37 57.0959 1500.27 137.238 165.02 128.098 36.9219 14.6465 7.32986 138.557 116.841 52.4957 7.14104 108.965 0.658213 108.307
internal_count=1749418 1690556 765695 924861 476196 143568 914157 58862 68199 64883 143465 3538 139927 52183 845958 813067 287990 525077 32891 21570 11321 12700 15530 9449 6081 2282 148 289499 244189 3178 367 8329 258 8071
is_linear=0
shrinkage=0.07


Tree=101
num_leaves=35
num_cat=0
split_feature=9 2 6 5 3 2 5 6 5 2 7 12 0 1 2 1 3 1 0 12 12 12 3 6 7 5 7 7 6 12 12 6 0 3
split_gain=19.885 40.3379 25.8838 19.7812 16.4956 42.7143 22.7644 13.0483 10.2207 30.2071 138.448 20.2147 30.5398 10.8515 80.017 9.10483 33.598 49.143 39.3333 21.6588 20.8199 24.5861 22.7782 19.876 19.3443 15.9942 54.5922 14.9879 12.0435 8.91121 13.414 8.50788 7.77279 7.735
threshold=0.92857142857142871 0.64346246973365628 0.60932326158940409 0.54912120288529931 0.44033898305084751 0.23629112662013965 0.68898225957049497 0.99779735682819382 0.75887238862320683 0.45199692780337947 0.65229016507788895 2.5000000000000004 0.26766169154228864 0.46709956709956718 0.39314988290398134 0.86526825332795487 0.96490147783251234 0.91476997578692509 0.91476997578692509 12.500000000000002 21.500000000000004 22.500000000000004 0.51668520578420474 0.46192500966370315 0.31832657788071811 0.59191836734693892 0.20626738667975789 0.53361581920903967 0.92876658860265426 18.500000000000004 20.500000000000004 0.9455533596837945 0.62115563839701782 0.42488716956802064
decision_type=2 2 2 2 2 2 2 2 2 2 2 2 2 2 2 2 2 2 2 2 2 2 2 2 2 2 2 2 2 2 2 2 2 2
left_child=4 3 29 -2 5 6 -1 15 9 -7 -11 12 -10 -13 -15 20 17 18 -17 24 25 23 -23 -22 -18 26 -6 -27 -21 32 -31 -19 -3 -8
right_child=1 2 -4 -5 7 8 33 -9 11 10 -12 13 -14 14 -16 16 19 31 -20 28 21 22 -24 -25 -26 27 -28 -29 -30 30 -32 -33 -34 -35
leaf_value=-0.066219303107929145 -0.05159492371127132 0.19591238700737368 0.065724894279474741 0.0048337342193791296 0.0057089641957569631 -0.06178592650293277 0.013631286640212638 0.056663243192539375 1.7898924997010011 -0.070013930570533081 11.75344138139091 -0.028771091706940574 -0.070442837430418639 -0.072473519011037074 2.1286290031881543 0.025790466670676623 -0.010320459200149268 0.064492153182911613 -0.069495165889663688 0.0039038505319384052 0.022005491890537181 0.038161199304651353 -0.015418375048557439 -0.064013502558321528 -0.059949125549194925 0.019498782129155609 -0.042716493356846609 -0.00013788519978842162 -0.034597726038023816 -0.08372815801553346 0.010287042001821463 -0.021465538158821244 0.031560478335028633 0.12315393067098919
leaf_weight=18.331397546717199 32.209155518125044 1.4899573654402072 91.605748031055555 554.27394345808716 347.64540266699623 59.378161663989886 184.49905270549061 19.390891346614808 0.075253543443976834 0.026911165943601101 0.0059204326098551965 171.32733421350713 0.10163987110718153 0.5307398182048918 0.095487895392579958 58.386221753899008 233.68626123049762 107.87840661272639 33.354310989991063 1390.7007038308075 15.869970396437564 44.034162272902904 332.10483709390974 77.149928648563218 46.071438317303546 258.39024698617868 169.78215322060714 724.44854847392708 40.983182504423894 9.5374800476711226 33.754189558792859 5.9535733209922901 26.279156535165384 3.2147756956546791
leaf_count=142824 216373 58 64788 28378 15792 446477 52134 1962 38 197 30 75816 70 312 37 2871 8241 4426 2114 52934 983 2402 9794 3452 13782 31141 428074 134517 4369 203 2061 436 1248 1084
internal_value=-0.000243144 0.0102892 0.0411316 0.00173472 -0.00205975 -0.0149479 0.00823596 -0.000615836 -0.0355788 -0.0606122 2.06208 -0.0269385 0.720976 -0.027708 0.263153 -0.000901622 0.0025325 0.0292712 -0.00885274 -0.000679269 -0.00424435 -0.0171147 -0.00914588 -0.0493379 -0.0184935 -0.00021956 -0.0101808 0.00502463 0.00280171 0.00942797 -0.0104252 0.0599964 0.0403788 0.015507
internal_weight=5092.57 749.15 162.667 586.483 4343.42 437.587 206.045 3905.83 231.541 59.411 0.0328316 172.13 0.176893 171.954 0.626228 3886.44 1917.01 205.573 91.7405 1711.44 1969.43 469.159 376.139 93.0199 279.758 1500.27 517.428 982.839 1431.68 71.0608 43.2917 113.832 27.7691 187.714
internal_count=1749418 313109 68358 244751 1436309 719019 196042 717290 522977 446704 227 76273 108 76165 349 715328 89173 9847 4985 79326 626155 16631 12196 4435 22023 609524 443866 165658 57303 3570 2264 4862 1306 53218
is_linear=0
shrinkage=0.07


Tree=102
num_leaves=35
num_cat=0
split_feature=12 0 5 0 5 1 7 5 6 1 0 2 12 8 0 8 2 0 7 7 7 2 7 12 2 1 7 12 7 6 1 8 1 12
split_gain=21.8328 18.9784 17.5002 22.4485 27.923 39.6439 24.3585 23.7509 21.0477 18.0861 17.9422 28.695 16.9289 18.3618 16.3767 15.2681 17.0958 50.4938 29.5754 14.2727 12.6553 12.5208 20.3543 12.3959 21.6919 57.7046 13.3463 11.7455 11.3511 17.1045 17.037 15.2301 9.72004 12.4777
threshold=6.5000000000000009 0.55646630236794181 0.9201769911504426 0.94201680672268928 0.59191836734693892 0.83910792512943055 0.52954606500134316 0.87737200143215188 0.77677926662922259 0.96609195402298853 0.89512961508248245 0.89725545390570038 8.5000000000000018 1.0000000180025095e-35 0.81557067271353001 1.0000000180025095e-35 0.45199692780337947 0.34330357142857154 0.66513056835637496 0.9201769911504426 0.72423112767940356 0.46709956709956718 0.65229016507788895 25.500000000000004 0.99253731343283602 0.95713410900183726 0.37745475548710056 30.500000000000004 0.47092630155510479 0.41876178504085487 0.9194594594594595 1.5000000000000002 0.95419580419580419 26.500000000000004
decision_type=2 2 2 2 2 2 2 2 2 2 2 2 2 2 2 2 2 2 2 2 2 2 2 2 2 2 2 2 2 2 2 2 2 2
left_child=1 15 3 4 5 -2 7 14 23 20 -7 -12 -8 -14 -6 16 19 18 -18 -1 -4 22 -19 24 25 -5 -26 -9 -3 30 31 -30 33 -25
right_child=2 28 9 8 6 10 12 27 -10 -11 11 -13 13 -15 -16 -17 17 21 -20 -21 -22 -23 -24 32 26 -27 -28 -29 29 -31 -32 -33 -34 -35
leaf_value=-0.058964718560735763 -0.042460234994787835 -0.022143875259931955 0.015555673616609049 0.0021451653958029127 0.042868745784748218 0.073214488615301596 0.030553009374049447 -0.027741841266364829 0.031467815614317163 0.035023591770011957 -0.070684161259759473 0.035472677221589942 -0.023317831492129612 -0.0023512277697016683 -0.016483365451865923 0.0057002853655294871 -0.070087657359147099 -0.070082736898486653 -1.1083781309511869 0.95448457007253251 -0.00068365804590845235 -0.083223473711331389 -0.65400661560790063 -0.071421311725609435 -0.0047394925071826124 0.086324653921347014 -0.024582571928228047 0.18009021698478034 -0.070218057178466048 0.027137356364483622 1.267934514535618 1.2741906490860921 0.016643327007264484 0.0030077641193460339
leaf_weight=35.646347546840843 228.09057029076939 63.820767005068774 358.15628775919322 832.27331236282771 123.42581916075142 20.030861476814607 49.936686623746937 51.956606028892566 112.95640549337259 107.70646595256403 20.020549108972773 33.113257315650117 360.25980895256362 473.90734509992762 27.935758747451473 13.904274908360092 0.19759341563621813 0.65760158163175197 0.42051420679490548 0.068222807720302536 684.62195483181858 6.8074948403955204 0.52686459997494239 14.00311042787507 788.85562706648489 41.911269282223657 210.38243992289063 1.3674916605232272 0.20166985350806754 23.496725714845525 0.10427848994731903 0.051918778568506241 330.79084363661241 52.102034076466225
leaf_count=215886 810986 97201 19257 37113 44865 2674 18217 2561 14486 41170 1486 1000 228865 60098 813 23842 764 3733 109 4 41857 17100 292 664 31696 1006 12787 30 476 3662 2 1 12254 2461
internal_value=-0.000633828 -0.0273195 0.000156933 -0.00214741 -0.00921714 -0.0280783 -0.00399847 0.0177615 0.00197601 0.00771465 0.0167571 -0.00452668 -0.0090363 -0.0114063 0.0319145 -0.0582982 -0.078374 -0.166914 -0.776463 -0.0570288 0.00489396 -0.119771 -0.329819 0.000508683 -0.00187207 0.00618101 -0.00891731 -0.022412 -0.0067452 0.0344525 0.514749 0.205031 0.0117463 -0.0127586
internal_weight=5069.71 145.904 4923.8 3773.32 1390.04 301.255 1088.79 204.686 2383.28 1150.48 73.1647 53.1338 884.104 834.167 151.362 58.2289 44.3246 8.61007 0.618108 35.7146 1042.78 7.99196 1.18447 2270.32 1873.42 874.185 999.238 53.3241 87.6754 23.8546 0.357867 0.253589 396.896 66.1051
internal_count=1749418 363072 1386346 1284062 1171595 816146 355449 48269 112467 102284 5160 2486 307180 288963 45678 261730 237888 21998 873 215890 61114 21125 4025 97981 82602 38119 44483 2591 101342 4141 479 477 15379 3125
is_linear=0
shrinkage=0.07


Tree=103
num_leaves=35
num_cat=0
split_feature=3 2 12 5 5 9 2 8 2 7 5 3 5 12 0 9 8 7 5 8 12 5 0 3 3 1 0 9 8 12 5 12 0 3
split_gain=20.8994 301.275 57.1637 103.655 38.0283 27.6033 27.8635 25.2669 25.203 16.7785 16.2555 16.2255 47.0638 18.6125 13.6616 12.9189 33.9885 24.661 15.8444 12.3281 16.5585 12.1752 12.1041 11.962 18.3197 12.8325 11.9881 11.3731 14.0133 11.013 10.9993 15.5252 11.259 10.9127
threshold=0.44033898305084751 0.45199692780337947 6.5000000000000009 0.75887238862320683 0.64767316017316034 0.61250000000000016 0.8021739130434784 1.5000000000000002 0.25198412698412703 0.48198949644732775 0.54912120288529931 0.44610281923714762 0.99773755656108609 8.5000000000000018 0.66244725738396626 0.23611111111111113 1.0000000180025095e-35 0.50857254825120024 0.97489495798319337 1.5000000000000002 18.500000000000004 0.68432748538011701 0.95293466223698797 0.42967032967032975 0.42020373514431242 0.46709956709956718 0.30068493150684933 0.84523809523809534 3.5000000000000004 16.500000000000004 0.95275297619047639 30.500000000000004 0.72871572871572876 0.63733075435203113
decision_type=2 2 2 2 2 2 2 2 2 2 2 2 2 2 2 2 2 2 2 2 2 2 2 2 2 2 2 2 2 2 2 2 2 2
left_child=1 4 -3 21 -1 7 19 15 -6 11 -8 12 13 -9 -11 16 18 -18 22 -7 33 -4 -2 24 26 -26 -10 28 -22 -20 31 32 -17 -21
right_child=5 2 3 -5 8 6 10 9 23 14 -12 -13 -14 -15 -16 30 17 -19 29 20 27 -23 -24 -25 25 -27 -28 -29 -30 -31 -32 -33 -34 -35
leaf_value=-0.059481646037638156 -0.0093933456349938431 -0.54222612503804035 -1.2207792836897073 -0.011447594787492195 0.0079859679996626513 -0.0025759085812685385 0.0034466197238453527 1.6364875943918085 -0.010348523151685921 -0.029563205667052492 0.063416785816121798 0.016460303703385418 4.298506394220853 -0.070200126960518319 -0.097720793439836348 0.022405899186255216 0.00064178266439621592 -0.085251456910051052 -0.0039812887174050498 0.092815028346534628 -0.0051852393210921541 -1.9229744594095683 0.00087263532730907749 -0.080918224339161154 0.023301220486784402 0.40245400255694841 -0.042143124149961186 0.024927519125440899 -0.12799551092450984 0.035776715317180373 -0.012096994728859056 0.050224120648061019 0.00066142733138455936 0.022501177003456684
leaf_weight=66.415757264498097 767.80424882004081 1.4606174984292004 0.16466193037194887 0.23529683545348234 378.7458495007595 228.32004874502309 30.253563074860722 0.040997548647282112 141.23238243625383 34.63395011438115 82.660534299066057 14.963125254063923 0.016019534319639206 0.13251468185626436 24.678022558160592 193.39312702667667 27.394630792870885 40.733193740110437 53.124957265099511 22.952069706945622 33.970714058625163 0.45621260379266459 2107.3799673178 14.669561477981913 40.117755524035601 0.44222209118743094 98.73034505880787 74.474181565165054 5.2572614967357358 95.525669086026028 100.82728265458718 50.053499065339565 294.15523774153553 20.453593386017019
leaf_count=616603 419857 73 184 31 92418 83287 290 93 65348 2352 59483 4212 1 519 1278 130932 14602 6934 1289 4867 1570 26 97752 11045 20557 201 75584 7894 184 5708 6940 5502 10706 1096
internal_value=-0.000594962 -0.0114391 -0.808438 -1.26259 -0.00894503 0.00127658 0.0167679 -0.0007524 -0.00396471 -0.0411269 0.0473487 0.0246127 0.668223 0.333057 -0.0579216 5.35399e-05 -0.00181832 -0.0507132 -0.000716702 0.00780898 0.022901 -1.73675 -0.00186885 -0.019298 -0.0160757 0.0274351 -0.0234301 0.00886003 -0.021644 0.0215679 0.00911909 0.0130982 0.00928669 0.0596818
internal_weight=5045.87 742.671 2.31679 0.856171 740.354 4303.2 498.342 3804.86 673.938 74.4646 112.914 15.1527 0.189532 0.173512 59.312 3730.39 3091.96 68.1278 3023.83 385.428 157.108 0.620875 2875.18 295.192 280.523 40.56 239.963 113.702 39.228 148.651 638.429 537.602 487.548 43.4057
internal_count=1749418 882070 314 241 881756 867348 158671 708677 265153 8455 59773 4825 613 612 3630 700222 546142 21536 524606 98898 15611 210 517609 172735 161690 20758 140932 9648 1754 6997 154080 147140 141638 5963
is_linear=0
shrinkage=0.07


Tree=104
num_leaves=35
num_cat=0
split_feature=12 3 5 2 3 9 2 5 8 9 5 9 3 2 5 12 5 5 3 3 2 8 2 8 12 12 7 3 1 5 8 8 2 12
split_gain=18.7526 18.2693 37.6165 22.1162 17.1853 16.0546 28.0669 21.9678 17.3645 20.1653 16.2863 16.1533 18.6423 53.6883 17.7834 20.8975 16.9896 15.2267 12.9143 11.778 11.5653 11.4243 9.81285 9.43875 11.0287 9.25633 8.79171 8.59812 14.4662 10.1291 13.6883 9.94163 15.1589 14.5345
threshold=10.500000000000002 0.54692082111436957 0.76230831315577086 0.45199692780337947 0.44033898305084751 0.92857142857142871 0.64346246973365628 0.59476565172767715 1.5000000000000002 0.61250000000000016 0.9831455354606573 0.31666666666666671 0.44033898305084751 0.45199692780337947 0.95275297619047639 30.500000000000004 0.80788655788655805 0.97489495798319337 0.26794871794871805 0.54391371340523886 0.94494949494949509 2.5000000000000004 0.25866188769414583 1.5000000000000002 18.500000000000004 20.500000000000004 0.45293443135619732 0.3504385964912281 0.17712418300653601 0.62392660550458723 2.5000000000000004 1.5000000000000002 0.27334993773349942 26.500000000000004
decision_type=2 2 2 2 2 2 2 2 2 2 2 2 2 2 2 2 2 2 2 2 2 2 2 2 2 2 2 2 2 2 2 2 2 2
left_child=1 2 3 -1 -5 8 27 23 11 10 26 12 13 16 15 18 -2 22 -13 -17 -12 -11 -14 24 -8 -26 -10 28 -7 30 -29 32 -31 -33
right_child=5 -3 -4 4 -6 6 7 -9 9 21 20 14 17 -15 -16 19 -18 -19 -20 -21 -22 -23 -24 -25 25 -27 -28 29 -30 31 -32 33 -34 -35
leaf_value=-0.059454572416997427 -0.06563439288101014 -0.0045945576649547605 -0.00057279330721629748 -0.36121866711351763 -0.070012202240621449 0.019701116551512 0.038046518505946293 0.057369652732525957 0.0016007188740299603 0.017270824699013893 0.068105600242038725 0.074386843292051807 -0.045558581084195901 -0.35367070882431223 -0.010959529820526576 0.13667012078316826 -0.0086966003921153823 0.022272655777878656 0.0099737765788244382 0.04528720006532222 -0.1665005882616602 -0.035327323816469088 -0.0012174914940987203 0.081450279187352592 -0.11183878071622148 -0.016026964741670629 -0.063140225214669679 -0.040922940167917178 -0.027318382767733726 0.033242932584946136 0.35824355656997714 0.059858305135943181 -0.0069543767772891991 0.0095623635881718662
leaf_weight=71.808162668938166 31.882617613249749 400.07362759455282 85.067913197912276 2.1789182201027861 1.8244736451269998 48.784514495986514 13.547801393957341 97.007118590699974 11.954429047713345 66.731231685109378 8.7798223851714248 15.851962665423342 24.681125973183953 2.3941700764680709 142.01703486125916 8.4603473492898029 131.97154929747921 137.31246073963121 402.79233327159818 37.735772276879288 1.1663976483978338 29.039275911985897 2676.6621661769168 5.8928571981377891 6.5427002501674023 20.179832769092172 73.294699104291794 24.599841289000327 93.536057455727132 62.436835541157052 0.42828570544952427 44.957107941736467 174.29439592297422 75.322812300059013
leaf_count=722154 157577 225215 34082 199 15119 3361 710 66574 8166 11732 214 4723 11457 69 7411 96 40828 6757 101274 5247 129 2063 246250 111 72 286 8095 44692 12270 989 86 1054 6810 3546
internal_value=-0.00054124 -0.0126054 -0.0325265 -0.0683817 -0.228507 0.000972634 0.0109852 0.0384545 -0.000784962 -0.0213564 -0.0441719 0.000302716 -0.00180105 -0.024584 0.0107197 0.0173431 -0.0197755 -0.000466748 0.0124128 0.062023 0.0405932 0.00132216 -0.00162262 -0.00129383 -0.013402 -0.0394854 -0.0540616 0.00348498 -0.0112011 0.00895596 -0.0340923 0.0119738 0.00364749 0.0283615
internal_weight=5031.21 560.953 160.879 75.8116 4.00339 4470.26 667.53 143.17 3802.73 190.966 95.1953 3611.76 3004.9 166.248 606.857 464.84 163.854 2838.66 418.644 46.1961 9.94622 95.7705 2701.34 46.1632 40.2703 26.7225 85.2491 524.36 142.321 382.039 25.0281 357.011 236.731 120.28
internal_count=1749418 996769 771554 737472 15318 752649 140561 67753 612088 30399 16604 581689 462938 198474 118751 111340 198405 264464 105997 5343 343 13795 257707 1179 1068 358 16261 72808 15631 57177 44778 12399 7799 4600
is_linear=0
shrinkage=0.07


Tree=105
num_leaves=35
num_cat=0
split_feature=12 3 5 2 9 1 6 3 2 2 7 6 3 0 3 0 3 3 0 3 6 6 9 2 2 12 6 6 0 1 2 0 1 5
split_gain=16.373 16.432 35.1551 15.4938 14.0678 26.1118 29.3324 9.08749 38.8614 28.9315 13.2798 9.45633 9.00286 8.93727 13.3763 10.1647 38.9393 20.6833 8.44237 7.98484 7.69743 7.61729 7.40139 7.35752 9.04243 7.0027 11.6045 9.67811 10.6411 9.60449 9.47577 8.98354 8.82819 8.21893
threshold=10.500000000000002 0.54692082111436957 0.76230831315577086 0.45199692780337947 0.92857142857142871 0.58643678160919555 0.60727513227513241 0.44033898305084751 0.45199692780337947 0.27639257294429714 0.70031847133757974 0.99779735682819382 0.44033898305084751 0.20550527903469085 0.58123167155425226 0.62593283582089565 0.710394265232975 0.60943257184966848 0.30068493150684933 0.63245614035087727 0.2440886240923478 0.87287157287157302 0.31666666666666671 0.72834224598930497 0.74443344878772899 8.5000000000000018 0.52256779392457797 0.21722278395685882 0.96609195402298853 0.94185260311020957 0.91476997578692509 0.94201680672268928 0.61633428300094983 0.50120772946859915
decision_type=2 2 2 2 2 2 2 2 2 2 2 2 2 2 2 2 2 2 2 2 2 2 2 2 2 2 2 2 2 2 2 2 2 2
left_child=1 2 3 -1 7 23 19 8 9 10 22 13 -5 14 -9 16 -15 -17 21 -7 -21 -4 -2 -6 -25 26 27 28 -3 -27 33 -32 -30 -29
right_child=4 25 18 12 5 6 -8 11 -10 -11 -12 -13 -14 15 -16 17 -18 -19 -20 20 -22 -23 -24 24 -26 29 -28 30 32 -31 31 -33 -34 -35
leaf_value=-0.058793192006288929 -0.046185209431241922 0.047281375962566381 0.00097632824204336728 -0.27675141082608334 0.0020678200586881799 0.15437209678893726 0.064364962664694589 0.013487439150546643 -0.26330884634473267 -0.038384038872530564 0.017155225066274597 0.051396041796031716 -0.070011377152329732 -0.0015550660455764616 -0.072566670374230202 0.104540760026318 0.043811224648807247 -0.0014631402715571014 -0.02997544692724766 0.19002452500066797 -0.0044019778190481198 0.061633520110437462 -0.0014540786084992494 0.46905711942805345 0.068578014012354999 -0.016795480308572211 0.02322004222514068 -0.06539399095829522 0.073559457793008778 0.088980995815895789 0.21209314443687274 -0.020225624425556948 -0.022715496508524571 -0.010159418996366621
leaf_weight=67.680370980444422 29.489673694653902 22.6531623089395 40.983435355621623 2.6243457605623908 506.88196308360784 1.650788242361158 81.5708261403488 15.820803724171126 2.9797415739431008 112.68491652678495 149.69914056800917 17.688325437484309 1.7011472820413471 373.66569940133195 20.090470558512607 9.0474715976597491 123.29915308675845 2896.3363393524924 30.566635223010962 1.013079710304736 66.027397224621382 13.481609264155848 47.034992606590095 0.3006727000465611 3.4028199758031406 179.5314851339499 91.32673965828144 26.966061276332766 5.2835030736750914 4.3071320478629778 1.4787067964789451 1.818741554074222 39.999332911858801 25.859006781014614
leaf_count=722154 67689 6904 17239 199 69789 145 65631 7075 94 146912 29589 1948 15119 123288 1731 541 4312 193547 16660 32 3700 183 35362 66 1198 71741 12042 124735 319 163 65 859 360 8027
internal_value=-0.000504215 -0.011828 -0.0310108 -0.067002 0.000908534 0.0103345 0.0359838 -0.000731644 -0.0116183 -0.00940536 0.00502928 0.000345343 -0.195444 8.27101e-05 -0.0346553 0.000449365 0.00970051 -0.00113304 -0.000532934 0.00228114 -0.00146391 0.0159907 -0.0186917 0.00278608 0.101091 -0.00428238 0.00428273 -0.00965813 0.00811234 -0.0143173 -0.0311692 0.0839553 -0.0114823 -0.0383555
internal_weight=5014.95 556.261 157.038 72.0059 4458.68 660.848 150.262 3797.84 341.888 338.909 226.224 3455.95 4.32549 3438.26 35.9113 3402.35 496.965 2905.38 85.0317 68.6913 67.0405 54.465 76.5247 510.585 3.70349 399.224 215.385 124.059 67.936 183.839 56.1225 3.29745 45.2828 52.8251
internal_count=1749418 996769 771554 737472 752649 140561 69508 612088 279646 279552 132640 332442 15318 330494 8806 321688 127600 194088 34082 3877 3732 17422 103051 71053 1264 225215 153311 141269 7583 71904 133686 924 679 132762
is_linear=0
shrinkage=0.07


Tree=106
num_leaves=35
num_cat=0
split_feature=12 9 3 5 0 5 1 3 3 1 1 9 5 12 12 0 6 12 1 5 12 1 3 0 9 12 12 5 3 9 5 2 2 3
split_gain=15.1868 17.6716 17.4653 11.7202 17.0749 22.7126 31.4131 23.9113 21.803 51.4987 52.2726 18.7669 30.7462 21.3009 18.6509 17.7745 16.5538 14.0192 20.1005 25.7295 15.2519 13.8232 12.8418 14.1781 12.269 11.2722 13.2937 11.1786 11.1265 10.347 10.0569 9.89272 9.82562 9.68874
threshold=6.5000000000000009 0.47222222222222227 0.81302966101694929 0.9201769911504426 0.94201680672268928 0.62084711069122978 0.83910792512943055 0.92084377610693402 0.96225071225071235 0.93440860215053778 0.81120250685468098 0.23611111111111113 0.80136054421768721 8.5000000000000018 18.500000000000004 0.88416815742397159 0.71468475658419794 22.500000000000004 0.93063352044907788 0.66826156299840511 16.500000000000004 0.96609195402298853 0.58919961427193834 0.5656275635767023 0.47222222222222227 19.500000000000004 17.500000000000004 0.6089163540057384 0.89699381078691431 0.69047619047619058 0.48295234405269277 0.84680573663624525 0.8427393785668994 0.98484500574052836
decision_type=2 2 2 2 2 2 2 2 2 2 2 2 2 2 2 2 2 2 2 2 2 2 2 2 2 2 2 2 2 2 2 2 2 2
left_child=1 2 -1 4 5 6 22 31 9 10 28 13 14 -7 -13 -9 -15 18 19 -10 -20 25 -2 -24 33 26 -5 -26 -6 -23 -4 -8 -14 -19
right_child=3 -3 30 21 8 11 7 15 17 -11 -12 12 32 16 -16 -17 -18 24 20 -21 -22 29 23 -25 27 -27 -28 -29 -30 -31 -32 -33 -34 -35
leaf_value=-0.057078514206358663 -0.062173955186008358 0.031665695381147489 -0.026882696990392495 0.0079937181865476856 0.028398381985435182 0.030558282621043608 -0.024685200823791081 0.12976525091878127 0.014519033722454217 0.07944670075158293 -0.04418360277084088 0.042586159116406362 -0.0089641154199390956 -0.032029548444887306 0.00088485177638707505 -0.048453928895459804 -0.004549049389465808 -0.087974467631314515 -0.022147527621675975 -0.016712295467862529 -0.0035610087184874415 0.018128853235909004 0.032840477557957111 -0.033716167221862763 0.0057363535276816905 -0.0015886621365275514 0.04410431697471974 0.064922550721134162 0.09746929097989615 0.070066709475752192 0.0393606609744859 0.062015164938285836 0.074034391064051075 0.0071113207736706232
leaf_weight=68.567911296595412 71.146598246612484 23.890154043605435 29.870784138998715 323.86708269442897 36.69478220489691 48.804234527226072 7.7969985798990811 3.0244711173290844 490.6014694510377 58.213686204922851 63.288675281102769 132.71765763858821 345.56605622413917 214.09785850923618 87.004320491469116 29.371042461425532 215.54696112841339 5.3124011439504093 315.15956614140305 175.48988676175941 689.89706094830763 72.785040963091888 17.585986285659601 144.93285533496964 27.94651174498722 647.14399200369371 59.064710482896771 35.499317945272196 16.596461593231652 25.337895152566489 17.995263584860368 37.290775058296276 7.1332784978440023 453.40518698061351
leaf_count=323425 694985 12752 25076 16000 2885 21283 1045 490 26039 2958 3945 31274 11404 198849 4227 1998 49690 248 24173 2351 21478 11116 21138 131929 471 43182 1932 14243 566 30054 1819 1698 1585 13110
internal_value=-0.000471706 -0.0231746 -0.0344269 0.000184027 -0.00170681 -0.00795168 -0.024564 0.0140605 0.00188494 0.0256776 -0.00117176 -0.00303299 0.00551925 -0.013265 0.0260735 -0.0318152 -0.018243 -1.11898e-05 -0.00313947 0.00629076 -0.00938926 0.00643563 -0.0373719 -0.0265141 0.0100006 0.00404419 0.0135635 0.0388523 0.0499091 0.0315406 -0.00197847 0.0470221 -0.00728549 0.00601013
internal_weight=4998.65 140.324 116.434 4858.32 3730.12 1362.02 311.149 77.4833 2368.11 174.794 116.58 1050.87 572.421 478.449 219.722 32.3955 429.645 2193.31 1671.15 666.091 1005.06 1128.2 233.665 162.519 522.163 1030.08 382.932 63.4458 53.2912 98.1229 47.866 45.0878 352.699 458.718
internal_count=1749418 363072 350320 1386346 1284062 1171595 853283 5231 112467 10354 7396 318312 48490 269822 35501 2488 248539 102113 74041 28390 45651 102284 848052 153067 28072 61114 17932 14714 3451 41170 26895 2743 12989 13358
is_linear=0
shrinkage=0.07


Tree=107
num_leaves=35
num_cat=0
split_feature=12 3 2 12 7 1 9 3 7 0 8 9 9 3 2 0 8 2 9 3 8 7 2 7 8 7 3 1 8 2 7 12 2 2
split_gain=13.562 13.6098 17.308 16.8306 12.562 14.4926 11.4619 22.5652 19.8175 16.2648 15.5282 17.8777 12.6698 14.5574 27.1208 13.885 9.8744 9.38734 41.0928 9.38688 8.4435 41.3746 8.05001 7.56831 7.54507 9.59944 7.38993 12.4665 8.18421 13.658 14.725 13.2243 8.78269 7.49925
threshold=10.500000000000002 0.54692082111436957 0.42179392142327654 9.5000000000000018 0.69705627705627715 0.46709956709956718 0.92857142857142871 0.88067796610169491 0.5954627326528863 0.16108108108108107 1.5000000000000002 0.61250000000000016 0.31666666666666671 0.44033898305084751 0.45199692780337947 0.21525096525096532 2.5000000000000004 0.41897974493623408 0.47222222222222227 0.44033898305084751 1.0000000180025095e-35 0.53361581920903967 0.8021739130434784 0.99714285714285722 1.5000000000000002 0.25275257108287968 0.3504385964912281 0.17712418300653601 1.5000000000000002 0.27334993773349942 0.2965856481481482 25.500000000000004 0.21132376395534294 0.11269841269841276
decision_type=2 2 2 2 2 2 2 2 2 2 2 2 2 2 2 2 2 2 2 2 2 2 2 2 2 2 2 2 2 2 2 2 2 2
left_child=1 2 3 4 17 -6 10 26 -9 -10 12 -12 13 14 15 -2 -13 -1 -19 -4 23 -22 -18 -15 -5 -26 27 -8 29 -28 -31 -30 -33 -29
right_child=6 -3 19 24 5 -7 7 8 9 -11 11 16 -14 20 -16 -17 22 18 -20 -21 21 -23 -24 -25 25 -27 28 33 31 30 -32 32 -34 -35
leaf_value=-0.020198334699500862 0.0070202756990274309 -0.004051426608462424 -0.20773754139228739 -0.062296398842887492 0.037473107033013903 0.6446552405483672 0.018300410156937494 0.0070231463087519642 -1.0815331206289442 0.064689838935577323 -0.04187845264207038 0.016103020458091286 0.0096307076845104003 0.00035472035687256621 -0.22275073086409916 -0.035171887655793529 -0.045226583332782413 -0.070129554485361276 1.7933570178986737 -0.071348144464989299 0.028506525807446691 -0.04954209035092174 0.077553090727423751 0.07205531007925435 0.82154397323742023 0.034656875178795635 0.029501791469638702 0.13571215650217278 0.052669840998548441 -0.47022838561019414 -0.0070875160694392481 -0.071707460489308067 0.012568946671030611 -0.027829497482140253
leaf_weight=67.588411704578903 64.859831962545286 394.4733632613279 3.2918791921447328 44.333434228625265 21.367481375862557 0.1943733073421744 48.580866789234278 58.034092719375622 0.060718577937222018 63.525479487609118 93.844478387945856 66.173087218252476 604.1849626074345 2680.433902738383 3.2297498990146769 93.046801608383248 26.062514060220568 0.25463039522583031 0.075081630631757434 9.9351412899668485 56.763434898748528 80.450429614822497 2.9086347279371685 7.2330209827050558 0.078177135488658123 2.6854228888696525 63.094904558813141 1.3946650920843229 46.131148470281914 0.33694713708246027 198.81922970031883 6.6030612020113031 73.5576188415871 92.3077771321623
leaf_count=307243 38932 225215 2155 403276 13787 104 3361 8441 27 55014 16604 11732 118751 243176 69 159473 865 1322 170 38556 12050 8650 1198 588 71 4870 7725 92 5669 358 42755 150 4791 12178
internal_value=-0.000444852 -0.0108727 -0.028835 -0.0214303 -0.00360273 0.0429467 0.00083586 0.00940371 0.0366005 0.0635953 -0.00064331 -0.0202003 0.00038617 -0.00148435 -0.0219487 -0.0178415 0.0011818 -0.0183807 0.354221 -0.105292 -0.00031703 -0.0172545 -0.0328998 0.00054768 -0.0553011 0.0569165 0.00317251 -0.010476 0.00817055 0.00112044 -0.00787109 0.0228104 0.00562686 -0.0253953
internal_weight=4975.91 544.277 149.804 136.577 89.48 21.5619 4431.64 652.447 121.62 63.5862 3779.19 188.989 3590.2 2986.02 161.136 157.907 95.1442 67.9181 0.329712 13.227 2824.88 137.214 28.9711 2687.67 47.097 2.7636 530.826 142.283 388.543 262.251 199.156 126.292 80.1607 93.7024
internal_count=1749418 996769 771554 730843 322626 13891 752649 140561 63482 55041 612088 30399 581689 462938 198474 198405 13795 308735 1492 40711 264464 20700 2063 243764 408217 4941 77079 15631 61448 50838 43113 10610 4941 12270
is_linear=0
shrinkage=0.07


Tree=108
num_leaves=35
num_cat=0
split_feature=12 3 8 3 0 0 5 2 5 0 1 7 7 1 2 3 3 7 2 7 2 3 5 6 7 12 12 7 3 1 7 1 5 3
split_gain=12.7388 12.4545 12.9191 10.7071 51.3961 114.776 9.80754 14.4695 31.7198 30.3525 23.0554 21.9867 18.1465 11.9018 11.8782 15.833 11.9665 11.2526 10.5862 9.41334 9.34968 8.65055 8.62868 10.3175 17.6263 8.4523 20.691 8.19008 8.06773 11.7956 11.1424 7.90186 7.74991 7.57858
threshold=6.5000000000000009 0.81302966101694929 1.0000000180025095e-35 0.25320512820512825 0.22903981264637005 0.24068965517241384 0.9201769911504426 0.56966490299823647 0.54246303642264715 0.57321428571428579 0.5629401408450706 0.73926218708827418 0.45622551524442179 0.96609195402298853 0.27334993773349942 0.62593283582089565 0.49306742640075979 0.72423112767940356 0.7873820168902137 0.24705229574143436 0.59611795446061977 0.35948717948717951 0.48295234405269277 0.44783893034825878 0.42127011744236631 112.50000000000001 114.50000000000001 0.43147574819401452 0.92084377610693402 0.81530214424951286 0.62084711069122978 0.53410852713178303 0.92885264341957263 0.2253968253968254
decision_type=2 2 2 2 2 2 2 2 2 2 2 2 2 2 2 2 2 2 2 2 2 2 2 2 2 2 2 2 2 2 2 2 2 2
left_child=1 2 -1 4 32 -6 7 8 -2 20 18 19 -10 17 15 -14 -16 21 -11 -12 -9 -8 -3 24 -24 -15 -27 -26 31 30 -30 -25 -4 -19
right_child=6 22 3 -5 5 -7 13 9 12 10 11 -13 14 25 16 -17 -18 33 -20 -21 -22 -23 23 28 27 26 -28 -29 29 -31 -32 -33 -34 -35
leaf_value=-0.055484031962052947 -0.054164480151288573 -0.018035855444066547 -0.07121801573307425 0.00082161710716526361 6.2489338296313477 -0.070626813021519019 -0.012346290305294216 0.016494761396661266 0.032057145571258022 -0.057065477769544744 0.0026616769558685648 0.024314551659718388 0.0099716678222108585 0.03047540234223876 -0.032879014022723897 -0.05129888519777618 -0.0079949455887790375 0.033330428372154774 0.080069623232508186 -0.0058702482483406039 0.084731592025942007 0.018406941743540295 -0.053915493819305965 -0.10360286560985316 0.60313049826357401 -2.0476735334748208 0.070051864387038698 0.22730772196635551 -0.036008277695477438 -0.13800372336838715 0.13839869995933049 0.096344879288113083 0.56406964612697819 -0.0031614753418253271
leaf_weight=60.051507110412786 71.806666492671866 34.9807429394059 0.39429838889919011 19.176143154892998 0.022152702229504939 0.038655132782878354 52.64481023827102 15.56153892133443 58.236614330497105 44.371572879586893 1516.6676327497407 181.20062812505057 215.26857920642942 93.771185082674492 132.95564800414468 22.860524460498709 329.04650578692963 29.14905759319663 2.9411180348397457 1088.338568393141 26.756321528955596 301.48375771648716 0.93835333734751047 1.107464675165829 0.40810286966734544 0.033050770405678942 0.071540872100740671 0.93532481580041349 5.0477925735467579 2.9608075076248497 2.7853535579633899 7.7173696389654651 0.12358252005651593 643.71219998924062
leaf_count=309865 644429 25498 999 24605 43 87 3553 1576 24557 19973 20604 16448 132172 41040 186736 2150 54790 389 208 178934 1485 15704 140 242 23 28 102 141 479 75 43 826 6 41468
internal_value=-0.000418328 -0.0214917 -0.0393304 0.00977402 0.306432 2.23163 0.000178429 -0.00155685 -0.00969768 0.000793186 -8.56592e-05 0.000737158 -0.0054873 0.00591591 -0.00861023 0.00408966 -0.0151561 0.00373509 -0.0485407 -0.000902853 0.0596389 0.0138352 0.00353655 0.0379931 0.178875 0.0297739 -0.599146 0.341474 0.0216077 -0.0189806 0.0260083 0.0712526 0.0803814 -0.00158061
internal_weight=4963.57 136.688 79.8063 19.7548 0.578689 0.0608078 4826.88 3706.01 830.175 2875.84 2833.52 2786.21 758.368 1120.87 700.131 238.129 462.002 1026.99 47.3127 2605.01 42.3179 354.129 56.8813 21.9006 2.28178 93.8758 0.104592 1.34343 19.6188 10.794 7.83315 8.82483 0.517881 672.861
internal_count=1749418 363072 335605 25740 1135 130 1386346 1284062 1044834 239228 236167 215986 400405 102284 375848 134322 241526 61114 20181 199538 3061 19257 27467 1969 304 41170 130 164 1665 597 522 1068 1005 41857
is_linear=0
shrinkage=0.07


Tree=109
num_leaves=35
num_cat=0
split_feature=9 1 5 3 5 2 5 2 3 7 1 5 2 6 6 1 5 2 7 3 6 5 3 5 2 6 2 1 7 5 9 1 7 6
split_gain=11.696 27.3018 24.7777 18.9286 56.3771 20.592 18.6161 13.7573 13.3995 11.9693 19.1002 11.8371 11.4221 13.5919 10.6401 9.51366 9.21801 7.83156 7.81292 7.62399 8.61537 9.86189 7.54444 11.436 8.44112 7.29711 17.5692 10.895 10.3193 8.63784 9.36087 7.86629 7.66474 7.07853
threshold=0.47222222222222227 0.84889995848899968 0.61410415803287755 0.45773809523809533 0.80136054421768721 0.45199692780337947 0.49132832080200511 0.24807692307692311 0.78346121057118523 0.35734237829209897 0.58898944193061853 0.39228096301811871 0.99253731343283602 0.41396725879484514 0.99779735682819382 0.94185260311020957 0.39892473118279576 0.78979857050032498 0.48662948662948668 0.20344827586206896 0.48993107176645495 0.77931627196333086 0.3504385964912281 0.81106578276389618 0.14907407407407411 0.92876658860265426 0.6066017316017317 0.43792808219178087 0.93035692078099752 0.93771551724137947 0.31666666666666671 0.75134408602150549 0.75568475452196393 0.9788721916381492
decision_type=2 2 2 2 2 2 2 2 2 2 2 2 2 2 2 2 2 2 2 2 2 2 2 2 2 2 2 2 2 2 2 2 2 2
left_child=3 6 12 4 5 -1 8 33 -2 10 -10 -12 15 16 25 18 -14 19 -3 20 21 -8 23 -21 -24 28 27 32 -5 31 -31 -28 -27 -6
right_child=1 2 -4 14 7 -7 17 -9 9 -11 11 -13 13 -15 -16 -17 -18 -19 -20 22 -22 -23 24 -25 -26 26 29 -29 -30 30 -32 -33 -34 -35
leaf_value=-0.059978840899750648 -0.064238422357828714 0.00384289697634646 0.0564768195536599 -0.00071726130606985356 0.010286168083364897 -0.18803210401078005 0.43293630411075962 -0.021090418607891261 0.22918076354863764 -0.044561092819561048 -0.010237131543527433 0.22486800079611372 0.0012739255720818374 -0.051184738552221547 0.062563958868439573 0.12838450322281228 0.090066433784198097 0.038222727216047941 0.097937200133320149 0.028636204892622252 0.027160390055196413 0.075105659862871599 -0.048736127563906231 -0.018866790429378732 0.0052339839597191984 0.083981492961241869 -0.011814883954439344 0.051462003490429911 0.083457510555848644 -0.019439725787374983 -0.091354645960642133 -0.15226882814168452 -0.027506722766933542 0.085409268169780284
leaf_weight=69.368795223137568 35.529145154727303 19.190610470715917 89.601614639686886 3220.3642828007105 115.06818321475293 6.752329176551938 0.54802056626795348 96.598344752186676 2.2793099723057848 15.746172157843828 12.220600575092247 1.1479052111972112 46.824817910790443 24.118064084788784 12.871373055968432 5.2989170576911411 6.5276906252838662 30.55772599496413 5.5815987617243072 29.436398482521327 29.942069270640786 1.2121762549504635 14.474685673965721 158.7932184766978 748.36973905595369 3.4476721081882742 3.0108506567776185 22.852276218589395 7.1523233484476796 67.239737212192267 10.216563376132397 5.5657679876312613 24.449379280675203 6.4927879981696597
leaf_count=549428 377470 166 64231 561427 19967 694 294 47391 555 2165 665 149 299 426 1134 76 78 8332 93 19825 1186 19 968 1857 84999 39 35 319 265 3643 651 232 302 38
internal_value=-0.000435232 0.00533402 0.0292894 -0.00244252 -0.0194694 -0.0713378 0.000962248 -0.00137122 -0.0347952 -0.00147383 0.0418843 0.0099505 0.00663736 -0.00757578 -0.000958826 0.0432539 0.0121377 0.00332376 0.0250439 0.00223864 0.0360081 0.186513 0.001113 -0.011438 0.00420992 -0.00120186 -0.0170379 0.0156267 -0.000530726 -0.0363061 -0.0289254 -0.102962 -0.0137284 0.0142986
internal_weight=4948.85 1277.4 197.143 3671.45 294.28 76.1211 1080.26 218.159 66.9231 31.394 15.6478 13.3685 107.542 77.4706 3377.17 30.0711 53.3525 1013.33 24.7722 982.776 31.7023 1.7602 951.074 188.23 762.844 3364.3 136.782 50.7493 3227.52 86.0329 77.4563 8.57662 27.8971 121.561
internal_count=1749418 563853 65369 1185565 617518 550122 498484 67396 381004 3534 1369 814 1138 803 568047 335 377 117480 259 109148 1499 313 107649 21682 85967 566913 5221 660 561692 4561 4294 267 341 20005
is_linear=0
shrinkage=0.07


Tree=110
num_leaves=35
num_cat=0
split_feature=12 3 9 12 9 3 8 6 5 6 7 3 1 7 1 3 1 7 12 3 12 6 1 12 9 7 3 3 1 9 7 1 5 5
split_gain=12.3798 11.6821 13.2545 8.19762 8.36569 22.8782 14.7452 17.4795 7.82797 8.00203 12.3047 8.25439 10.0402 9.76584 7.55829 7.08791 13.265 9.02407 6.48981 13.9593 8.56105 10.3619 12.9955 11.2101 28.1011 9.73909 8.14514 6.72078 6.38066 6.27657 6.60103 7.25443 6.21791 7.29822
threshold=6.5000000000000009 0.82807881773399028 0.31666666666666671 41.500000000000007 0.73214285714285732 0.63733075435203113 1.5000000000000002 0.83393285371702663 0.48295234405269277 0.44783893034825878 0.42127011744236631 0.92084377610693402 0.81530214424951286 0.62084711069122978 0.53410852713178303 0.93683510638297884 0.96051948051948066 0.88103563103563121 7.5000000000000009 0.88416815742397148 10.500000000000002 0.64140689089417569 0.69614069369809484 8.5000000000000018 0.35416666666666669 0.61574917973022247 0.78346121057118523 0.77058029689608643 0.71516754850088204 0.31666666666666671 0.68881530537159696 0.62575301204819289 0.86512474012474017 0.95683229813664605
decision_type=2 2 2 2 2 2 2 2 2 2 2 2 2 2 2 2 2 2 2 2 2 2 2 2 2 2 2 2 2 2 2 2 2 2
left_child=1 2 28 18 6 32 15 -8 -3 10 -10 14 13 -13 -11 -5 17 -17 19 29 21 22 27 24 -23 -25 -24 -20 -1 30 -2 -32 -6 -34
right_child=3 8 -4 4 5 -7 7 -9 9 11 -12 12 -14 -15 -16 16 -18 -19 20 -21 -22 23 26 25 -26 -27 -28 -29 -30 -31 31 -33 33 -35
leaf_value=-0.060384512089642656 -0.018803522342324522 -0.017191542287699299 0.010585855097112051 0.042019147787699447 0.1037274456828597 0.066919945957814128 0.059284034553925613 -0.074894534741148558 -0.051514778866702929 -0.099626869619938954 0.27425503786223199 -0.033889386804272101 -0.1262861721828665 0.1302879127990858 0.10505323952948449 0.020732056800271213 0.020291392375738786 -0.088627378703855647 -0.045174041696499738 0.11504146578735044 4.3603263629277177e-05 0.098027636648738023 0.068554737250026782 0.031718090414482793 -0.056280886603250785 -0.025582720556774977 -0.0063389037057949189 -0.011855036144503121 0.033531260909293793 0.052150818523324802 0.016542907176473876 0.14960651629666397 -0.035866015480175206 0.013005729950180688
leaf_weight=56.875343743921803 34.287623934125804 33.150497339272988 20.491409949760055 28.794408057467081 2.8853651052340856 42.8117087171413 6.1129593804362257 21.451185813639313 0.89114426942251457 1.0212737110559835 1.5673620981979182 5.0030454563675448 3.0084607715252787 2.7518144500791095 6.5784704255929682 5.4866519395727691 43.256933307158761 11.337045289925298 88.182769570261371 6.8889910918078376 4169.0291351966953 17.46288076367637 7.7087816444036426 21.410028100646741 8.645920682778522 45.257331344399063 92.453531568840845 44.701407736538386 3.7803502741153343 13.908369697179294 15.807270582547064 2.2996919727884224 21.011029326822609 52.097945025423542
leaf_count=319322 40466 21317 18088 1055 26 45089 741 1802 125 174 141 479 75 43 656 574 7554 944 534732 242 693787 1290 2427 2529 360 10090 13812 24327 2652 1702 1695 25 192 885
internal_value=-0.00040533 -0.0213018 -0.0380878 0.000182498 0.0129257 0.025994 -0.000408272 -0.0451375 0.00393604 0.0375737 0.156172 0.0216954 -0.0177407 0.024369 0.0775478 0.0134643 -0.00022103 -0.0529624 -0.00047375 0.0202027 -0.000810434 -0.0117382 -0.0196145 0.00804651 0.0469284 -0.00718073 -0.000574872 -0.0339657 -0.0545312 0.0103487 -0.000747806 0.0334428 0.00293813 -0.00103968
internal_weight=4938.41 135.119 81.1471 4803.29 235.245 118.806 116.439 27.5641 53.9721 20.8216 2.45851 18.3631 10.7633 7.75486 7.59974 88.875 60.0806 16.8237 4568.04 73.1919 4494.85 325.823 233.046 92.7762 26.1088 66.6674 100.162 132.884 60.6557 66.303 52.3946 18.107 75.9943 73.109
internal_count=1749418 363072 340062 1386346 58862 46192 12670 2543 23010 1693 266 1427 597 522 830 10127 9072 1518 1327484 44130 1283354 589567 575298 14269 1650 12619 16239 559059 321974 43888 42186 1720 1103 1077
is_linear=0
shrinkage=0.07


Tree=111
num_leaves=35
num_cat=0
split_feature=12 0 7 5 0 9 5 0 2 5 4 0 0 2 6 12 7 12 12 8 2 12 2 2 12 8 12 9 12 7 2 9 6 5
split_gain=11.0066 11.7567 8.34519 15.2576 17.1531 8.33061 7.87628 12.1086 20.1955 27.4646 30.5075 46.2194 20.6788 33.0731 15.4789 11.6573 10.369 9.82372 9.59638 10.9358 21.9839 8.58631 16.4475 20.1334 12.0118 8.09008 8.03199 8.15625 8.35706 7.90215 7.8905 14.4797 8.46154 7.48738
threshold=6.5000000000000009 0.55646630236794181 0.56148993172586648 0.60042918454935634 0.79118217054263573 0.31666666666666671 0.9201769911504426 0.94201680672268928 0.90366769774635447 0.48859299097848724 1.0000000180025095e-35 0.90070422535211281 0.73401360544217698 0.70396452790818997 0.77677926662922259 21.500000000000004 0.72423112767940356 12.500000000000002 58.500000000000007 5.5000000000000009 0.42179392142327654 25.500000000000004 0.99253731343283602 0.95713410900183726 12.500000000000002 1.0000000180025095e-35 30.500000000000004 0.38750000000000007 31.500000000000004 0.73538899430740046 0.95311355311355306 0.47222222222222227 0.63897107166337941 0.97044263249854412
decision_type=2 2 2 2 2 2 2 2 2 2 2 2 2 2 2 2 2 2 2 2 2 2 2 2 2 2 2 2 2 2 2 2 2 2
left_child=1 5 -3 4 -4 -1 7 8 9 10 -2 -12 13 -11 21 -14 33 -10 19 -18 -21 22 23 -9 -24 -19 -16 28 -28 -20 31 -23 -32 -8
right_child=6 2 3 -5 -6 -7 16 14 17 12 11 -13 15 -15 26 -17 18 25 29 20 -22 30 24 -25 -26 -27 27 -29 -30 -31 32 -33 -34 -35
leaf_value=-0.064816588209437698 -0.061255950734115452 -0.013671191401919481 -0.070308814242576637 0.030747232819325301 0.69237454919528107 -0.00059071268774231152 0.024300276743809444 0.0038841718080724979 0.083526954260786004 -0.0021404918216506343 0.046719691494628152 -0.062245513888424142 -0.014181752173659199 0.071194446859267652 0.041754676752582973 -0.05087385204116094 -0.0013936301946272385 0.0007357312156401405 -0.56039950964731922 -0.83741871832863446 -0.026016602961042145 -0.027464309464223877 -0.021972285226729952 0.076837326511247639 -0.0035603407481088079 0.081077698264214668 -0.16534826220063126 0.061644492133947369 -0.0077701774560913857 0.030931100325273537 0.010840118165149005 0.059091271215118632 0.050585336422844393 0.0045646726577274156
leaf_weight=36.066858477269307 94.343802707139275 69.75771924419314 0.23890908983594172 12.277229962659474 0.36562751793826465 13.63768288594474 195.00403006383567 848.67270038340939 14.968818047927924 842.03419476459885 42.734227158907743 34.451146204024553 175.70573519248865 31.251906397374114 69.439115860732272 55.933862353675067 684.05893862363882 30.885989590053214 0.1109733582707112 0.23038759385235508 0.56455412186915055 53.930874841171317 224.1581172880833 18.950275304086972 770.12633757659933 7.6655683133285484 1.7662193779833639 8.1935332136927155 24.878703250316903 51.324939263344277 292.62125363072846 11.487573838734532 28.83292512234766 182.20764827949461
leaf_count=245182 655419 100358 233 705 46 16548 15309 37628 468 493714 4952 365 11046 1188 4441 2155 55042 1103 74 9 115 1557 19452 491 25031 1185 109 7439 2497 19844 7654 1841 4327 11891
internal_value=-0.000378476 -0.0202927 -0.00411216 0.0476522 0.390967 -0.0471946 0.000170988 -0.0013887 -0.0067274 -0.00849369 -0.034554 -0.00191616 -0.00444807 0.000483913 0.0016288 -0.0230418 0.00532983 0.0353983 0.000494919 -0.00169517 -0.261175 0.000406227 -0.00156544 0.00547759 -0.00771125 0.0167109 0.0279939 0.000566413 -0.0182156 0.0296553 0.00989528 -0.012265 0.0144051 0.0147672
internal_weight=4928.88 132.344 82.6395 12.8818 0.604537 49.7045 4796.53 3683.03 1329.98 1276.45 171.529 77.1854 1104.93 873.286 2353.06 231.64 1113.5 53.5204 736.29 684.854 0.794942 2248.78 1861.91 867.623 994.284 38.5516 104.278 34.8385 26.6449 51.4359 386.873 65.4184 321.454 377.212
internal_count=1749418 363072 101342 984 279 261730 1386346 1284062 1171595 1168839 660736 5317 508103 494902 112467 13201 102284 2756 75084 55166 124 97981 82602 38119 44483 2288 14486 10045 2606 19918 15379 3398 11981 27200
is_linear=0
shrinkage=0.07


Tree=112
num_leaves=35
num_cat=0
split_feature=9 1 5 12 5 7 0 12 12 0 6 12 6 2 2 7 5 1 7 12 6 0 1 7 1 12 2 0 1 2 1 1 6 7
split_gain=9.78215 22.8807 22.597 15.5111 14.7508 12.9098 11.0372 10.7172 18.3493 32.042 19.5157 23.3334 13.8833 9.81464 9.70585 12.7562 9.41852 49.3685 9.11977 12.2971 9.92957 14.8028 8.99553 17.8763 8.79376 8.53575 21.7548 26.0003 20.4033 11.3419 16.1396 11.6418 8.11574 10.9524
threshold=0.47222222222222227 0.84889995848899968 0.61410415803287755 6.5000000000000009 0.45478595478595479 0.28664799253034551 0.62115563839701782 8.5000000000000018 11.500000000000002 0.76277056277056288 0.56019323671497601 9.5000000000000018 0.96799795186891979 0.64899964899964913 0.99253731343283602 0.38119783996072659 0.39228096301811871 0.80901722391084108 0.63897107166337941 7.5000000000000009 0.9131691379743655 0.41060765718299969 0.56562756357670241 0.20626738667975789 0.94185260311020957 14.500000000000002 0.93063352044907788 0.99253731343283602 0.92718275008837059 0.88493064312736458 0.95713410900183726 0.80206185567010324 0.4213106295149639 0.30820856995353646
decision_type=2 2 2 2 2 2 2 2 2 2 2 2 2 2 2 2 2 2 2 2 2 2 2 2 2 2 2 2 2 2 2 2 2 2
left_child=3 4 14 6 5 16 -1 18 9 12 -11 -12 13 -9 24 -16 22 -18 -5 -20 21 -21 23 -2 -3 26 28 -28 -10 30 -27 -31 33 -6
right_child=1 2 -4 7 32 -7 -8 8 25 10 11 -13 -14 -15 15 -17 17 -19 19 20 -22 -23 -24 -25 -26 29 27 -29 -30 31 -32 -33 -34 -35
leaf_value=-0.055489834352374021 0.28535263251258486 0.023183238262704811 0.055124156316351841 0.0068649966948120594 -0.050746336934724683 -0.058395676868622418 -0.0094292223087568735 -0.050015900412484278 0.010456934108155094 -0.014731528522472337 -0.046849183202763822 0.056940440014362576 0.20698188256834554 0.00067879760284641382 0.013439737534102145 -0.046673083079868317 -0.070733918412695621 2.1473661567349271 0.022402425995183491 0.28380271396357565 -0.071840345391475421 0.083409937716832541 -0.016027998865554591 -0.070098817499688285 0.1250998043128381 -0.0096808017796760851 0.062398886141934395 -0.020019700612130532 0.11024106359661105 0.076032300421590829 0.063274571857406689 0.00097419617956078517 0.0017294478302518758 0.058327563539833774
leaf_weight=43.904333257651615 1.5317349486977012 24.458187365438793 81.811821086041164 90.755353102416848 5.5134242121566812 35.924807752228844 60.783321821101708 131.80731913351292 631.86019618903811 111.745871260071 13.588175848155513 48.485485106735723 1.097979251295327 21.809446246756124 51.556396751664579 26.031028551980853 0.22312215909187294 0.063065435737371445 25.179260209639324 2.4975265466928231 1.24726067110896 6.5256654653057922 11.053114825022929 1.2665392264925683 4.9957421403378239 942.22371356148506 20.547925941180438 214.98155036056414 10.20307930279523 10.208563120540928 15.096563084633088 1245.6365279509046 991.53771352777585 24.807630675568362
leaf_count=276374 799 259 64231 82861 709 293184 73946 316879 199373 24140 434 1033 16 8771 375 428 1458 2 4475 413 23 203 585 16707 76 131347 486 17335 315 461 743 45937 177122 7918
internal_value=-0.000354847 0.00496098 0.0274274 -0.00219093 0.0010028 -0.0360963 -0.0287463 -0.00140684 -0.00214622 -0.0178745 0.00274999 0.0342205 -0.0410458 -0.0428186 0.00625873 -0.00672846 0.0205682 0.418055 0.0186254 0.0487333 0.113287 0.138877 0.0123556 0.12447 0.0404695 -0.000474368 0.00536743 -0.0128294 0.0120426 -0.00279083 -0.00853032 0.00158433 0.00282035 0.0384941
internal_weight=4910.96 1260.77 188.853 3650.19 1071.92 50.0624 104.688 3545.5 3419.29 328.534 173.82 62.0737 154.715 153.617 107.041 77.5874 14.1376 0.286188 126.205 35.4497 10.2705 9.02319 13.8514 2.79827 29.4539 3090.76 877.593 235.529 642.063 2213.17 957.32 1255.85 1021.86 30.3211
internal_count=1749418 563853 65369 1185565 498484 312735 350320 835245 747270 351273 25607 1467 325666 325650 1138 803 19551 1460 87975 5114 639 616 18091 17506 335 395997 217509 17821 199688 178488 132090 46398 185749 8627
is_linear=0
shrinkage=0.07


Tree=113
num_leaves=35
num_cat=0
split_feature=3 3 5 3 0 2 9 2 8 5 0 7 5 5 8 0 3 5 1 0 0 1 8 7 5 0 3 3 9 8 3 3 0 1
split_gain=8.5638 35.458 24.9933 16.6761 18.5466 13.3866 15.0307 15.4179 15.3299 13.3029 12.1798 11.2531 9.67529 9.59152 9.00304 8.48825 30.5779 18.7011 18.644 43.4835 19.9233 15.0387 8.39248 8.23354 8.04904 7.77133 13.0996 7.7666 7.53674 11.2929 7.51759 7.34298 14.7934 14.1065
threshold=0.44033898305084751 0.42967032967032975 0.6115176080433754 0.42488716956802064 0.30068493150684933 0.15535444947209656 0.61250000000000016 0.8021739130434784 1.5000000000000002 0.54912120288529931 0.66244725738396626 0.63185164985001374 0.9201769911504426 0.72776679841897229 1.5000000000000002 0.6066017316017317 0.67117117117117131 0.71248622264210371 0.62115563839701782 0.86729559748427687 0.73401360544217698 0.23845060412224597 1.5000000000000002 0.45293443135619732 0.46440092165898622 0.17467581998474455 0.35948717948717951 0.59824561403508791 0.92857142857142871 2.5000000000000004 0.31662489557226403 0.77871939736346529 0.69028213166144214 0.70505385252692632
decision_type=2 2 2 2 2 2 2 2 2 2 2 2 2 2 2 2 2 2 2 2 2 2 2 2 2 2 2 2 2 2 2 2 2 2
left_child=1 2 -1 4 25 27 8 14 15 22 11 12 -10 -5 31 16 17 -7 19 -17 -20 -18 24 -12 -9 30 -27 -2 29 -16 -4 33 -33 -8
right_child=5 -3 3 13 -6 6 7 9 10 -11 23 -13 -14 -15 28 18 21 -19 20 -21 -22 -23 -24 -25 -26 26 -28 -29 -30 -31 -32 32 -34 -35
leaf_value=-0.061218754445810042 -0.011306181631194562 -0.099086838425677851 0.023337477371026989 -0.098038471234055458 -0.02828329466641567 -0.045923662531147311 -0.01438999843154414 0.023294185024707821 0.00097986923103281654 0.059990048244627531 7.4527055646161764e-05 -0.039102068187759173 0.11440065579647044 0.054000988878636906 0.02072996985279249 -0.042371871978248286 -0.087376892048548024 0.0035962219941156402 0.028160182947499751 0.012490246554304561 -0.00056177749476780969 0.039850855572537883 0.072792388401604305 -0.080481989299908949 -0.058526791229557076 -0.015282521388499557 0.013282379064634578 -0.089095868992818197 0.033048287704042674 -0.046511309394909765 -0.012124031676373399 0.079392345666978573 -0.0016219753991670079 0.091328135051677028
leaf_weight=36.411845546240784 12.629261041507563 20.106311305868076 119.09562165394163 2.1639248953806591 125.95097016413592 42.195560145066338 150.67245832032495 11.928256934974348 11.184719108743595 56.165505548968213 8.0845466085884237 20.471596722811228 5.4963361236732444 33.644263775247055 41.156480576901231 159.59346944237768 4.7037246829713686 326.65142113643742 123.7332385660593 127.22216956158809 2714.8042619239568 141.5213473956901 6.4874980058521023 26.913319651066558 11.64044678583741 203.65433762525208 128.1779240408132 12.527246965080847 89.27135162538616 17.41798285870027 38.847776175782201 14.83635165489977 43.211537251627306 6.4494145229109554
leaf_count=537477 8572 37681 20068 8932 111971 271678 70088 115 5328 59483 551 864 63 7532 4172 102869 569 69278 26008 12170 193190 15897 75 1339 100 84273 63150 2017 10513 666 10986 1490 9196 1057
internal_value=-0.000337833 -0.00745768 -0.00477968 -0.00162551 -0.00432619 0.000866196 0.00117392 0.0132672 -0.000289419 0.0398762 -0.0322406 -0.00432641 0.0383515 0.0448131 0.00694721 0.000343829 0.00867002 -0.00206878 -0.00102836 -0.0180368 0.000690227 0.0357582 0.00228976 -0.0618733 -0.0171167 0.00183463 -0.00424866 -0.0500433 0.0202461 0.000734781 0.0146154 -0.00219064 0.0190843 -0.0100506
internal_weight=4895.02 708.053 687.947 651.535 615.727 4186.97 4161.81 449.237 3712.58 86.2217 72.1505 37.1527 16.6811 35.8082 363.016 3640.43 515.072 368.847 3125.35 286.816 2838.54 146.225 30.0562 34.9979 23.5687 489.776 331.832 25.1565 147.846 58.5745 157.943 215.17 58.0479 157.122
internal_count=1749418 882070 844389 306912 290448 867348 856759 156955 699804 59773 8145 6255 5391 16464 97182 691659 357422 340956 334237 115039 219198 16466 290 1890 215 178477 147423 10589 15351 4838 31054 81831 10686 71145
is_linear=0
shrinkage=0.07


Tree=114
num_leaves=35
num_cat=0
split_feature=1 3 1 0 2 3 5 7 12 12 2 3 0 5 0 0 3 3 3 7 0 4 5 3 2 12 2 3 1 1 1 5 7 7
split_gain=8.2049 25.2789 22.8221 36.7808 16.3343 13.2197 12.9532 16.1975 11.933 11.8954 23.5552 26.018 16.7876 11.5061 42.6111 12.9559 51.5221 28.4779 18.5953 15.4581 12.2908 26.8004 28.452 11.9794 11.9683 11.8204 11.6395 11.2548 11.2492 13.0876 9.55014 8.7789 8.2882 11.7634
threshold=0.86526825332795487 0.91734972677595628 0.91476997578692509 0.91476997578692509 0.93063352044907788 0.88273491214667699 0.97489495798319337 0.93035692078099752 8.5000000000000018 21.500000000000004 0.93063352044907788 0.97590011614401873 0.97617697107203638 0.68258720653930249 0.95713410900183715 0.69282051282051282 0.78346121057118523 0.99253731343283602 0.60943257184966848 0.61826965305226189 0.90070422535211281 1.0000000180025095e-35 0.48859299097848724 0.93683510638297884 0.83438818565400863 19.500000000000004 0.27639257294429714 0.81530214424951286 0.43534002229654406 0.72377109317681587 0.84889995848899968 0.64022471910112377 0.62973194188663817 0.45846602972399159
decision_type=2 2 2 2 2 2 2 2 2 2 2 2 2 2 2 2 2 2 2 2 2 2 2 2 2 2 2 2 2 2 2 2 2 2
left_child=4 2 3 5 13 -2 7 9 -8 10 12 -12 -3 14 20 16 19 27 -17 25 21 22 -1 -23 32 -15 -21 -18 -20 -30 31 -26 33 -16
right_child=1 6 -4 -5 -6 -7 8 -9 -10 -11 11 -13 -14 15 24 18 17 -19 28 26 -22 23 -24 -25 30 -27 -28 -29 29 -31 -32 -33 -34 -35
leaf_value=-0.062378783486741363 0.080019353827357406 -0.030962929786717351 0.06500105519980684 -0.059745543097791919 0.073732578250419248 0.0033192476756678663 -0.83220779341571305 -0.066561802214125873 0.036823006826995956 0.0090857371959194109 0.055399913108719959 -0.0099387234329956168 0.026305070865933766 0.018828399829687741 0.013749852698552162 0.12202025977092754 0.030379467175820418 -0.052605809930085304 0.025153965158368628 0.0041514907378991262 -0.061973419030996658 0.018622072003548984 -0.014527660113511089 0.16639622781381175 -0.055808447850828349 -0.012922792504389272 -0.010691673282986739 0.07828310971600462 -0.022691837126446124 -0.001307857070507447 0.0038525019004549384 0.11056867771668752 0.06376435256802114 -0.020499169856131073
leaf_weight=93.863290014382983 24.064105170342373 29.220117892982671 59.41969049529871 26.145588454935933 13.656472734350244 20.299351578258211 0.077539376099592938 17.702647993282881 51.869539132196223 564.60266131727258 30.845880551205482 937.00357429726864 177.10687701049028 276.47356091642678 281.59567546870676 5.2625272240256882 38.518738262879197 12.264280553732531 41.24498419725569 433.01857870046661 45.909620921200258 39.213113616162445 173.30784355966262 2.8858434285502872 32.929907811398152 72.522720077569829 643.66531313118548 63.901438414730364 300.66678309562849 262.84159029112197 35.179138086765306 1.6309587053256098 13.465807782486079 59.527541963587282
leaf_count=784133 2288 1684 6304 1859 1962 1600 21 4525 27930 44346 1108 44120 5904 94017 26779 96 1102 360 1435 78785 6816 9412 425341 65 1764 3021 137500 3219 11543 15844 1789 11 264 2471
internal_value=-0.000316891 0.00321949 0.033043 0.00611114 -0.00264563 0.0449237 0.00107678 5.79678e-05 0.0355258 0.000736229 -0.00327863 -0.00785635 0.0181948 -0.00300164 -0.0102875 -0.000360517 0.00305874 0.0481967 -0.00899457 -0.000572238 -0.0281761 -0.0231591 -0.0313388 0.0287518 0.00468591 0.0122304 -0.00472208 0.0602672 -0.0101347 -0.0127175 -0.0218226 -0.047957 0.00989955 0.00777324
internal_weight=4881.9 1938.36 129.929 70.509 2943.55 44.3635 1808.43 1756.48 51.9471 1738.78 1174.18 967.849 206.327 2929.89 779.509 2150.38 1540.36 114.684 610.016 1425.68 355.18 309.27 267.171 42.099 424.329 348.996 1076.68 102.42 604.753 563.508 69.74 34.5609 354.589 341.123
internal_count=1749418 141689 12051 5747 1607729 3888 129638 101687 27951 97162 52816 45228 7588 1605767 1258845 346922 318004 4681 28918 313323 1225767 1218951 1209474 9477 33078 97038 216285 4321 28822 27387 3564 1775 29514 29250
is_linear=0
shrinkage=0.07


Tree=115
num_leaves=35
num_cat=0
split_feature=9 1 5 12 5 7 0 6 12 12 0 6 6 2 7 1 8 7 12 0 1 0 7 2 2 6 7 5 9 0 2 6 7 2
split_gain=8.36156 18.0951 20.4388 12.9322 11.676 11.2564 10.0242 9.64996 8.5039 15.7336 28.8676 17.2544 10.8774 7.85195 10.9755 7.96531 7.84033 7.4776 9.19914 16.8805 9.93056 7.30752 7.20168 6.9152 8.74463 6.86024 9.49027 9.4933 7.60095 6.68752 18.9995 69.8088 14.8703 6.63723
threshold=0.47222222222222227 0.84889995848899968 0.61410415803287755 6.5000000000000009 0.45478595478595479 0.28664799253034551 0.62115563839701782 0.99779735682819382 8.5000000000000018 11.500000000000002 0.76277056277056288 0.56019323671497601 0.96799795186891979 0.99253731343283602 0.38439808778791834 0.94185260311020957 1.5000000000000002 0.55064321771698432 7.5000000000000009 0.50301204819277123 0.55036231884057984 0.62115563839701782 0.48662948662948668 0.83438818565400863 0.8087497011714081 0.4213106295149639 0.30820856995353646 0.99773755656108609 0.92857142857142871 0.14907407407407405 0.14415584415584423 0.89099909990999115 0.7133312547325289 0.58898944193061853
decision_type=2 2 2 2 2 2 2 2 2 2 2 2 2 2 2 2 2 2 2 2 2 2 2 2 2 2 2 2 2 2 2 2 2 2
left_child=3 4 13 6 5 23 29 8 17 10 12 -12 -10 15 -15 22 21 -5 20 -20 -19 -11 -3 24 -2 26 33 28 -28 30 -1 32 -32 -6
right_child=1 2 -4 7 25 -7 -8 -9 9 16 11 -13 -14 14 -16 -17 -18 18 19 -21 -22 -23 -24 -25 -26 -27 27 -29 -30 -31 31 -33 -34 -35
leaf_value=-0.028333442532172803 0.010059251731006974 0.00064649945060005361 0.05343996429048533 0.0016380358054504404 0.014138313242018396 -0.056546541621507025 -0.0084795592148473129 0.047186845658630308 -0.041125661282659855 0.0077284163537987916 -0.014078030390813349 0.032163075442791324 0.22168196455721972 0.012479824375109383 -0.043356142137950082 0.12028615645594942 -0.03739397730700858 -0.0067823539301324993 0.14358061948989367 0.011965671609857897 0.080478788624019068 -0.0018104855910210005 0.093174644864779971 -0.11500982787697193 0.16711873777093816 0.001727377178565723 0.10759020469241652 -0.053762995089588858 0.023862283136105712 -0.059648565465927422 0.17620682576536642 5.8210706876200646 1.5819142753499098 -0.14402244520524601
leaf_weight=1.5573629296377465 10.719145801820558 19.150807130150504 73.885684149980079 72.93073233702944 3.2893237152529791 31.762378976082346 59.983857518272998 20.008290806086734 146.67235085804896 464.93895321953551 110.54575168552401 61.558645033364883 0.77577793598174949 52.031448361231014 25.805521708447486 4.6766555355861774 28.250041724950279 26.173980786566062 9.1637438952057 9.9700850395165599 8.4545923175319313 2561.9238178938613 5.2521562939509741 1.693580794148146 2.0729607068933538 986.19560007574592 12.129594284644558 3.4740571784786871 9.453420839690807 39.03264867460166 0.28423591421960726 0.011880671605467796 0.042371440151327988 2.1498795521911234
leaf_count=8480 19509 166 64231 69771 671 293184 73946 1182 325650 218631 24140 1465 11 381 422 76 7165 15119 2152 704 226 169029 93 18 24 177122 5083 84 2751 265165 2617 1 111 38
internal_value=-0.000295958 0.00465604 0.0251283 -0.00199627 0.00117378 -0.0332246 -0.0267037 -0.00128823 -0.00156523 -0.00223366 -0.0170125 0.00246158 -0.0397429 0.00556323 -0.00603164 0.036599 -0.000687852 0.0162392 0.0360462 0.0749999 0.0145225 -0.00034527 0.020561 0.0179128 0.0355107 0.00273853 0.0354373 0.0536308 0.0709171 -0.0534126 0.0749769 0.550302 0.358572 -0.0483757
internal_weight=4866.02 1243.74 180.802 3622.28 1062.94 46.2481 100.912 3521.37 3501.36 3374.67 319.553 172.104 147.448 106.917 77.837 29.0796 3055.11 126.693 53.7624 19.1338 34.6286 3026.86 24.403 14.4857 12.7921 1016.69 30.4963 25.0571 21.583 40.9285 1.89585 0.338488 0.326607 5.4392
internal_count=1749418 563853 65369 1185565 498484 312735 350320 835245 834063 746091 351266 25605 325661 1138 803 335 394825 87972 18201 2856 15345 387660 259 19551 19533 185749 8627 7918 7834 276374 11209 2729 2728 709
is_linear=0
shrinkage=0.07


Tree=116
num_leaves=35
num_cat=0
split_feature=3 3 5 3 0 9 8 1 5 7 0 5 8 12 5 3 5 5 8 1 12 3 1 5 1 7 1 9 3 1 9 8 7 5
split_gain=7.40873 31.4959 21.0974 14.4489 15.7083 10.7787 14.4832 12.9769 12.5271 11.0698 8.72221 8.21816 7.91589 13.6316 9.65572 8.21904 17.9627 8.72102 7.96251 7.93888 8.32804 13.1699 7.96351 7.91122 8.82499 7.74447 7.49306 7.42439 8.29883 7.47601 6.84733 28.265 21.3343 10.5226
threshold=0.44033898305084751 0.42967032967032975 0.6115176080433754 0.42488716956802064 0.30068493150684933 0.61250000000000016 1.5000000000000002 0.80901722391084108 0.76230831315577086 0.48198949644732775 0.66244725738396626 0.72776679841897229 1.5000000000000002 18.500000000000004 0.73717105263157912 0.63733075435203113 0.77291825821237603 0.6350278850278851 3.5000000000000004 0.25176056338028174 22.500000000000004 0.51520737327188948 0.21525096525096529 0.9831455354606573 0.62115563839701782 0.693997599039616 0.31643132220795894 0.61250000000000016 0.40270270270270275 0.46709956709956718 0.23611111111111113 1.0000000180025095e-35 0.50857254825120024 0.95275297619047639
decision_type=2 2 2 2 2 2 2 2 2 2 2 2 2 2 2 2 2 2 2 2 2 2 2 2 2 2 2 2 2 2 2 2 2 2
left_child=1 2 -1 4 -4 6 30 12 -9 26 23 -5 19 15 25 16 -14 -17 -16 22 -21 -22 -7 24 -11 -15 -8 29 -29 -6 31 -2 -33 -32
right_child=5 -3 3 11 27 7 9 8 -10 10 -12 -13 13 14 18 17 -18 -19 -20 20 21 -23 -24 -25 -26 -27 -28 28 -30 -31 33 32 -34 -35
leaf_value=-0.059940808612997484 -0.00015415956962775828 -0.095655782925287869 0.0013603203227921898 -0.095833926912756856 -0.047141265304320307 -0.0094249644512682442 0.17392357671116859 0.0093685260765750174 0.064808798899049239 -0.044748445367531725 -0.075116299518055971 0.049359414131772923 0.21448191231994893 -0.056522663362256649 0.022224214341597274 0.096428098785224778 0.051340372359931948 -0.0093681751383272675 -0.038476174971557295 -0.0077731749184218255 -0.020972744328523731 0.048312822738711875 -0.085899510225245612 0.067210162160882478 0.10713122077409562 0.10431279905022096 0.0063812032940503459 0.0047312543627074837 -0.053820925892020158 0.15640761049085952 0.010930514333574061 0.00093759285896116012 -0.081022682399943896 -0.014025722870681344
leaf_weight=32.013589638944723 2952.3991218119072 19.07720268324465 490.30843708469638 2.0232843903704625 59.472646500576047 18.344258558081496 1.4456513887052995 40.562008603534196 39.339940937556094 26.90857817677534 25.912713489291491 34.174749943309507 4.0035145189540371 16.420621924233277 77.812640922988066 5.1642752018087803 19.009394570253789 14.644032161464564 12.257241807645185 128.65817726175374 20.715898914961144 38.289760925748851 10.486204627366531 4.3374846915248773 2.0149867947329758 1.6108944509760466 13.736406703614191 47.701734928850783 15.786496749235083 0.89749738457521644 518.06269396710195 26.541929587430786 37.618494120222749 98.532688335282728
leaf_count=537477 524606 37681 178477 8932 108907 4977 1581 2905 56601 2251 1278 7532 4682 1021 7745 440 183 711 1085 64229 174 9495 4394 70 31 29 3244 1816 504 744 147140 14602 6934 6940
internal_value=-0.000290006 -0.00694418 -0.00446408 -0.00173329 -0.0042663 0.000833412 -0.000405019 0.0110979 0.0366647 -0.0309876 -0.0446683 0.0412439 0.0055379 0.0178438 0.0046032 0.0512695 0.0797218 0.0182142 0.0139637 -0.00304082 0.00221318 0.0239878 -0.0372403 -0.0209472 -0.0341676 -0.042154 0.0223348 -0.02654 -0.00982788 -0.0441152 0.000220881 -0.00115304 -0.0471173 0.00694248
internal_weight=4856.29 701.456 682.378 650.365 614.167 4154.83 3707.51 447.319 79.9019 74.3558 59.1738 36.198 367.417 150.923 108.101 42.8212 23.0129 19.8083 90.0699 216.494 187.664 59.0057 28.8305 33.261 28.9236 18.0315 15.1821 123.858 63.4882 60.3701 3633.15 3016.56 64.1604 616.595
internal_count=1749418 882070 844389 306912 290448 867348 708677 158671 59506 8455 3630 16464 99165 15896 9880 6016 4865 1151 8830 83269 73898 9669 9371 2352 2282 1050 4825 111971 2320 109651 700222 546142 21536 154080
is_linear=0
shrinkage=0.07


Tree=117
num_leaves=35
num_cat=0
split_feature=1 3 1 0 2 3 5 6 1 1 5 7 5 7 5 0 0 7 5 0 3 2 5 3 2 0 1 1 6 7 6 3 0 2
split_gain=6.60433 21.8273 20.6013 32.1473 14.7384 12.0221 10.6942 20.2574 15.9088 15.3157 16.2877 11.7144 11.7892 10.3407 9.03283 36.6829 11.742 23.4385 28.4101 11.6508 55.1008 28.3348 16.7847 15.9459 24.7464 22.5141 29.4162 19.7772 15.6368 13.5907 14.0758 12.2284 10.7011 10.3774
threshold=0.86526825332795487 0.91734972677595628 0.91476997578692509 0.91476997578692509 0.93063352044907788 0.88273491214667699 0.97489495798319337 0.92876658860265426 0.93643953676272573 0.9194594594594595 0.96571316614420077 0.64796600834054618 0.88969991889699929 0.59102104791759968 0.68258720653930249 0.95713410900183715 0.90070422535211281 0.20626738667975789 0.48859299097848724 0.72871572871572876 0.81530214424951286 0.30245854774156666 0.88322510822510836 0.78629976580796257 0.68042553191489374 0.89725545390570038 0.72834224598930497 0.82972848596410509 0.54589800443458991 0.61826965305226189 0.52441734417344188 0.60943257184966848 0.70678733031674223 0.83438818565400863
decision_type=2 2 2 2 2 2 2 2 2 2 2 2 2 2 2 2 2 2 2 2 2 2 2 2 2 2 2 2 2 2 2 2 2 2
left_child=4 2 3 5 14 -2 7 11 9 13 -11 12 -3 -9 15 16 17 -1 -19 20 29 -22 -23 24 31 26 -25 -27 -26 32 -31 -21 -16 -17
right_child=1 6 -4 -5 -6 -7 -8 8 -10 10 -12 -13 -14 -15 19 33 -18 18 -20 23 21 22 -24 25 28 27 -28 -29 -30 30 -32 -33 -34 -35
leaf_value=0.025402555859546073 0.076641240920828205 -0.0012724875436282931 0.062379040519998152 -0.056595242416485669 0.071939148065615494 0.0027130376753208294 0.033270212947600263 -0.41152833840532282 -0.029029133767640346 -0.42038820484522166 0.072695481573918141 0.022039461384575271 0.052066944143831721 -0.053172198458997656 0.012973835958348372 0.0093708059659260746 -0.060076032770182572 -0.062903392917660575 -0.013088649641704492 0.11506831695696008 -0.084883730798018558 0.098462517809010788 0.036207378813581222 -0.06583610907725411 0.18440863758053591 0.0025869327943776645 -0.0075091485991821911 -0.06466431896520429 0.049102191280085819 0.21695010774517792 -0.0047037898912592364 -0.033072320652221252 -0.055019355364679522 -0.020235499590544145
leaf_weight=44.757856102343794 23.153195676131872 1581.9169280958595 56.688871710444801 25.699758400034625 13.020495977980316 20.166541353741195 48.776767732779263 0.43329631967935966 20.900156366813462 1.5581525140441952 0.41586878354428325 120.54514557711082 20.568058422999457 4.4136330003675539 368.64787713773512 354.88248075141746 43.894065708976996 83.764552291371274 169.85146212984364 3.0528856335440677 6.5521089732937972 40.937420308007859 44.06000949855661 76.758480350428727 5.2900949290487942 298.96387802972458 94.567185482388595 23.081145281088538 20.036422705103178 1.4056025954037057 1122.3316061286059 25.842220840946538 11.702115830499677 69.348083532939199
leaf_count=14604 2288 64685 6304 1859 1962 1600 27951 62 5344 211 51 26680 4137 517 97488 29514 6816 779042 425305 60 169 848 3253 2203 59 15799 4144 2515 1192 2094 215907 892 299 3564
internal_value=-0.000272588 0.00291077 0.031111 0.00542916 -0.00236949 0.0422256 0.000940804 4.00911e-05 -0.0593233 -0.152148 -0.31651 0.000995163 -0.00058787 -0.0852078 -0.00270201 -0.00922373 -0.0262725 -0.0212996 -0.0295415 -0.000369595 0.00265386 0.0553791 0.0661914 -0.00917969 0.0268527 -0.0131397 -0.0336412 -0.002233 0.0773644 -0.000555375 -0.00442654 -0.0174207 0.0108819 0.00453113
internal_weight=4847.98 1925.24 125.708 69.0195 2922.75 43.3197 1799.53 1750.75 27.7211 6.82095 1.97402 1723.03 1602.48 4.84693 2909.73 766.499 342.268 298.374 253.616 2143.23 1595.64 91.5495 84.9974 547.592 54.2216 493.371 171.326 322.045 25.3265 1504.09 1123.74 28.8951 380.35 424.231
internal_count=1749418 141689 12051 5747 1607729 3888 129638 101687 6185 841 262 95502 68822 579 1605767 1258845 1225767 1218951 1204347 346922 320058 4270 4101 26864 2203 24661 6347 18314 1251 315788 218001 952 97787 33078
is_linear=0
shrinkage=0.07


Tree=118
num_leaves=35
num_cat=0
split_feature=12 3 5 3 5 2 6 6 3 5 5 3 8 0 12 5 0 3 2 1 2 1 1 0 6 6 6 1 0 0 3 2 2 5
split_gain=7.0046 6.52 20.4183 8.01544 9.93091 13.063 31.3034 69.133 9.13766 38.2954 7.68323 8.74487 7.01125 27.2765 28.5348 6.8173 6.73188 17.2805 11.4884 7.18405 6.67959 8.52785 8.5227 6.42609 6.18911 10.2017 5.98728 5.51693 6.27475 5.43438 6.98402 12.1264 10.4894 9.89461
threshold=10.500000000000002 0.54692082111436957 0.76230831315577086 0.58123167155425226 0.88969991889699929 0.58204833141542012 0.48795005807200936 0.44783893034825878 0.57359307359307365 0.81106578276389618 0.87737200143215188 0.95713410900183726 1.5000000000000002 1.0000000180025095e-35 8.5000000000000018 0.92508503401360553 0.60136986301369866 0.75716625716625729 0.6861407249466952 0.20761494252873566 0.42179392142327654 0.46709956709956718 0.47140522875816998 0.99253731343283602 0.62087114337568072 0.64796600834054618 0.96799795186891979 0.62115563839701782 0.78629976580796257 1.0000000180025095e-35 0.42488716956802064 0.32049382716049385 0.15535444947209656 0.91445993031358896
decision_type=2 2 2 2 2 2 2 2 2 2 2 2 2 2 2 2 2 2 2 2 2 2 2 2 2 2 2 2 2 2 2 2 2 2
left_child=1 2 12 4 5 8 7 -7 23 -10 16 -12 -1 14 -14 -6 17 18 -5 -19 21 26 -23 -3 -15 -26 -4 -18 -29 -2 31 -31 -32 -34
right_child=29 3 20 10 15 6 -8 -9 9 -11 11 -13 13 24 -16 -17 27 19 -20 -21 -22 22 -24 -25 25 -27 -28 28 -30 30 32 -33 33 -35
leaf_value=-0.064359119224596278 0.028131798447503926 -0.049533643971374552 -0.0013728492191107608 -0.009697647974581055 0.19611955648820556 -0.070027237097402079 -0.071475291533762531 7.9817047757909423 0.1411180211495158 3.1942398392128935 -0.036650400447587023 0.04400716556179364 4.0939878404998877 -0.033070120805226762 -0.070226296327452795 0.05278593885665038 -0.025672339379596416 -0.09419934984861264 0.25068677570683551 0.10295578952156395 -0.071827382298516901 0.47212552145400682 0.045621178012869835 0.44136604021017772 1.1503387317915379 0.13653685695715345 0.11142905869885121 0.027459731619706718 -0.0056326863121034269 -0.0029665731563762936 -0.046366240310964882 -0.034302069113596428 1.019071862075735e-05 0.009114935295354204
leaf_weight=44.274139232483776 34.99096167447351 6.2709001480725401 72.375927667075302 33.74067309115344 2.673900866531767 0.01309764923644241 0.046644995345559437 0.0086933400380075909 0.33096176977051062 0.021434204652905464 56.994688750652131 7.4471991668688124 0.016809708238723853 1.2422881065481304 0.015496317864744924 4.1488183373585343 51.702493983422755 0.97389586392819083 0.85122545323247223 12.919272509767323 6.00171707490881 0.37577955030428611 0.59006666995992418 0.13344502449035633 0.057353780961420742 0.31998678933450719 2.3815144915133706 33.826638610429654 165.15011706738733 456.44500660463927 22.311324526046519 69.762838600489886 3020.4318010283714 725.31890397999086
leaf_count=727075 4032 22076 32266 55928 73 92 25 8 2008 1 1142 126 78 9950 75 89 83159 199 46 2122 1541 36 219 1 136 158 20 28519 29601 219344 4399 68162 366707 90005
internal_value=-0.000252861 -0.00805531 -0.0217301 -0.00342817 0.0492375 -0.0104635 0.951788 3.14215 -0.0202097 0.326822 -0.00540497 -0.0273292 -0.059076 0.0825179 2.09653 0.10896 -0.000682344 0.0231939 -0.0032902 0.0891354 -0.000743277 0.00489075 0.21156 -0.0393049 0.0423453 0.290629 0.00222063 -0.00530037 -6.87711e-06 0.000657109 0.000433237 -0.00712093 0.00148817 0.00177321
internal_weight=4834.17 504.905 127.651 377.254 13.6479 6.82518 0.068436 0.021791 6.75674 0.352396 363.606 64.4419 45.9261 1.65193 0.032306 6.82272 299.164 48.4851 34.5919 13.8932 81.725 75.7233 0.965846 6.40435 1.61963 0.377341 74.7574 250.679 198.977 4329.26 4294.27 526.208 3768.06 3745.75
internal_count=1749418 996769 771554 225215 24373 24211 125 100 24086 2009 200842 1268 737472 10397 153 162 199574 58295 55974 2321 34082 32541 255 22077 10244 294 32286 141279 58120 752649 748617 287506 461111 456712
is_linear=0
shrinkage=0.07


Tree=119
num_leaves=35
num_cat=0
split_feature=12 0 9 7 5 6 6 9 1 6 6 1 3 12 5 3 5 5 12 0 7 5 7 6 5 2 3 0 2 12 12 0 2 2
split_gain=7.27039 8.61963 7.70404 7.6265 8.1004 7.08286 17.8835 5.57984 15.0427 31.2838 9.94891 9.60497 14.5989 7.7422 10.7939 7.2005 12.6907 14.3634 14.9971 6.0798 5.83469 63.6387 31.401 11.1606 19.7864 7.97516 12.8325 7.79162 17.5992 7.52757 7.20415 7.11601 6.90285 6.80308
threshold=6.5000000000000009 0.55646630236794181 0.31666666666666671 0.56148993172586648 0.65015337423312902 0.55395010395010413 0.56612389075557867 0.92857142857142871 0.4971910112359551 0.65084061237907398 0.55190373563218398 0.78319623971797891 0.93063352044907788 18.500000000000004 0.88322510822510836 0.78830559112249265 0.6115176080433754 0.76230831315577086 41.500000000000007 0.14907407407407405 0.24705229574143436 0.4401257861635221 0.35014124293785315 0.34674373795761088 0.45478595478595479 0.77459677419354855 0.81120250685468098 0.94474969474969483 0.83910792512943055 12.500000000000002 8.5000000000000018 0.71148775894538618 0.8175416133162613 0.61633428300094983
decision_type=2 2 2 2 2 2 2 2 2 2 2 2 2 2 2 2 2 2 2 2 2 2 2 2 2 2 2 2 2 2 2 2 2 2
left_child=1 2 -1 -3 5 -5 -7 20 15 10 13 12 -12 14 -10 16 -9 18 -18 -17 25 -22 29 24 -24 31 27 28 -27 -23 -25 -2 -29 -33
right_child=7 3 -4 4 -6 6 -8 8 9 -11 11 -13 -14 -15 -16 19 17 -19 -20 -21 21 22 23 30 -26 26 -28 32 -30 -31 -32 33 -34 -35
leaf_value=-0.061889028113929365 -0.074387534937652808 -0.013006271365140206 0.0027142633167532562 -0.072702486883230166 0.019965554443141968 0.65208864021864688 0.11423513542014527 -0.060089967709200026 0.047002752569368866 0.059923016341208127 -0.030426632742741634 0.035903270432396779 -0.17574692720633203 -0.01010487664723792 -0.17294868430717095 -0.22904528407276264 0.039084418764601475 -0.0027855859073760807 0.48494787279632579 0.048359395519457539 -0.049266013829530164 0.010470405784776527 0.93999524062097506 0.016358019605701008 0.0876215865559688 -0.077946983201455738 0.0017654143549309983 0.015554894446969047 0.32478499796512372 0.065812014670975291 -0.0025504310983194517 0.077408610031818953 -0.084527975580581172 0.016157624380001501
leaf_weight=29.986098315124764 4.0209403018543517 67.429064525811555 12.951640436908745 0.48449314195749993 10.662478725804247 0.38477936473645957 1.423760703710286 17.455798108049748 28.098642975661281 69.892179336718982 13.889106549162539 6.0375061912927768 4.4799956906936123 35.806593499786686 1.1375069144414727 0.39540412669885228 34.603873906169611 433.21481645310996 0.3736482854001214 18.50221917181625 137.16928812069682 16.820007104153319 0.138559298431573 103.32035327400808 3.6154388860049949 1.4256423891492915 1333.6052864071535 4.236860739503757 0.84791253440198477 42.40819021553034 2224.2552395242874 9.4719206176960125 16.63487288512988 143.48614438893128
leaf_count=245182 11062 100358 16548 280 470 40 194 217787 5042 68156 398 1620 148 1583 123 26 5353 5466 8 2359 440142 6717 231 61004 788 129 12621 72 21 3041 534410 1506 191 6342
internal_value=-0.000302892 -0.0170808 -0.0424022 -0.00355527 0.045634 0.164991 0.228667 0.00013684 0.00608435 0.0248343 -0.00258265 -0.040693 -0.0658684 0.0117179 0.038445 0.000162894 -0.00148668 0.00069825 0.0438474 0.0425551 -0.000840153 -0.0028984 -0.000237843 -0.00151658 0.119083 0.00259684 0.000868562 -0.050807 0.0722502 0.0500957 -0.00171109 0.0175342 -0.0642116 0.0199506
internal_weight=4828.67 123.322 42.9377 80.3846 12.9555 2.29303 1.80854 4705.34 663.887 159.342 89.4494 24.4066 18.3691 65.0427 29.2361 504.546 485.648 468.192 34.9775 18.8976 4041.46 2527.73 2390.56 2331.33 3.754 1513.73 1356.75 23.1453 2.27355 59.2282 2327.58 156.979 20.8717 152.958
internal_count=1749418 363072 261730 101342 984 514 234 1386346 308069 77070 8914 2166 546 6748 5165 230999 228614 10827 5361 2385 1078277 1046333 606191 596433 1019 31944 13034 413 150 9758 595414 18910 263 7848
is_linear=0
shrinkage=0.07


Tree=120
num_leaves=35
num_cat=0
split_feature=12 3 5 0 1 3 7 3 0 0 0 7 1 7 7 2 12 7 1 9 12 3 9 9 6 9 2 5 5 3 5 0 6 12
split_gain=6.90617 6.1425 21.4714 19.6301 9.13577 13.0761 7.82865 8.51601 8.62412 7.96073 7.71223 6.99518 6.91776 6.70972 8.58647 13.2582 8.38937 7.95085 6.21684 6.17807 6.01537 7.15868 5.68897 11.3644 43.4847 17.4982 10.6463 11.7185 10.2038 13.4012 32.1332 14.7494 21.3834 13.6093
threshold=10.500000000000002 0.76277056277056288 0.71248622264210371 0.68801229508196726 0.71010186757215632 0.73375527426160347 0.44124551228942288 0.84292763157894746 0.27639257294429714 0.58919961427193834 0.67099567099567103 0.43842941909017658 0.21680376028202117 0.60049261083743855 0.5968164161459214 0.78319623971797891 5.5000000000000009 0.74736374736374744 0.6049571603427174 0.47222222222222227 9.5000000000000018 0.69282051282051305 0.31666666666666671 1.0000000180025095e-35 0.50802230802230808 0.23611111111111113 0.78979857050032498 0.73481681829358259 0.97489495798319337 0.64346246973365628 0.80788655788655805 0.62593283582089565 0.92074911499371936 11.500000000000002
decision_type=2 2 2 2 2 2 2 2 2 2 2 2 2 2 2 2 2 2 2 2 2 2 2 2 2 2 2 2 2 2 2 2 2 2
left_child=1 2 18 6 5 20 9 8 12 -3 -9 -11 -8 14 -5 -16 -15 19 -1 -18 -4 -22 23 28 -25 -26 -24 -28 29 30 -2 33 -33 -31
right_child=22 3 4 13 -6 -7 7 10 -10 11 -12 -13 -14 16 15 -17 17 -19 -20 -21 21 -23 26 24 25 -27 27 -29 -30 31 -32 32 -34 -35
leaf_value=-0.057187667126508884 -0.069633022566402844 0.063023821476353742 0.007600269728778304 -0.002880173595606988 0.10197538180723563 -0.078897308655272905 0.0756186320982358 0.10802491108901496 0.01485857212716683 -0.06450313454816145 0.33527942995483551 -0.67680669408039629 0.38756356556278765 0.092309022585311207 0.430304798090967 -0.075280821908508599 -0.048250772889849837 0.017308320831864083 -0.0038522714958909876 -0.15998016885930894 -0.037081391245088829 0.076077298647018843 0.0013446739264834648 0.046880447142914623 -0.071107345905103869 -0.016687675931322057 0.0051805266672658541 0.035509865935783924 0.017174522360704381 -0.0396943181163949 -0.0032262401238371025 0.00022721606986318986 -0.042918967998274514 0.036106630548783873
leaf_weight=60.295701966681008 46.341700164045506 3.9451106130582074 120.60224150150498 190.55624757557962 4.0181069356622166 10.910607709462054 0.90059931803989701 8.0962653669412212 10.210133330867391 3.5857859205789286 0.80443370874127218 0.093816181921283603 0.56806249504734296 2.463048363919369 0.55860072241921332 0.4663142891949974 27.151882088626738 8.8558110040612501 13.021257044385491 2.6628379473113446 29.174625761416792 3.0232592805405138 1120.1084405358388 36.746963712195793 51.203285472904099 66.622342375768312 160.05015484859177 102.33583240152802 158.00227545207599 13.338397638377499 155.55343812648789 2259.7768984372669 57.722145901061594 89.361215564305894
leaf_count=823393 189602 1222 51252 74425 76 304 57 444 1167 5900 15 33 48 80 76 16 1121 197 20551 86 16164 142 212082 23790 16090 13553 4467 70929 7677 1508 51263 154859 1671 5158
internal_value=-0.000288073 -0.00805939 -0.0161157 -0.000616689 -0.00230309 -0.00486249 0.0545353 0.0769834 0.0376726 -0.0060532 0.128564 -0.0801146 0.196276 -0.00730092 -0.00179334 0.200274 -0.0329526 -0.0409309 -0.0477152 -0.0582296 0.000423921 -0.0264562 0.000615514 -0.00112857 -0.0196024 -0.0403367 0.00431774 0.0170096 -0.000101434 -0.00114245 -0.0184688 0.000302932 -0.00084743 0.0262618
internal_weight=4819.13 501.965 241.046 260.919 167.729 163.711 28.2042 20.5795 11.6788 7.62471 8.9007 3.6796 1.46866 232.715 191.581 1.02492 41.1336 38.6705 73.317 29.8147 152.8 32.1979 4317.16 2934.67 154.573 117.826 1382.49 262.386 2780.1 2622.09 201.895 2420.2 2317.5 102.7
internal_count=1749418 996769 911882 84887 67938 67862 8886 1731 1272 7155 459 5933 105 76001 74517 92 1484 1404 843944 1207 67558 16306 752649 465171 53433 29643 287478 75396 411738 404061 240865 163196 156530 6666
is_linear=0
shrinkage=0.07


Tree=121
num_leaves=35
num_cat=0
split_feature=12 2 5 3 7 0 3 2 5 5 1 2 3 5 7 3 3 5 0 12 12 0 12 7 0 9 5 9 2 0 2 0 3 5
split_gain=6.05571 5.57928 16.031 13.3251 11.5913 9.98739 17.3956 11.1148 15.0596 9.2858 7.27535 11.7597 8.7346 18.4537 8.58075 10.2602 7.20382 10.6528 11.1046 7.71327 10.4312 11.3417 7.17259 6.53137 6.14661 6.11272 6.46472 6.08866 6.93613 5.77732 5.6972 12.3532 6.05247 5.35898
threshold=10.500000000000002 0.70152654363180689 0.54246303642264715 0.78346121057118523 0.20626738667975789 0.72871572871572876 0.81302966101694929 0.70396452790818997 0.77629499561018456 1.0000000180025095e-35 0.81530214424951286 0.78319623971797891 0.7206557377049182 0.62815215087942378 0.25701179554390569 0.77871939736346529 0.85313725490196091 0.59731240981240996 0.7593103448275863 9.5000000000000018 6.5000000000000009 0.58919961427193834 4.5000000000000009 0.4289198606271778 0.87226107226107241 0.23611111111111113 0.54592314901593253 0.92857142857142871 0.69113355780022456 0.84292763157894746 0.86526825332795487 0.95713410900183715 0.89512961508248245 0.65465367965367982
decision_type=2 2 2 2 2 2 2 2 2 2 2 2 2 2 2 2 2 2 2 2 2 2 2 2 2 2 2 2 2 2 2 2 2 2
left_child=1 2 4 10 -1 6 7 8 -5 -8 11 14 -13 -14 15 -3 19 27 23 20 22 -22 -4 -19 -20 -21 -27 28 -18 -12 -7 32 -32 -16
right_child=-2 3 16 5 -6 30 9 -9 -10 -11 29 12 13 -15 33 -17 17 18 24 25 21 -23 -24 -25 -26 26 -28 -29 -30 -31 31 -33 -34 -35
leaf_value=-0.009413007090628903 0.00057209422838158859 0.12114410186745402 0.049928839920261918 -0.0701447542097937 -0.066527539625607701 -0.016943779512020453 0.57423080829988549 -0.11048832291884673 -2.1540355312266048 0.10821595612673585 0.23864626841516465 0.088877792044511808 0.24552632533239174 0.99598289545759289 -0.085806513371490784 0.57003585703196402 0.078902190368619549 -0.069587784553640383 -0.10621694448944671 -0.056722742557563398 0.018578414754943619 -0.032934428527504028 -0.039959993670895914 0.10927598255674185 0.0043748224333411976 0.4994505511527757 -0.0096405733476334007 0.52875917381356496 0.48011822809415766 -0.069620333227775472 0.10227026615430533 -0.015764199768708024 0.025227239688678078 0.070530623036402409
leaf_weight=30.277687968940427 4310.8449636226596 1.082561801194968 4.8470126330112171 0.036977072333683192 40.973614573632403 93.511015343901818 0.21707772347144771 1.1995534265079184 0.031441077589988708 6.014228126136004 0.34474281364236903 0.64277559711626941 0.65571217732212972 0.21261805633548647 1.428613797193975 0.32422277004661726 1.3852193483471626 1.1582097599748502 2.740856122167318 26.667395037557526 100.14536488161502 26.481050867063459 42.395339487349702 7.3399541600083467 24.252625035762321 0.12291531936171196 21.714890483211093 0.2245960384607314 0.24910105654271308 2.1923679756146157 7.6602744515403201 32.778292553237407 14.368168515342402 4.3327825573505834
leaf_count=10361 752649 442 5167 100 665863 25243 36 780 1 1009 33 88 279 13 2820 47 541 27 251 33399 45460 2970 181063 220 567 1255 14832 2 25 401 304 2245 809 116
internal_value=-0.000272206 -0.0075806 -0.0128441 0.00284893 -0.0422572 -0.00245566 0.0763584 -0.159984 -1.02778 0.12445 0.0765397 0.10702 0.284485 0.429282 0.0696096 0.224601 -0.00477505 0.0236706 0.0151151 -0.00955287 -0.002667 0.00780567 -0.0307375 0.0848987 -0.00685441 -0.0342355 -0.00677513 0.187019 0.140055 -0.027733 -0.00644067 0.0114797 0.0520185 0.0317648
internal_weight=4808.85 498.009 330.976 167.033 71.2513 155.817 7.49928 1.26797 0.0684181 6.23131 11.2164 8.67929 1.51111 0.86833 7.16818 1.40678 259.725 37.3506 35.4916 222.374 173.869 126.626 47.2424 8.49816 26.9935 48.5052 21.8378 1.85892 1.63432 2.53711 148.318 54.8067 22.0284 5.7614
internal_count=1749418 996769 962003 34766 676224 30527 1926 881 101 1045 4239 3805 380 292 3425 489 285779 1633 1065 284146 234660 48430 186230 247 818 49486 16087 568 566 434 28601 3358 1113 2936
is_linear=0
shrinkage=0.07


Tree=122
num_leaves=35
num_cat=0
split_feature=9 1 5 12 1 6 5 6 6 5 6 12 6 0 12 1 0 12 0 1 2 10 1 2 6 12 5 5 0 12 6 0 0 12
split_gain=5.69023 12.6167 17.1698 9.12305 8.6732 8.24148 7.50099 7.60098 6.89033 56.5433 24.9413 14.5076 10.6596 9.99371 9.22397 8.93158 22.1022 10.3563 7.99228 23.3791 9.52208 6.46588 7.29993 6.02059 5.69986 7.94039 7.10541 5.44167 14.3096 12.954 11.3349 8.64462 12.1967 5.96622
threshold=0.47222222222222227 0.84889995848899968 0.73481681829358259 6.5000000000000009 0.42776886035313011 0.99779735682819382 0.44912747707778772 0.34674373795761088 0.2440886240923478 0.45478595478595479 0.45846602972399159 12.500000000000002 0.53070896605087536 0.90070422535211281 21.500000000000004 0.79205974842767291 0.89725545390570038 12.500000000000002 0.94474969474969483 0.89699381078691431 0.83438818565400863 1.0000000180025095e-35 0.94185260311020957 0.83438818565400863 0.41396725879484514 35.500000000000007 0.39892473118279576 0.80136054421768721 0.55217785843920153 22.500000000000004 0.45625809490168379 0.89725545390570038 0.77459677419354855 40.500000000000007
decision_type=2 2 2 2 2 2 2 2 2 2 2 2 2 2 2 2 2 2 2 2 2 2 2 2 2 2 2 2 2 2 2 2 2 2
left_child=3 6 21 4 -1 8 7 -2 13 12 11 -11 -10 15 -12 16 -5 -17 19 -15 -20 22 -3 27 26 -26 -23 28 29 -8 -30 32 -29 -33
right_child=1 2 -4 5 -6 -7 23 -9 9 10 14 -13 -14 18 -16 17 -18 -19 20 -21 -22 24 -24 -25 25 -27 -28 31 30 -31 -32 33 -34 -35
leaf_value=-0.057576534722108184 0.0040959411716229559 0.018548515242033665 0.054574603996962713 0.0012037938967815799 -0.010018757649621939 0.044585208218891392 0.036123947821180544 -0.058157787819872644 -0.052101036667232238 -0.0095589482944403899 0.0006118808828081318 0.042575522535925087 0.7131019842939863 -0.06318607844636337 -0.0098442864140079519 0.15363450311476523 0.84640250211162937 0.039861066553884238 0.015449183666024897 0.025631871577915129 -0.00026277385738013884 0.00026234672828885018 0.10906086691134488 0.058453952403248542 -0.040442185004759983 0.071760143894146824 0.076053623319287028 -0.0020338367366318933 0.04595869385752515 -0.015364419692126532 -0.015103786673973529 0.055067107843209888 -0.081445970742169652 -0.0092403051978258398
leaf_weight=26.004928638500587 17.939374449076695 26.732642478775237 53.124937414540909 25.206592619816096 67.72822787081941 19.255961677525192 113.48859425032106 20.698676606841218 115.54941408975264 36.0086583040802 1110.0843540493447 95.568278092639048 0.0892724582390646 32.883730573521461 658.70067775058124 5.2047888093511601 0.15252277842955564 15.885418345540527 227.2362271900347 26.006776309222914 1123.3065560473478 46.42088421061635 5.2184662731015115 9.2282681068027141 27.207655984209854 3.4865817569661877 6.9712464595213524 688.5970683413907 17.206117292880663 30.345283166068839 110.93857549074892 21.599805075326003 9.6090768165595346 10.508505261561366
leaf_count=231718 70429 727 62109 11118 118602 1182 156947 229819 321374 27419 414997 13354 41 631 34774 194 23 421 1814 153 7750 299 312 3925 822 933 167 15297 928 2967 3705 5985 2097 6385
internal_value=-0.000256956 0.00387381 0.0216152 -0.00166195 -0.023213 -0.00108333 0.00101598 -0.0292538 -0.00133662 -0.00398666 -0.00109481 0.0283079 -0.0515103 0.00233297 -0.00328203 0.03428 0.00628725 0.0679389 0.00128012 -0.023963 0.00238085 0.00652555 0.0333316 0.00217222 -0.0036602 -0.027697 0.0101582 0.00165403 0.0101059 0.0252612 -0.00690487 -0.00149357 -0.00312675 0.0340204
internal_weight=4804.19 1219.32 169.162 3584.87 93.7332 3491.14 1050.16 38.6381 3471.88 2016 1900.36 131.577 115.639 1455.88 1768.79 46.4493 25.3591 21.0902 1409.43 58.8905 1350.54 116.037 31.9511 1011.52 84.0864 30.6942 53.3921 1002.29 271.979 143.834 128.145 730.314 698.206 32.1083
internal_count=1749418 563853 65369 1185565 350320 835245 498484 300248 834063 811959 490544 40773 321415 22104 449771 11756 11141 615 10348 784 9564 3260 1039 198236 2221 1755 466 194311 164547 159914 4633 29764 17394 12370
is_linear=0
shrinkage=0.07


Tree=123
num_leaves=35
num_cat=0
split_feature=9 1 6 8 9 6 6 6 12 1 6 12 12 0 9 6 0 2 0 1 0 0 1 1 0 9 6 12 0 6 2 9 12 7
split_gain=5.11214 13.4327 27.0457 10.6619 12.1145 10.9402 10.3528 7.40705 7.02808 9.90011 14.3904 11.2727 11.0338 19.8926 9.7378 8.47532 8.42654 28.3006 14.8822 19.4809 17.4343 12.9772 11.6759 11.4734 11.3108 9.93426 9.09265 8.27817 7.47065 7.39946 11.0728 7.64207 7.02434 6.99926
threshold=0.92857142857142871 0.4971910112359551 0.68194955333683671 1.5000000000000002 0.61250000000000016 0.83393285371702663 0.52839964805943895 0.34058313632781728 11.500000000000002 0.45748709122203107 0.53579972658920039 9.5000000000000018 7.5000000000000009 0.43557312252964431 0.47222222222222227 0.9788721916381492 0.62115563839701782 0.56070175438596503 0.95293466223698797 0.62115563839701782 0.73401360544217698 0.55217785843920153 0.56070175438596503 0.46709956709956718 0.99253731343283602 0.47222222222222227 1.0000000180025095e-35 16.500000000000004 0.14907407407407405 0.21722278395685882 0.99253731343283602 0.14835164835164838 11.500000000000002 0.61356664807585071
decision_type=2 2 2 2 2 2 2 2 2 2 2 2 2 2 2 2 2 2 2 2 2 2 2 2 2 2 2 2 2 2 2 2 2 2
left_child=3 -2 7 8 6 -6 -5 -3 9 11 29 12 28 -14 15 -13 17 21 19 26 -21 23 -23 -10 27 -26 -18 -20 -1 30 -11 -31 33 -9
right_child=1 2 -4 4 5 -7 -8 32 16 10 -12 14 13 -15 -16 -17 18 -19 24 20 -22 22 -24 -25 25 -27 -28 -29 -30 31 -32 -33 -34 -35
leaf_value=0.053084878148922418 -7.7513199330990964e-05 0.07588517505329917 0.060322189631627818 0.020179683498255926 0.01802359482868688 -0.030619120324489196 -0.04400015840188496 0.059436593773087791 0.0014261048568536673 0.0076804455521183443 0.014343331252825848 -0.050841068673661054 0.058984344176720022 -0.067979319699509419 0.0066580256180899444 0.5709668446371019 0.087287370120269797 0.04825745616267698 0.086612669655519114 0.022415143940298393 -0.012821622004854909 -0.071678353123808047 0.033379098281420966 0.033998253434538349 1.0097348349245322e-05 0.021896094925330897 -0.043956792145287978 0.0089796979136680978 -0.027688375224238126 -0.04310788400047387 -0.036961446235036416 0.0026075948377888478 -0.012745290269557036 -0.085281288879761524
leaf_weight=6.1641977222000142 510.01534755828652 6.0051643846454672 59.928499475325225 14.449070608003238 62.210195040411691 35.633235032844823 83.409341121598118 12.519528459530191 468.84325257548198 113.16996177340479 170.26087649322926 72.338041631525584 25.333105045278216 7.9427125806000722 18.769343544966887 0.10756853222846885 2.6610909551964133 75.894641712497105 13.095718560041862 88.376166718197055 310.65975823579356 20.093767983824367 6.9857503753519259 59.742222906681491 2078.1909531195997 106.84964790794766 92.380580507669947 13.84663071419345 62.489289707554235 58.188006015027895 35.849044675764162 25.889775459256953 77.141470309881697 1.8840181931591349
leaf_count=13953 235624 716 67309 16419 13339 3281 7369 2271 250386 8561 15736 273180 51569 6965 134388 1 702 4016 372 7474 54474 3158 955 6364 85630 8843 24788 1054 281819 148124 263 13126 7148 41
internal_value=-0.000243431 0.00544042 0.0233109 -0.0011621 -0.017109 0.000308585 -0.0345238 0.000573645 -0.000368826 -0.00736733 -0.00112699 -0.0203995 -0.00440192 0.028679 -0.0382762 -0.0499178 0.000881952 0.00816253 -0.000817241 -0.0118011 -0.00501759 0.00268622 -0.0445765 0.0051075 0.00163616 0.00108033 -0.0402821 0.0467143 -0.020436 -0.012427 -0.00305892 -0.0290309 -0.00436664 0.0405072
internal_weight=4797.32 667.494 157.479 4129.82 195.702 97.8434 97.8584 97.5502 3934.12 596.502 403.358 193.144 101.929 33.2758 91.215 72.4456 3337.62 631.56 2706.06 494.078 399.036 555.665 27.0795 528.585 2211.98 2185.04 95.0417 26.9423 68.6535 233.097 149.019 84.0778 91.545 14.4035
internal_count=1749418 313109 77485 1436309 40408 16620 23788 10176 1395901 947685 185810 761875 354306 58534 407569 273181 448216 264879 183337 87438 61948 260863 4113 256750 95899 94473 25490 1426 295772 170074 8824 161250 9460 2312
is_linear=0
shrinkage=0.07


Tree=124
num_leaves=35
num_cat=0
split_feature=0 3 0 5 9 8 1 3 6 5 5 5 5 3 1 8 0 3 6 5 3 3 7 8 0 1 3 5 0 3 5 5 5 8
split_gain=4.91963 6.78389 16.6668 8.59833 8.3737 14.8655 9.22396 8.10279 19.1166 14.6822 11.0679 17.3826 7.79272 7.182 6.97198 7.36696 6.28891 5.74252 5.49904 5.44013 6.63495 7.35354 5.90966 4.87935 9.17502 4.66415 12.6066 6.31311 5.74346 9.11218 7.77816 4.56794 4.30725 4.25016
threshold=1.0000000180025095e-35 0.42020373514431242 0.32071428571428579 0.62084711069122978 0.92857142857142871 1.5000000000000002 0.20761494252873566 0.79205974842767291 0.61298427621980889 0.72776679841897229 0.99773755656108609 0.9201769911504426 0.95683229813664605 0.42967032967032975 0.24807692307692311 5.5000000000000009 0.15535444947209656 0.58397435897435901 0.99779735682819382 0.86512474012474017 0.40270270270270275 0.39250700280112055 0.94297328687572601 1.0000000180025095e-35 0.55646630236794181 0.19836065573770492 0.58123167155425226 0.97489495798319337 0.32305502846299822 0.45773809523809533 0.77291825821237603 0.9788353863381859 0.89687399291008718 1.5000000000000002
decision_type=2 2 2 2 2 2 2 2 2 2 2 2 2 2 2 2 2 2 2 2 2 2 2 2 2 2 2 2 2 2 2 2 2 2
left_child=-1 2 3 -2 18 7 12 10 9 -9 11 -6 32 -12 17 -16 -10 -8 25 -4 21 -21 -23 -20 -25 26 27 -3 30 -30 -27 -22 -7 -5
right_child=1 4 19 33 5 6 14 8 16 -11 13 -13 -14 -15 15 -17 -18 -19 23 20 31 22 -24 24 -26 28 -28 -29 29 -31 -32 -33 -34 -35
leaf_value=0.024417878488564169 -0.051283553541227711 -0.011212994611330969 -0.065233757297060879 0.002465882522595662 -0.010165954555597868 -0.067851883421542289 0.1415707871007035 0.0055619341578979978 -0.40482602035661741 -0.10504118292350988 0.033397926265493483 0.050724610492115699 0.045289376545616239 -0.047526005112096717 0.034489783132314426 -0.17250226576395272 0.058638335090253513 0.00024877144222368064 0.070653115895116164 -0.036671350954047978 -0.025414797322272566 0.048919344757443695 -0.044131879860566693 -0.11343741694294336 0.07045496159888788 -0.02622337561891239 -0.062605724743518221 0.078586123242529601 -0.034812609842077485 -0.00054436163084389442 0.021067483215294239 -0.1215726907364862 -0.24147220526756358 -0.013124338095197446
leaf_weight=39.355620048237142 17.364755124031262 11.466419763525211 24.420510191173662 369.87326916322672 105.68586174308939 3.5608100255049058 5.2994842370244433 56.20177314511966 0.14400804229080577 6.5683517475263207 6.2092934343963853 29.352921023091767 2.9200891128275543 39.941769605356967 93.804746206853451 0.8501491871138559 37.880365016404539 1.9190982470754532 9.8875865254085493 25.749118437903235 4.4874004204903013 12.016813498266858 4.6340670972131184 2.4154284619726232 2.9570146790938452 20.078582575841665 20.274330771746463 5.7647808720357707 38.432881311252004 3556.1966756915735 112.68247297236667 5.2561841289279982 0.87152312556281675 111.51691932222093
leaf_count=9812 356076 17178 202781 187176 91752 242 289 2335 3 1049 55 1294 119 1626 28630 253 44583 78 828 3940 1058 1575 45 64 1073 120463 3492 82 94059 555586 17978 121 14 3709
internal_value=-0.000229332 -0.000433687 -0.00755938 -0.0028913 0.000549096 0.0102983 0.0322229 0.00180581 0.0177151 -0.00601173 -0.00704442 0.00306962 -0.0434969 -0.0366383 0.0376878 0.0326307 0.0568831 0.104 -0.00045985 -0.0379683 -0.025199 -0.013229 0.0230225 0.041476 -0.0122223 -0.000629826 -0.0251918 0.0188297 -0.00038268 -0.000910749 0.0139153 -0.0772872 -0.101991 -0.00114569
internal_weight=4786.04 4746.69 575.319 498.755 4171.37 391.21 109.226 281.984 100.794 62.7701 181.19 135.039 7.35242 46.1511 101.873 94.6549 38.0244 7.21858 3780.16 76.5641 52.1436 42.4 16.6509 15.26 5.37244 3764.9 37.5055 17.2312 3727.39 3594.63 132.761 9.74358 4.43233 481.39
internal_count=1749418 1739606 756481 546961 983125 172322 29625 142697 47970 3384 94727 93046 375 1681 29250 28883 44586 367 810803 209520 6739 5560 1620 1965 1137 808838 20752 17260 788086 649645 138441 1179 256 190885
is_linear=0
shrinkage=0.07


Tree=125
num_leaves=35
num_cat=0
split_feature=12 2 1 5 7 7 6 5 1 6 7 12 6 6 5 6 7 2 5 1 1 5 5 12 7 6 2 7 9 8 9 5 1 6
split_gain=4.7358 4.60583 7.66839 7.61252 22.2206 4.52603 29.9093 69.0867 4.19296 5.65552 5.5096 4.24878 6.84283 11.9337 4.08624 26.4659 36.7435 5.90519 5.7455 5.84985 5.10814 4.0765 35.7027 3.90843 5.87927 3.89452 3.84461 5.3884 3.71718 10.6519 9.49244 9.87453 9.07883 28.2264
threshold=10.500000000000002 0.86526825332795487 0.88067796610169491 0.54912120288529931 0.20626738667975789 0.54872652708827985 0.45105410585286748 0.54246303642264715 1.0000000180025095e-35 0.46192500966370315 0.53866082104424085 13.500000000000002 0.7013956193060672 0.76967285587975265 0.60625610948191599 0.31612258494337114 0.42702481273408249 0.82009247583018086 0.59476565172767715 0.81872946330777663 0.28759398496240607 0.7002824858757063 0.6971087016958577 4.5000000000000009 0.79001971158833917 0.64140689089417569 0.091966173361522255 0.97489495798319337 0.92857142857142871 1.5000000000000002 0.61250000000000016 0.9831455354606573 0.4971910112359551 0.68194955333683671
decision_type=2 2 2 2 2 2 2 2 2 2 2 2 2 2 2 2 2 2 2 2 2 2 2 2 2 2 2 2 2 2 2 2 2 2
left_child=1 3 -3 4 -1 -6 7 -7 9 21 -11 12 -12 -14 15 16 -5 23 19 -17 -20 22 -2 24 -16 -25 27 -10 29 -28 31 -31 -30 -34
right_child=8 2 -4 14 5 6 -8 -9 26 10 11 -13 13 -15 17 18 -18 -19 20 -21 -22 -23 -24 25 -26 -27 28 -29 32 30 -32 -33 33 -35
leaf_value=-0.00032603988330040588 -0.070022142739354989 0.063624606303893688 -0.00095560757295158789 -0.070122421546469804 -0.064042053866463694 0.60189542702484644 -0.070382553884010282 6.5337749140316257 -0.045158192168120143 -0.086204441342444774 -0.072674098981002078 0.01692606330686482 0.3832701151754867 0.06514651423598232 0.036484447189040828 -0.010163974433329221 4.5498959223389033 -0.060002736434699305 0.30227065737621528 0.15540151770786778 0.07005141718968369 0.13171020460663571 3.083490597900965 -0.013789732430962922 0.41912358320504262 0.0028955201167992226 0.0004850752302596479 0.096567588392873396 0.0007877224759706736 -0.041742629964188802 -0.0010638461210521928 0.032549382617941561 -0.0030993404811559379 0.061842554575781264
leaf_weight=76.04190900606045 0.084947757419285064 11.329886518447891 43.991506411635783 0.019033540756935419 47.023136944480484 0.10414010448766831 0.69197666179115913 0.010599920789900352 15.394606057558123 2.2673797257048127 0.93086731397488875 27.519869015712175 0.76719485243666019 2.3405562347033992 7.1525124090021555 11.100986093518712 0.01514837249123957 9.3120091974851658 0.56074777900857897 1.1544293118640769 2.6945229335669865 1.1582809482351875 0.022186184301972389 125.71608890465768 0.20232777448836703 150.73334217421416 3468.9570785972383 1.437210178002714 453.04568103626389 78.175805412363843 89.77269379313293 9.8737769878935051 87.72876312533117 52.372063537375652
leaf_count=12073 828 927 2685 144 691802 1282 8730 129 4326 706 1093 1069 183 82 2702 61183 6 201 6956 46 9588 21 1 145484 4 52827 574891 20 64623 15902 13560 341 8059 66944
internal_value=-0.000212348 -0.00674774 0.0122705 -0.00918019 -0.0238393 -0.0612216 0.103179 1.14989 0.000530529 0.0246283 0.0191929 0.0267654 0.0938123 0.14368 -0.0032972 0.0316768 1.97733 -0.00515198 0.027389 0.00543188 0.110053 0.169921 0.583033 -0.00335225 0.0470106 -0.00469214 0.000331875 -0.0330567 0.000464423 -0.000371472 -0.017081 -0.0334116 0.00560367 0.021177
internal_weight=4779.7 487.854 55.3214 432.533 123.872 47.8299 0.806717 0.11474 4291.85 35.0913 33.8259 31.5585 4.03862 3.10775 308.661 15.5449 0.0341819 293.116 15.5107 12.2554 3.25527 1.26541 0.107134 283.804 7.35484 276.449 4256.76 16.8318 4239.93 3646.78 177.822 88.0496 593.147 140.101
internal_count=1749418 996769 3612 993157 714016 701943 10141 1411 752649 3983 3133 2427 1358 265 279141 77923 150 201218 77773 61229 16544 850 829 201017 2706 198311 748666 4346 744320 604694 29803 16243 139626 75003
is_linear=0
shrinkage=0.07


Tree=126
num_leaves=35
num_cat=0
split_feature=12 2 5 7 3 0 3 0 0 3 0 5 5 12 12 0 8 7 3 12 5 0 0 7 3 2 7 1 5 2 6 5 7 6
split_gain=5.21543 4.88501 15.9227 11.3831 11.1597 8.55999 13.8702 6.16086 7.46804 6.10062 9.33351 7.70069 9.15747 7.27228 7.77742 9.9343 7.15271 6.45201 6.59159 6.02113 5.57414 33.9192 5.53652 5.38822 4.94818 15.8787 4.49445 4.26129 4.5368 4.09889 9.62616 3.86745 3.54857 10.4041
threshold=10.500000000000002 0.70152654363180689 0.55230987917555097 0.20626738667975789 0.78346121057118523 0.72871572871572876 0.81302966101694929 0.90070422535211281 0.78319623971797903 0.84292763157894746 0.68801229508196726 0.59731240981240996 0.5626871257485031 9.5000000000000018 6.5000000000000009 0.58919961427193834 1.5000000000000002 0.44394167923579692 0.94665718349928885 4.5000000000000009 0.693997599039616 0.79118217054263573 0.74464204286365721 0.61356664807585071 0.81892697466467967 0.72377109317681587 0.55919074555368709 0.80206185567010324 1.0000000180025095e-35 0.70396452790818997 0.57080200501253142 0.99773755656108609 0.74736374736374744 0.71919968460477046
decision_type=2 2 2 2 2 2 2 2 2 2 2 2 2 2 2 2 2 2 2 2 2 2 2 2 2 2 2 2 2 2 2 2 2 2
left_child=1 2 3 -1 7 6 -6 8 -3 13 17 12 -12 14 19 -16 22 -11 -19 -4 21 -10 -15 29 25 -8 -13 28 -9 30 -7 -18 33 -25
right_child=-2 4 9 -5 5 23 24 27 20 10 11 26 -14 16 15 -17 31 18 -20 -21 -22 -23 -24 32 -26 -27 -28 -29 -30 -31 -32 -33 -34 -35
leaf_value=-0.0091263157059570423 0.00048983333896466348 0.060638711836212493 0.046755362427308877 -0.066128057368156537 -0.13219029094857826 0.081614012118805757 0.082569246316876746 0.14732624560905377 1.7100175453255586 -0.062238564872679474 0.56883021743584816 0.030463048010816309 0.085668403568102902 -0.04839635656494163 0.016776676289345184 -0.032436163045030782 0.022583461665951269 0.15179561945661169 -0.015727185236268371 -0.036176772115121991 0.070277138046387758 0.21380976841834548 0.054991490200726266 -0.024063141096011969 0.096552281692375327 0.98391579306407828 -0.027016656428460968 -0.081237523812405801 -0.081890167550375842 -0.0020760302122219201 0.94030938364583982 0.19699990361259667 0.016991676349109395 -0.16374770376860703
leaf_weight=30.06717717274455 4288.6280259150544 5.4655582791237958 4.8145175550480408 40.008959630138406 1.3597614806312766 0.86022208039503212 0.34822765916760534 1.2382399532943966 0.078612337463710324 1.1736442921101105 0.21888938502525235 10.822294301324293 1.5772802986029999 39.305071959397992 101.0998527948841 25.086368463664257 3.2106330653077744 5.3147606091515627 1.4690156490687512 39.353392318231272 0.85150272757164192 1.3359246240361242 2.7132105202472294 10.708970643288923 5.7271491393694305 0.13209967988950666 17.354918664554134 1.8202440945606211 0.64273681399936311 127.22918601043057 0.069108337280340493 0.77290068333968509 3.9359071337967171 3.4559970645932472
leaf_count=10361 752649 2578 4643 678371 881 510 114 19 88 30 106 397 342 45060 42983 2695 661 116 94 175229 25 743 350 266 887 44 549 382 404 27599 6 16 134 86
internal_value=-0.000291579 -0.00713601 -0.0121268 -0.0416706 0.00265963 -0.00229946 0.0702964 0.0693833 0.104937 -0.00398511 0.0219096 0.0040183 0.144549 -0.00852489 -0.0018559 0.00699295 -0.0332215 0.0893013 0.115519 -0.0271368 0.211781 0.296961 -0.0417204 -0.00605546 0.114652 0.330458 -0.00493987 -0.00488507 0.0690021 -0.00100612 0.14547 0.0564244 -0.041806 -0.0581437
internal_weight=4778.25 489.622 324.363 70.0761 165.259 153.827 7.56724 11.4328 7.7316 254.287 37.9308 29.9734 1.79617 216.356 170.354 126.186 46.0018 7.95742 6.78378 44.1679 2.26604 1.41454 42.0183 146.259 6.20748 0.480327 28.1772 3.70122 1.88098 128.159 0.92933 3.98353 18.1009 14.165
internal_count=1749418 996769 962003 688732 34766 30527 1926 4239 3434 273271 1634 1394 448 271637 225550 45678 46087 240 210 179872 856 831 45410 28601 1045 158 946 805 423 28115 516 677 486 352
is_linear=0
shrinkage=0.07


Tree=127
num_leaves=35
num_cat=0
split_feature=12 3 5 2 1 6 2 1 8 9 6 2 2 8 5 3 6 5 12 1 1 9 6 5 9 8 6 9 5 5 3 5 6 12
split_gain=4.6337 4.52874 16.6436 4.79552 6.22681 4.90598 4.99894 4.51792 4.26072 6.13981 5.07379 4.17229 6.59325 5.57059 5.26497 5.56256 5.15896 5.04447 4.3244 29.8596 211.253 8.51284 7.52524 6.34792 3.95949 9.84665 37.392 16.1135 8.16715 8.11373 11.4791 29.4896 11.3711 11.1917
threshold=10.500000000000002 0.55245781364636837 0.76230831315577086 0.42179392142327654 0.46709956709956718 0.96799795186891979 0.41897974493623408 0.47140522875816998 1.5000000000000002 0.92857142857142871 0.62087114337568072 0.275185936443543 0.43951219512195122 2.5000000000000004 0.87737200143215188 0.58123167155425226 0.88322510822510836 0.87112743532417769 3.5000000000000004 0.4971910112359551 0.51113310242454246 0.47222222222222227 0.41519744303536454 0.88969991889699929 0.31666666666666671 1.0000000180025095e-35 0.50802230802230808 0.23611111111111113 0.62973194188663817 0.97489495798319337 0.64346246973365628 0.80788655788655805 0.92074911499371936 11.500000000000002
decision_type=2 2 2 2 2 2 2 2 2 2 2 2 2 2 2 2 2 2 2 2 2 2 2 2 2 2 2 2 2 2 2 2 2 2
left_child=1 2 8 4 5 6 -4 -6 -1 -10 -11 16 18 14 17 -16 -3 -14 19 21 -21 -13 -20 -24 25 29 28 -28 -27 30 31 -2 -32 -33
right_child=24 11 3 -5 7 -7 -8 -9 9 10 -12 12 13 -15 15 -17 -18 -19 22 20 -22 -23 23 -25 -26 26 27 -29 -30 -31 32 33 -34 -35
leaf_value=-0.06196077288618012 -0.068700276030879345 -0.036572604231809941 -0.0028264134506793379 -0.060221433980235474 0.32509169407607275 0.10235057010049073 0.22926995412902418 0.041201270728739449 -0.070864744570447086 0.01443199133779615 0.31768818185193859 -0.070692111168274285 -0.0021917016930190106 0.10694792703055404 0.068365080421798674 -0.030819531276027469 -0.27298687002424726 0.11501409214993399 -0.048248384776592747 17.226158730355291 -0.070039329702994563 0.40769165680516289 0.013830318646575633 0.085937467862353026 0.0035681326079072579 0.010378389041697376 -0.068138504299027805 -0.015305175942082933 0.076293004850559357 0.015432635253562012 0.0011900514709565957 -0.051183318704248075 -0.027208928699200486 0.0043611868894190935
leaf_weight=36.662654992508578 42.699613477015191 9.2421653260607819 71.142436967194953 6.0901989693411442 0.49938812166510504 2.307788072153925 0.4576383603271087 0.61046333555714227 1.2352433112073404 0.57359904452823685 0.51133238011971116 0.48792620645326579 266.97926847988492 2.1771596124599446 2.9305454740533596 50.78074805875076 0.47555592516437251 1.8115504699526344 5.701052085823906 0.0040471394167980171 0.023857791733462363 0.2909646599291591 16.065554274358878 9.5316261547850427 1365.1339723309657 18.563704230627991 49.418278200701025 66.146429685857584 18.282157491585167 156.58076285163406 2345.8299644883373 20.486842181388056 71.182962585240602 134.28678791200218
leaf_count=729151 189602 7721 32134 1576 36 20 145 222 8954 1437 22 2121 177986 82 53 1007 8 34 19921 71 211 61 13608 188 287478 22376 16090 13553 1414 7677 161407 17146 1789 34117
internal_value=-0.000278952 -0.00675249 -0.0185499 -0.000483473 0.00436626 0.0018949 -0.00134295 0.16894 -0.0561391 0.0358539 0.157358 -0.00288686 -0.00165424 -0.00464654 -0.00539989 -0.0254079 -0.048142 -0.00140178 0.0286069 0.188619 2.43848 0.108014 0.0244822 0.0406809 0.000455546 -0.000997893 -0.0183203 -0.037898 0.0430839 -4.51487e-05 -0.000972108 -0.0171993 0.000353679 -0.00299104
internal_weight=4775.2 486.593 120.091 81.1079 75.0177 73.9079 71.6001 1.10985 38.9828 2.32017 1.08493 366.502 356.784 324.679 322.502 53.7113 9.71772 268.791 32.105 0.806796 0.0279049 0.778891 31.2982 25.5972 4288.61 2923.48 152.411 115.565 36.8459 2771.07 2614.49 197.473 2417.01 154.774
internal_count=1749418 996769 773697 34133 32557 32299 32279 258 739564 10413 1459 223072 215343 179162 179080 1060 7729 178020 36181 2464 282 2182 33717 13796 752649 465171 53433 29643 23790 411738 404061 240865 163196 51263
is_linear=0
shrinkage=0.07


Tree=128
num_leaves=35
num_cat=0
split_feature=12 2 1 1 0 2 7 12 1 7 2 9 2 1 5 8 5 9 5 7 7 7 5 5 9 7 5 1 12 1 5 0 0 2
split_gain=568.853 630.361 58177.7 37033.6 3035.09 444.582 9.88584 4.60536 9.80903 9.54454 4.33126 6.61579 3.90357 4.1337 3.99614 3.91433 3.43578 3.38531 3.33963 31.6892 23.3136 20.5288 15.5412 12.0677 11.2698 15.6911 12.5054 8.08377 7.62765 11.0958 7.2678 7.32306 6.98383 6.54537
threshold=3.5000000000000004 0.43792808219178087 0.4971910112359551 0.51113310242454246 0.55646630236794181 0.41444372153545878 0.79001971158833917 6.5000000000000009 0.40936473165388831 0.9201769911504426 0.42761904761904768 0.47222222222222227 0.61257406188281782 0.14907407407407411 0.91445993031358896 1.5000000000000002 0.61410415803287755 0.47222222222222227 0.54912120288529931 0.24085229808121375 0.48019607843137252 0.45622551524442179 0.96571316614420077 0.52316636851520582 0.19090909090909094 0.38119783996072659 0.52957074721780617 0.76417112299465251 12.500000000000002 0.81872946330777663 0.32954104718810601 0.90070422535211281 0.94474969474969483 0.87007672634271105
decision_type=2 2 2 2 2 2 2 2 2 2 2 2 2 2 2 2 2 2 2 2 2 2 2 2 2 2 2 2 2 2 2 2 2 2
left_child=1 2 6 4 5 -4 10 8 9 12 -1 -12 13 14 -2 -15 -3 -10 19 30 24 22 28 27 26 -26 -21 -22 29 -20 31 33 -33 -9
right_child=7 16 3 -5 -6 -7 -8 18 17 -11 11 -13 -14 15 -16 -17 -18 -19 21 20 23 -23 -24 -25 25 -27 -28 -29 -30 -31 -32 32 -34 -35
leaf_value=0.011630760904816975 -0.017971381789779861 -0.077313868108523837 -72.708575490057257 -0.070030191017592988 -116.89398935975431 -89.885679756294721 0.70720643940258887 0.015938602653800784 -0.0088417260233860911 0.63727817605305626 -0.070520719894654832 0.86246139371886588 0.12745162497335866 -0.071718751459778768 0.19656398813614931 0.044085920471064938 0.049768469479488875 0.02874417504764579 0.020548999708904572 -0.048787951661113126 -0.024813517121138651 -0.00033833648807790433 -0.034339675744071263 -0.021034469434338135 0.015841729750582425 -0.037472953650931798 0.0324563086096432 0.046370649147523875 0.034572702370245532 -0.046769470273342696 0.11631537514024694 -0.022528194542481696 0.0020499344520747364 0.080313950410884044
leaf_weight=3.4561287295077814 1.8442354831509065 3.2562627214688291 0.013468157392708124 0.031732797811855562 0.020946781887687393 0.016341917656973237 0.10801011882722367 39.820225695100362 63.722648149190718 0.09863624069839616 0.074299274180702812 0.074669115700089606 0.57840200720238399 23.570143679759443 0.55301276163663704 1.5226061921512144 1.533299250724667 14.394518229390085 63.681275937304235 145.22566862440658 9.6851286673297619 2538.4057729169449 23.197595375648234 34.714235226272194 47.828234984275696 62.261527162644143 9.9173563174772408 40.527911248078453 157.77969288103122 14.782285926456096 2.7278246105506687 59.047454867264605 1394.6505609777305 9.6060613142617495
leaf_count=15854 10208 8179 62 405 41 33 2 14875 121211 4 548 28 658 202772 103 560 109 2295 19161 189139 61497 511185 1014 23945 246055 291541 2637 1643 9552 298 2564 868 10269 103
internal_value=-0.00130447 -0.570593 -1.24439 -59.3884 -96.4738 -82.1251 0.0473303 -0.000277726 -0.0146853 -0.0500997 0.0275601 0.397128 -0.0525152 -0.0563018 0.031519 -0.0646918 -0.0366306 -0.00191584 5.13135e-05 -0.00225099 -0.021219 0.00157859 0.0203341 0.0107008 -0.0314396 -0.0143105 -0.0435945 0.0326406 0.0257027 0.00786641 0.00215969 0.00195253 0.0010516 0.02845
internal_weight=4768.73 8.58516 3.7956 0.0824897 0.0507569 0.0298101 3.71311 4760.14 106.284 28.167 3.6051 0.148968 28.0684 27.49 2.39725 25.0927 4.78956 78.1172 4653.86 1856.01 350.16 2797.85 259.441 84.9273 265.233 110.09 155.143 50.213 236.243 78.4636 1505.85 1503.12 1453.7 49.4263
internal_count=1749418 25261 16973 541 136 95 16432 1724157 337811 214305 16430 576 214301 213643 10311 203332 8288 123506 1386346 845136 816457 541210 30025 87085 729372 537596 191776 63140 29011 19459 28679 26115 11137 14978
is_linear=0
shrinkage=0.07


Tree=129
num_leaves=35
num_cat=0
split_feature=1 3 1 0 2 3 12 2 3 1 0 5 5 6 12 0 5 9 6 5 5 5 6 3 3 1 0 3 3 6 12 3 2 0
split_gain=4.31335 18.6772 19.0737 26.0643 12.0503 11.2903 9.2114 24.7464 22.0119 22.468 14.0458 14.2727 16.9505 12.8777 8.48235 8.04253 8.00294 7.62915 10.2394 12.6316 9.69021 7.87824 7.51687 7.34826 6.51852 6.22656 20.9299 10.9107 9.07203 8.7156 7.18664 7.04671 6.70099 21.1569
threshold=0.86526825332795487 0.91734972677595628 0.91476997578692509 0.91476997578692509 0.93063352044907788 0.913664596273292 20.500000000000004 0.93063352044907788 0.97590011614401873 0.95713410900183726 0.97617697107203638 0.43886703383162867 0.6089163540057384 0.25828395874478827 16.500000000000004 0.94201680672268928 0.68898225957049497 0.35416666666666669 0.90582164167069845 0.97489495798319337 0.91445993031358896 0.72148047997295939 0.49618231625575576 0.94665718349928885 0.91476997578692509 0.82972848596410509 0.86729559748427687 0.98076211616722164 0.81302966101694929 0.89099909990999115 27.500000000000004 0.96922348484848497 0.81375640520299586 0.81872946330777663
decision_type=2 2 2 2 2 2 2 2 2 2 2 2 2 2 2 2 2 2 2 2 2 2 2 2 2 2 2 2 2 2 2 2 2 2
left_child=4 2 3 5 25 -2 7 10 23 22 14 -12 -13 -11 -3 -8 -5 18 20 -20 -17 -19 -10 -9 -7 32 28 -28 -27 -29 -31 -30 -1 -34
right_child=1 6 -4 16 -6 24 15 8 9 13 11 12 -14 -15 -16 17 -18 21 19 -21 -22 -23 -24 -25 -26 26 27 29 31 30 -32 -33 33 -35
leaf_value=-0.0021711908158285288 0.047921993980643882 -0.0058145239453355783 0.060272948921201587 -0.068597796150058343 0.068881310116824163 -0.2538280505009497 -0.054775612126091285 0.010313701606291777 -0.078476537434988489 -0.0044963530075045489 0.014687693511897051 0.13266222933285052 0.029415426274682382 -0.027458847017688304 -0.093274948613631545 0.0048262710780007838 0.047408418943761008 0.0075970742608764009 -0.054135660333035844 0.017468121487192453 0.051917450435355346 0.050928687700396526 0.048926298946187566 0.08058026961569878 -0.028404654823612391 0.10695297513957253 -0.05675598224187843 -0.0079028416893673816 0.0097181219828112557 0.024455487482332058 -0.16337882657407515 0.23249907693773081 0.088472124214044531 0.0025029460636652352
leaf_weight=2581.9002992522519 39.126217366283527 21.534250301425349 53.315554659086047 21.416341954594831 11.716390992121886 0.85769456168054548 10.709321570524478 13.455096853926081 31.234407060954254 456.71896654623561 133.88315477329888 11.933110670477616 22.450106072035851 162.1645809696347 7.2673440276703323 729.45868293114472 3.3728803508274714 47.491276098531671 31.018727301619947 19.763904544757679 22.059139831690118 36.254923604545183 2.4469877824885762 15.922618687996872 2.3528343874786515 6.3695772569408282 45.075900635609287 75.213026167097269 29.375150920401214 1.4362176780996367 3.2718796846456826 0.71258333686273445 16.536830148892477 92.417716406256659
leaf_count=1577323 3726 1321 6304 1481 1962 66 2132 622 1748 4044 4524 478 750 31180 401 21127 378 1977 1805 2928 2652 51256 75 618 96 511 3917 3603 3422 141 1133 44 1810 13863
internal_value=-0.000249191 0.00234043 0.0290161 0.00418999 -0.00196372 0.0375671 0.000531155 -0.00456107 -0.0108749 -0.0135433 0.0172875 0.0250192 0.0652485 -0.0105132 -0.0278829 0.00552262 -0.0528137 0.00625142 0.00415286 -0.0262684 0.00620853 0.0263559 -0.0692206 0.0483979 -0.0886266 -0.00225473 -0.0156067 -0.0292179 0.0310608 -0.0136864 -0.106079 0.0149944 -0.0014536 0.0155511
internal_weight=4760.23 1896.21 120.442 67.126 2864.03 42.3367 1775.77 879.011 681.943 652.565 197.068 168.266 34.3832 618.884 28.8016 896.756 24.7892 886.047 802.3 50.7826 751.518 83.7462 33.6814 29.3777 3.21053 2852.31 161.454 124.997 36.4573 79.9211 4.7081 30.0877 2690.85 108.955
internal_count=1749418 141689 12051 5747 1607729 3888 129638 45761 38287 37047 7474 5752 1228 35224 1722 83877 1859 81745 28512 4733 23779 53233 1823 1240 162 1605767 12771 8794 3977 4877 1274 3466 1592996 15673
is_linear=0
shrinkage=0.07


Tree=130
num_leaves=35
num_cat=0
split_feature=12 6 3 7 1 1 5 8 4 6 12 1 1 1 6 7 6 1 3 6 1 1 5 3 3 5 1 7 8 7 5 3 5 5
split_gain=3.90084 4.32857 12.6915 6.52178 15.6924 5.62877 5.32376 9.04713 12.3318 7.04141 4.41942 8.85378 8.31683 9.03919 13.6573 6.82937 7.8873 5.88799 13.4209 5.77476 5.56029 17.6567 5.88533 5.46108 9.8998 12.3847 9.2541 6.08767 5.35726 4.76293 4.45058 4.21404 3.88225 21.6741
threshold=10.500000000000002 0.52256779392457797 0.59824561403508791 0.63897107166337941 0.50301204819277123 0.99253731343283602 0.88969991889699929 1.0000000180025095e-35 1.0000000180025095e-35 0.46440092165898622 8.5000000000000018 0.51899951899951913 0.30068493150684938 0.34851621808143551 0.52441734417344188 0.62084711069122978 0.56019323671497601 0.29818990155604957 0.30940170940170947 0.95678847692718072 0.16807909604519775 0.16108108108108113 0.9201769911504426 0.9076704545454547 0.87226107226107241 0.59476565172767715 0.78319623971797891 0.62084711069122978 1.0000000180025095e-35 0.43842941909017658 0.78492842777712069 0.66260162601626027 0.64767316017316034 0.65015337423312902
decision_type=2 2 2 2 2 2 2 2 2 2 2 2 2 2 2 2 2 2 2 2 2 2 2 2 2 2 2 2 2 2 2 2 2 2
left_child=1 2 5 6 -5 32 7 8 -4 -9 11 12 17 29 -15 16 -12 28 -19 20 21 -17 -22 24 31 -26 27 -25 -3 -14 -28 -13 -1 -34
right_child=-2 10 3 4 -6 -7 -8 9 -10 -11 15 23 13 14 -16 19 -18 18 -20 -21 22 -23 -24 26 25 -27 30 -29 -30 -31 -32 -33 33 -35
leaf_value=-0.072566646433550208 0.00044418513503193479 0.030088432968663419 -0.044727748093474191 0.8245535214698595 -0.073383425553327622 0.37181661594181636 -0.049352244523289519 0.062995798384953006 0.0018368750331606012 -0.016466793867119266 -0.043782520883819863 0.079631371727757097 0.083220686247898842 1.0073657691250066 -0.0084410490574879492 0.01409066489050329 0.019726142843101143 0.73122133333527617 0.076751127705210934 0.11883003722987674 -0.025410435968534213 0.78937351513237086 -0.087227370367618823 -0.013280975483133166 0.40951794381612988 0.08994298023811978 -0.045265697469884743 0.1077442676707475 -0.0183507966511628 -0.083634922054679331 -0.19703382787855719 0.019818557012764818 1.5317543733220005 -0.029675448472174237
leaf_weight=21.309699032855406 4268.0893311636855 29.275491623232028 37.33383400519233 0.15603786171413858 0.24526508714188822 0.15282119810581107 13.329948494909329 16.121098337851439 109.91638961572608 8.2660087070180435 12.278143787247698 7.1920758584637943 0.89641056816617393 0.06496565194492987 37.905636884217074 1.2491929633706593 43.637164389406735 0.17353843785349354 1.331756751751527 1.2505762703949574 38.516948315786976 0.16268778488847591 9.385511516738914 4.9550237675866793 0.72315002183313382 3.3324496610439382 3.7288097249693228 3.457682162290439 18.107802185637411 12.926557745219268 1.2689964957535265 29.225941451237304 0.043701410734683033 13.500408507176415
leaf_count=573619 752649 74060 155139 94 68 1 159 12726 6730 2098 17288 1151 3297 500 46151 926 17676 166 2313 33 16821 164 1146 222 58 167 66 78 6284 36049 105 1742 676 18996
internal_value=-0.000229565 -0.00620276 -0.0134269 -0.00612676 0.27576 -0.0520828 -0.00673834 -0.00342879 -0.00996912 0.036062 -0.000104169 0.00745543 -0.00480086 -0.0243472 -0.00670306 -0.0110777 0.00578061 0.015907 0.152202 -0.0297197 -0.0334869 0.103425 -0.0375222 0.0303562 0.0431838 0.146926 -0.00835796 0.0364613 0.0115771 -0.0728144 -0.0838013 0.0316308 -0.0539414 -0.0246373
internal_weight=4749.51 481.422 220.375 185.369 0.401303 35.0066 184.967 171.637 147.25 24.3871 261.047 154.566 100.682 51.7936 37.9706 106.48 55.9153 48.8886 1.5053 50.5649 49.3143 1.41188 47.9025 53.8841 40.4736 4.0556 13.4105 8.41271 47.3833 13.823 4.99781 36.418 34.8538 13.5441
internal_count=1749418 996769 770306 177014 162 593292 176852 176693 161869 14824 226463 172409 168820 85997 46651 54054 34964 82823 2479 19090 19057 1090 17967 3589 3118 225 471 300 80344 39346 171 2893 593291 19672
is_linear=0
shrinkage=0.07


Tree=131
num_leaves=35
num_cat=0
split_feature=1 2 2 0 3 3 5 9 5 0 3 0 3 12 3 9 0 12 2 3 0 1 3 3 5 3 5 1 1 0 3 2 0 3
split_gain=3.80094 20.7906 20.7654 15.3962 20.2892 23.2289 20.5526 16.3362 14.4864 15.1405 35.9151 35.2277 19.2542 14.5875 14.0837 19.1095 15.7935 12.4225 11.9395 11.7529 11.5654 11.3186 10.8092 10.598 9.94809 14.6012 9.65201 9.29298 9.06616 32.8398 17.5996 12.0156 8.99273 14.445
threshold=0.72377109317681587 0.87007672634271105 0.72834224598930497 0.82842724978973936 0.80277777777777792 0.9439203354297695 0.693997599039616 0.38750000000000007 0.7002824858757063 0.71535181236673784 0.78346121057118523 0.89725545390570038 0.99253731343283602 12.500000000000002 0.75716625716625729 0.47222222222222227 0.65261756876663723 14.500000000000002 0.81375640520299586 0.71535181236673784 0.99253731343283602 0.56070175438596503 0.84292763157894746 0.88273491214667699 0.62084711069122978 0.62593283582089565 0.99773755656108609 0.70659971305595415 0.84889995848899968 0.95587280986372503 0.87026647966339421 0.83438818565400863 0.99253731343283602 0.81892697466467967
decision_type=2 2 2 2 2 2 2 2 2 2 2 2 2 2 2 2 2 2 2 2 2 2 2 2 2 2 2 2 2 2 2 2 2 2
left_child=1 8 -2 4 -4 18 7 -7 14 10 -10 19 22 -13 15 -1 -16 -15 23 21 -18 -11 -12 -6 27 -26 28 -17 29 30 -5 -31 -30 -34
right_child=2 -3 3 26 5 6 -8 -9 9 11 12 13 -14 17 16 24 20 -19 -20 -21 -22 -23 -24 -25 25 -27 -28 -29 32 31 -32 -33 33 -35
leaf_value=-0.059898544709202153 0.038906812293982754 0.080133929999057565 0.07910184027289785 0.0077417355895900942 -0.039913537687397728 0.66553225393358861 0.066491942318305616 0.17738266193538116 -0.00069531029456553275 -0.071771782327249942 0.029767235351688522 0.043258262679757513 -0.045746684966038474 -0.052406586067235014 0.05346357556655406 -0.03624129660210608 -0.033340101013339458 0.0029059215207905271 0.059431886929453122 -0.053093414274296209 0.0017353493340303183 0.11243581881901415 0.074769562671504863 0.03726530500285688 0.058998673250816612 -0.028073014908387348 0.032729561535975976 0.32709234193976039 0.016592460835217919 0.004128312510612 -0.065756986280193705 -0.035278440464966553 -0.066970859628577753 0.00010324610998836869
leaf_weight=67.185841280865361 71.132903600409918 14.870156167351523 27.425261503754882 20.920241215739225 35.969889811240137 0.56640617635275592 4.29333990989835 0.8255326243233867 1406.4215450273373 2.660775151627603 62.375421335775172 36.544725953659508 11.749555183108894 23.852746033750009 20.862411021560547 40.127910729993573 70.731122038178 119.93108947458677 11.100295823896884 99.761841482657474 132.07409550224111 4.2373734330176376 45.0357029355946 11.507169069271184 19.483867520391868 18.300871180603281 41.992548539245035 0.34792796120745961 164.96048805874307 312.60746278065199 67.382892187990365 43.147272132322541 15.877874125435481 1720.6907256489212
leaf_count=675808 9919 2527 2808 4405 9534 104 299 12 273805 117 1927 451 348 264 6137 444350 92941 7355 1398 2685 16569 115 2373 1632 8372 206 31194 54 13216 15811 15652 2452 1430 103148
internal_value=-0.000221285 -0.00235565 0.00161696 0.000547071 0.0286963 0.00718479 0.142274 0.37602 -0.00291789 -0.000343855 0.00243097 -0.0150943 0.0393296 0.00376718 -0.015558 -0.0325141 -0.00453176 -0.00627004 -0.00592645 -0.0469832 -0.0104977 0.0413827 0.048636 -0.0212075 -0.00900481 0.0168259 -0.000533916 -0.0331181 -0.00112942 -0.0101351 -0.0483441 -0.000651087 0.000973638 -0.000510029
internal_weight=4746.96 2196.55 2550.4 2479.27 91.6879 64.2626 5.68528 1.39194 2181.68 1812.57 1525.58 286.989 119.161 180.329 369.114 145.446 223.668 143.784 58.5774 106.66 202.805 6.89815 107.411 47.4771 78.2606 37.7847 2387.58 40.4758 2345.59 444.058 88.3031 355.755 1901.53 1736.57
internal_count=1749418 1536404 213014 203095 15787 12979 415 116 1533877 289440 278453 10987 4648 8070 1244437 1128790 115647 7619 12564 2917 109510 232 4300 11166 452982 8578 187308 444404 156114 38320 20057 18263 117794 104578
is_linear=0
shrinkage=0.07


Tree=132
num_leaves=35
num_cat=0
split_feature=1 3 1 3 9 2 3 3 6 7 3 3 8 1 7 7 7 7 1 3 3 1 2 1 2 2 5 5 7 9 2 6 5 6
split_gain=3.42709 5.09868 14.0318 10.785 11.2084 8.59248 7.5792 27.4253 8.73448 14.8705 6.256 7.05565 22.3813 50.1503 6.22108 86.7987 6.13658 6.1872 12.2265 13.3181 7.13447 9.15105 7.57106 5.9429 5.75894 7.67726 7.54601 5.20929 4.72997 4.56168 3.95473 9.11695 4.19033 3.42861
threshold=1.0000000180025095e-35 0.42020373514431242 0.30068493150684938 0.40270270270270275 0.61250000000000016 0.15535444947209656 0.42967032967032975 0.44033898305084751 0.69467381027418862 0.83796653796653808 0.59824561403508791 0.56929637526652466 1.0000000180025095e-35 0.12632978723404256 0.34417415829367187 0.34222380275011849 0.48662948662948668 0.53361581920903967 0.13484848484848486 0.21921921921921925 0.35948717948717951 0.18808962264150944 0.32305502846299816 0.29818990155604957 0.16807909604519775 0.19836065573770492 0.85304401480872094 0.86512474012474017 0.66079192546583865 0.38750000000000007 0.11882352941176473 0.99779735682819382 0.62532051282051293 0.87287157287157302
decision_type=2 2 2 2 2 2 2 2 2 2 2 2 2 2 2 2 2 2 2 2 2 2 2 2 2 2 2 2 2 2 2 2 2 2
left_child=-1 2 16 4 -4 10 8 -8 9 28 11 30 13 -13 15 -6 -2 18 19 -18 21 -19 -22 -20 26 -26 -9 -16 -7 -12 31 -3 -32 -31
right_child=1 5 3 -5 14 6 7 24 -10 -11 29 12 -14 -15 27 -17 17 20 23 -21 22 -23 -24 -25 25 -27 -28 -29 -30 33 32 -33 -34 -35
leaf_value=0.020235600363766548 -0.03006523299539237 0.033449432512678498 -0.044141713679436909 -0.078676665687858985 0.10855847041390772 0.0049491321469836338 -0.087521999377595097 -0.056115923148682217 0.044724138787160916 1.0714489411909751 -0.0399431440899643 2.8138392962246748 0.034601671870903961 -0.070374199947985119 -0.042360999486270333 6.5232725358288137 -0.075409337363512852 0.0090052457001367041 0.013293615270726925 0.29540519501622337 0.019867535156313561 -0.017229898864312008 -0.03011927974626942 0.29159858668545879 -0.050690948300153922 0.00080854282062190939 0.096534501743669787 0.013305978765490157 -0.078833377972545124 -0.099720489950871696 0.23442000955531128 -0.65792915360083337 -0.070567216085515402 -0.24318965947325308
leaf_weight=39.82801476284385 33.209573205545894 5.4942018878937233 46.19499835719671 17.776001061858551 0.3909716471862329 9.9493522333964339 17.321521125576055 2.1149778351682453 38.208009441039394 0.061097674144549141 6.338831654218664 0.048531484088017218 0.6702662281350058 0.075489497543458128 10.451501241171171 0.010616722489430686 0.66347444639905306 106.46960138118811 17.374502189641138 1.667129278896027 109.04271534128748 167.85969735133858 17.18731279466374 0.38428480581387603 14.234302886914518 4007.7977328870902 6.3537356198648922 38.879542019218206 4.9417364598593858 3.9122800393706711 0.22915095692587772 0.095074661076068767 6.013907513817685 1.0313718987163154
leaf_count=9750 245690 4339 194655 45132 6508 65293 37681 2289 6078 7 1380 28 157 90 41496 227 644 28940 38555 2396 54015 83069 13839 1046 6480 847829 161 296 6615 623 2652 1 1443 14
internal_value=-0.000211467 -0.000385015 -0.00660553 -0.0285953 -0.0193149 0.000470893 0.000714837 0.000369972 0.0269741 -0.0183833 -0.0413712 -0.00752394 0.194438 1.05827 0.0037459 0.278143 -0.00109651 0.00119053 0.0390989 0.189842 -0.000710707 -0.00704781 0.0130614 0.0193159 0.000747698 0.000626282 0.0584116 0.00151212 -0.0228548 -0.0792508 -0.0210814 0.021689 -0.0593727 -0.129652
internal_weight=4732.28 4692.45 567.562 113.704 95.9276 4124.89 4100.98 4047.82 53.1602 14.9522 23.9091 12.6266 0.794287 0.124021 49.7326 0.401588 453.858 420.649 20.0894 2.3306 400.559 274.329 126.23 17.7588 4030.5 4022.03 8.46871 49.331 14.8911 11.2825 11.8323 5.58928 6.24306 4.94365
internal_count=1749418 1739668 756508 288314 243182 983160 972433 894440 77993 71915 10727 8710 275 118 48527 6735 468194 222504 42641 3040 179863 112009 67854 39601 856759 854309 2450 41792 71908 2017 8435 4340 4095 637
is_linear=0
shrinkage=0.07


Tree=133
num_leaves=35
num_cat=0
split_feature=12 6 3 5 3 12 9 5 9 4 7 1 12 1 5 7 6 5 12 1 12 6 6 3 3 5 1 7 9 2 1 7 5 3
split_gain=3.94368 4.27898 13.8275 4.94717 7.91445 21.4631 105.794 8.23987 4.36416 11.4897 8.75508 4.1243 4.05482 7.1956 7.52122 6.09264 6.92896 5.61914 10.7371 5.67041 5.60885 33.6361 5.23315 4.83954 8.62152 9.09576 7.63239 5.48628 5.48508 4.30705 4.23573 9.24686 5.33075 3.66829
threshold=10.500000000000002 0.52256779392457797 0.59824561403508791 0.88969991889699929 0.6066017316017317 3.5000000000000004 0.47222222222222227 0.63775949862906389 0.23611111111111113 1.0000000180025095e-35 0.63897107166337941 0.99253731343283602 8.5000000000000018 0.51899951899951913 0.78809997788099995 0.62084711069122978 0.56019323671497601 0.8184173339613755 2.5000000000000004 0.30860805860805868 7.5000000000000009 0.53797136519459576 0.95678847692718072 0.90070422535211281 0.87226107226107241 0.66826156299840511 0.78319623971797891 0.62084711069122978 0.31666666666666671 0.60120481927710856 0.16807909604519775 0.68013605442176883 0.9201769911504426 0.63733075435203113
decision_type=2 2 2 2 2 2 2 2 2 2 2 2 2 2 2 2 2 2 2 2 2 2 2 2 2 2 2 2 2 2 2 2 2 2
left_child=1 2 11 4 5 6 -4 -7 9 -6 -10 -1 13 14 20 16 -14 18 -16 -19 29 -22 30 24 33 -26 27 -25 -28 -3 31 -17 -32 -15
right_child=-2 12 3 -5 8 7 -8 -9 10 -11 -12 -13 15 23 17 22 -18 19 -20 -21 21 -23 -24 26 25 -27 28 -29 -30 -31 32 -33 -34 -35
leaf_value=-0.055279226031991639 0.00039648183677404812 -0.058979005476818384 -0.070020020034895006 -0.047236145713248155 -0.043485829956325169 -0.013167538147875241 9.2394620467889297 0.34963506893479324 0.014826699503067463 0.0027334564534200298 0.39890131050060429 0.26999406581237545 -0.042252092796301606 0.08336924564575203 0.91868903030025206 0.3092118168879015 0.017996651482335313 0.018794892678407612 0.052789280789044206 -0.022644499934143289 0.87516758490732394 -0.0093579465697361825 0.11659342321270386 -0.013124907232958019 0.27639596680327588 0.056759240851820179 -0.03637810054842279 0.10266249992952522 -0.2084017651971353 0.076024997137106379 -0.024442212825708041 -0.04141626459632454 -0.084168418567942452 0.020003089388556626
leaf_weight=35.282841324507444 4254.5213105098592 20.269261666381688 0.029248090209874955 13.097951897187157 36.051585446863101 0.84053323872285524 0.0075191768410149953 0.48301517846266506 34.774494551413227 97.981587969712564 0.29327327245846291 0.1920466423034658 11.894984161785485 5.2256740923148746 0.070738218018958743 0.56028759803484618 43.774629954344164 35.966427385195857 8.7222447731292032 29.411524311937683 0.22210853859769386 4.0868053238755238 1.1879472730215628 5.0313883062699443 1.4632603405043476 2.5065010149846785 4.0812940651085219 3.3337936916213948 1.1682163283694533 1.2280899118486548 37.967576710075718 1.076966899945546 9.0720458838768518 31.227930961082166
leaf_count=593291 752649 149626 465 159 152119 7023 20 157 10995 6070 6 1 17288 1021 43 630 17676 4497 4959 3737 1184 4637 33 231 96 109 101 82 77 137 16821 460 1146 1872
internal_value=-0.000281206 -0.00630572 -0.0135109 -0.00577899 -0.00259349 0.165577 1.83384 0.119233 -0.00394632 -0.00969838 0.0180387 -0.0535183 -0.000225287 0.00701722 -0.00410648 -0.0107949 0.00512324 0.00721851 0.0597553 0.000152588 -0.0366561 0.0362361 -0.028566 0.0275975 0.0397548 0.137718 -0.00849883 0.0330201 -0.0746599 -0.0512666 -0.0321086 0.0785728 -0.035961 0.0290867
internal_weight=4733.11 478.584 219.034 183.559 170.461 1.36032 0.0367673 1.32355 169.101 134.033 35.0678 35.4749 259.55 154.015 99.9772 105.534 55.6696 74.1709 8.79298 65.378 25.8063 4.30891 49.8648 54.0381 40.4234 3.96976 13.6147 8.36518 5.24951 21.4974 48.6769 1.63725 47.0396 36.4536
internal_count=1749418 996769 770306 177014 176855 7665 485 7180 169190 158189 11001 593292 226463 172409 168820 54054 34964 13236 5002 8234 155584 5821 19090 3589 3098 205 491 313 178 149763 19057 1090 17967 2893
is_linear=0
shrinkage=0.07


Tree=134
num_leaves=35
num_cat=0
split_feature=5 3 7 7 5 0 9 7 5 7 7 5 9 1 2 2 0 3 3 5 7 5 1 0 8 7 3 1 2 5 7 2 3 7
split_gain=4.2548 50.3308 18.5075 18.4608 24.1661 24.6066 14.3857 26.4177 14.3761 14.115 12.6287 11.446 9.96492 15.7859 7.25353 16.9127 7.13773 12.0819 7.30539 6.91983 6.79747 10.5294 6.46935 6.05628 6.8651 5.77123 12.063 15.6572 53.1189 5.01626 16.2121 10.2046 9.93207 9.87175
threshold=0.54912120288529931 0.69028213166144214 0.45622551524442179 0.24085229808121375 0.42136968928344964 0.61620294599018022 0.19090909090909094 0.52193151212004618 0.96571316614420077 0.32575366063738165 0.47281683833407978 0.36157395539605236 0.31666666666666671 0.52704678362573121 0.61633428300094983 0.61257406188281782 0.90070422535211281 0.84889995848899968 0.93683510638297884 0.52957074721780617 0.29283827870125845 0.37943619431160341 0.93440860215053778 0.82446311858076571 1.5000000000000002 0.45293443135619732 0.33589743589743598 0.18808962264150944 0.21132376395534294 0.9201769911504426 0.79001971158833917 0.64899964899964913 0.72871572871572887 0.58400620114979662
decision_type=2 2 2 2 2 2 2 2 2 2 2 2 2 2 2 2 2 2 2 2 2 2 2 2 2 2 2 2 2 2 2 2 2 2
left_child=1 22 8 11 6 12 7 -5 25 19 -11 14 -6 -14 15 -3 18 -18 -16 -7 21 -8 -1 24 -10 -2 27 -27 -29 30 -4 -32 -33 -31
right_child=2 3 29 4 5 9 20 -9 23 10 -12 -13 13 -15 16 -17 17 -19 -20 -21 -22 -23 -24 -25 -26 26 -28 28 -30 33 31 32 -34 -35
leaf_value=-0.079070659654918191 0.021718179695731359 0.034391482031735698 -0.0067155046329891504 -0.062359213799532028 -0.086273809493667142 0.039334306318879415 0.021149404459441461 1.7955289763855424 -0.058837519430600442 -0.02614583299134635 0.010579242204104234 0.15605734906873764 0.10221489029332446 0.40488829577121566 0.017765945387206352 0.41487414952628798 -0.036293465085904565 0.001411103084699645 0.10490638815406925 0.16719997072469173 -0.021116960061169785 0.28444150891266634 0.088312528460687753 0.083965119765886928 0.056251265841043549 -0.074750273120840593 0.062517825456550102 2.0624830056150407 -0.071569566981660782 0.02028004415980187 0.0026198788723588687 0.1287211940401122 0.025013421208823442 0.00044761246810431113
leaf_weight=45.416499652401853 238.80530399333884 15.556086772874551 1228.9217512796849 72.025840025577054 0.67754949684240173 9.6862078592457674 5.0274671994848168 0.037521288744755021 19.132144422706922 108.49857343389522 79.49731793994215 2.3584932845478752 2.4773502210009615 1.28090278597665 49.314804397206899 0.59432370179638461 42.907896264652663 1412.5980271282751 5.2123773914790936 2.63888138681068 34.834871762184775 0.87357806986256026 1.1603511909488577 1.9893249512824684 2.928392684669233 0.1599422449089597 7.6595646242258226 0.098426684746300452 0.13629165585734881 142.63324617958278 209.67434799514376 4.7598238298669449 91.697739937881124 892.57950477056147
leaf_count=756578 49570 6130 537275 187088 2048 2767 939 75 811 29731 8095 698 971 301 9731 240 551 10879 136 56 8273 85 35 314 47 168 1997 123 276 11372 19940 97 12093 89928
internal_value=-0.000464199 -0.00303543 0.00124865 -0.00122228 -0.0165799 -0.00224732 -0.0425969 -0.0613919 0.0186507 -0.00585831 -0.010616 0.00196829 0.160825 0.205373 0.00173016 0.048393 0.00123109 0.000299583 0.0260959 0.0667112 -0.00934794 0.0601266 -0.0749007 -0.0330118 -0.0435602 0.0236838 0.0819635 0.459365 0.823323 -0.000585545 -0.00312507 0.0112882 0.030131 0.00318016
internal_weight=4733.85 1892.67 2841.18 1846.1 317.556 204.757 112.799 72.0634 270.909 200.321 187.996 1528.54 4.4358 3.75825 1526.18 16.1504 1510.03 1455.51 54.5272 12.3251 40.7359 5.90105 46.5769 24.0499 22.0605 246.86 8.05423 0.394661 0.234718 2570.27 1535.05 306.132 96.4576 1035.21
internal_count=1749418 1025407 724011 268794 240429 43969 196460 187163 53306 40649 37826 28365 3320 1272 27667 6370 21297 11430 9867 2823 9297 1024 756613 1172 858 52134 2564 567 399 670705 569405 32130 12190 101300
is_linear=0
shrinkage=0.07


Tree=135
num_leaves=35
num_cat=0
split_feature=12 5 0 1 12 0 2 1 9 12 2 5 6 0 2 12 5 5 12 2 0 1 1 2 0 12 12 12 9 6 2 1 1 1
split_gain=12.1639 16.834 8.38562 11.0191 4.52012 5.11231 44.1612 3.82151 5.6943 3.57182 3.77277 13.2185 8.41054 7.47815 3.81076 7.32589 14.2342 3.54402 3.37011 17.0315 24.2847 22.3119 21.4867 9.89689 12.4008 8.46036 6.9891 16.7109 11.683 12.2713 15.9389 10.8775 9.85931 8.30935
threshold=3.5000000000000004 0.61410415803287755 0.80350877192982473 0.79205974842767291 1.5000000000000002 0.2428337428337429 0.26365441906653436 0.42967032967032975 0.47222222222222227 10.500000000000002 0.70152654363180689 0.55230987917555097 0.27750275027502758 0.72871572871572876 0.71516754850088204 4.5000000000000009 1.0000000180025095e-35 0.36157395539605236 15.500000000000002 0.93063352044907788 0.99253731343283602 0.92718275008837059 0.95419580419580419 0.68042553191489374 0.81557067271353001 12.500000000000002 17.500000000000004 18.500000000000004 0.81666666666666676 0.50110132158590315 0.72377109317681587 0.96051948051948066 0.88067796610169491 0.30068493150684938
decision_type=2 2 2 2 2 2 2 2 2 2 2 2 2 2 2 2 2 2 2 2 2 2 2 2 2 2 2 2 2 2 2 2 2 2
left_child=1 2 3 -1 -3 6 -6 8 -4 10 11 12 17 14 -12 16 -16 -2 19 21 -21 23 -22 -11 -25 -24 28 32 29 31 -31 -20 33 -28
right_child=9 4 7 -5 5 -7 -8 -9 -10 18 13 -13 -14 -15 15 -17 -18 -19 26 20 22 -23 25 24 -26 -27 27 -29 -30 30 -32 -33 -34 -35
leaf_value=-0.1669497913485869 -0.01811452882062569 -0.07918263829044507 -0.070947165307088084 -1.1109220623702221 -0.03635209766880642 0.041597322593770122 1.3195653221350567 -0.08057037661163248 0.30714989916549257 -0.00058542393185165233 0.0079335638173612735 -0.0034788410800025297 -0.066592807378616628 -0.0013830392457198143 0.95416238755906491 0.07856587176341899 -0.060043425761828674 0.12695785953176669 -0.025625359431962511 0.055910540636172359 -0.08870855552478131 0.098219531794255993 -0.017359742213456472 0.042346807103253004 0.0090790495756385668 0.024375560017223737 0.049811132743901775 -0.00090722550045336094 0.030143308698785336 -0.012061695369811092 -0.055118111645226529 0.0088816418106222213 0.055488435052324245 0.0029765665437407984
leaf_weight=5.4173828214588848 28.961593152131744 0.98850054291688083 0.42172854727687115 0.061278571738512144 0.53716916609482757 2.1580519758681476 0.15072302868793486 1.83085017252597 0.36332610622048378 517.70203286495007 4.1117129066114995 244.31993482998882 29.744309805830312 151.84733383453568 0.13656111573800434 5.9357562710138154 0.13468127759188064 0.84932758046124845 61.696389728371287 23.506280231726123 19.681369139667368 13.087526253162649 206.28455852510524 62.520960826019291 450.60025342617882 26.904110002244124 23.709879717018339 2312.2155885935008 34.940615103008895 149.81550791297059 58.610414279741235 163.08092136308551 35.769568033108953 85.497088709937088
leaf_count=21043 42477 1402 493 16 216 553 33 1500 5 387951 1821 269233 625583 30180 20 1048 586 560 20522 977 1035 527 18668 19528 38989 897 11423 170604 4327 50768 1437 8224 1049 15723
internal_value=-0.000447545 -0.071044 -0.128277 -0.177508 0.0497748 0.0945665 0.260741 -0.025168 0.104038 -0.000268809 -0.00608601 -0.010687 -0.0402577 0.0025355 0.0601997 0.0948224 0.450574 -0.0139813 0.000369744 0.00330539 -0.0121461 0.00739619 -0.0184725 0.00624308 0.0131325 -0.0125445 -0.000955194 0.000538257 -0.00879402 -0.0119346 -0.0241694 -0.000589765 0.0235921 0.0131448
internal_weight=4723.59 11.929 8.09457 5.47866 3.83444 2.84594 0.687892 2.6159 0.785055 4711.66 466.041 303.875 59.5552 162.166 10.3187 6.207 0.271242 29.8109 4245.62 1320.29 276.376 1043.91 252.87 1030.82 513.121 233.189 2925.34 2457.19 468.144 433.203 208.426 224.777 144.977 109.207
internal_count=1749418 25261 23057 21059 2204 802 249 1998 498 1724157 971508 937853 668620 33655 3475 1654 606 43037 752649 468572 21577 446995 20600 446468 58517 19565 284077 198799 85278 80951 52205 28746 28195 27146
is_linear=0
shrinkage=0.07


Tree=136
num_leaves=35
num_cat=0
split_feature=12 5 0 12 6 0 12 8 12 0 2 1 2 6 7 5 1 0 2 5 5 12 12 12 2 0 12 6 0 1 1 0 6 1
split_gain=10.7036 14.3406 7.17087 3.48621 3.35047 12.7757 11.171 11.4394 10.4423 8.14387 4.09975 3.61752 14.0206 11.8543 13.6865 13.0659 10.1994 9.88499 9.78868 9.4437 8.72512 14.482 7.68336 19.415 7.55912 7.10362 6.79537 6.69947 5.03313 4.99265 9.01772 5.13625 3.89098 3.27433
threshold=3.5000000000000004 0.61410415803287755 0.80350877192982473 1.5000000000000002 0.99779735682819382 0.69028213166144214 50.500000000000007 2.5000000000000004 29.500000000000004 0.22048611111111119 0.31851119894598162 0.84889995848899968 0.77015755329008351 0.9455533596837945 0.64796600834054618 0.88969991889699929 0.83438818565400863 0.84889995848899968 0.94791101465002725 0.66826156299840511 0.59731240981240996 12.500000000000002 21.500000000000004 22.500000000000004 0.8175416133162613 0.95293466223698797 12.500000000000002 0.96799795186891979 0.938137755102041 0.95419580419580419 0.94791101465002725 0.92031746031746042 0.77677926662922259 0.42967032967032975
decision_type=2 2 2 2 2 2 2 2 2 2 2 2 2 2 2 2 2 2 2 2 2 2 2 2 2 2 2 2 2 2 2 2 2 2
left_child=1 2 -1 -3 11 6 7 8 10 -10 -6 16 29 14 15 -14 18 20 22 -16 21 -18 25 -24 -15 -2 -26 28 -19 30 31 -13 -22 -4
right_child=4 3 33 -5 5 -7 -8 -9 9 -11 -12 12 13 24 19 -17 17 27 -20 -21 32 -23 23 -25 26 -27 -28 -29 -30 -31 -32 -33 -34 -35
leaf_value=-0.16621425692637298 -0.0020071298638851048 -0.078636873496889123 0.087709162612871025 0.075740907277566022 0.029952252066205214 0.070264661786704735 0.057913303952750406 0.08070923124274193 0.013431673085075636 -0.053223224002034511 -0.01988819521121556 0.082972126463986898 -0.00080473814931539267 -0.38142229042318387 0.071816401413123357 0.047517834080557937 0.40341267822308297 -0.096300899323046946 0.086349314658948267 0.015596139399183985 -0.031770487183203543 0.040103241388250416 -0.033584724237228199 -0.0028968188210391609 -0.26189473343950659 0.0077783780868948523 -0.029863248896813532 -0.27484172912591637 -0.031829232992043308 0.073118927872645012 -0.23983018668951978 -0.019685178890936152 0.072263210779264675 -0.080011283498897273
leaf_weight=5.4344002080351839 1279.9460093106682 0.92784440970717597 0.85367117843998164 3.1508113945164951 25.048551836982369 15.645141209184656 15.250001051143043 6.7647220466751596 12.130877421004696 34.599485043436289 11.9428244594892 4.5400688105000881 1677.2737115886848 0.30809990025591005 16.256420489866287 27.873578251717845 0.73189055408874937 6.8538162154436568 6.192092310258885 147.27381637727376 6.9172646735096333 2.0253247905202443 118.93149848809117 670.68580398947961 0.62804106855764885 507.68632244785476 40.564200892375084 0.60479837539605696 44.177280944597442 17.886981932475464 0.65324737166520286 5.038490219070809 2.3635045003320556 1.7185801247906054
leaf_count=21059 1487820 1402 498 802 224 20359 775 222 226 1083 413 389 71351 73 326 6683 291 973 1149 42213 128 344 11017 32228 55 30416 9986 49 2683 1926 30 336 389 1500
internal_value=-0.000421817 -0.0662146 -0.120638 0.0406218 -0.000252886 0.011226 0.00249048 -0.00685012 -0.0139249 -0.0359201 0.013861 -0.000556747 0.00174094 0.00101861 0.0018404 -1.48222e-05 -0.00223918 -0.0299161 -0.00155703 0.021185 0.027206 0.136542 -0.00176823 -0.00751901 -0.0359847 0.000771947 -0.0334009 -0.0432331 -0.0404882 0.0508103 0.0118109 0.0289726 -0.00527655 -0.0243487
internal_weight=4718.88 12.0853 8.00665 4.07866 4706.79 121.382 105.736 90.4865 83.7217 46.7304 36.9914 4585.41 1938.3 1910.18 1868.68 1705.15 2647.12 63.6739 2583.44 163.53 12.038 2.75722 2577.25 789.617 41.5003 1787.63 41.1922 51.6359 51.0311 28.1188 10.2318 9.57856 9.28077 2.57225
internal_count=1749418 25261 23057 2204 1724157 23302 2943 2168 1946 1309 637 1700855 133368 130687 120573 78034 1567487 4857 1562630 42539 1152 635 1561481 43245 10114 1518236 10041 3705 3656 2681 755 725 517 1998
is_linear=0
shrinkage=0.07


Tree=137
num_leaves=35
num_cat=0
split_feature=12 7 3 0 7 0 2 9 12 2 0 9 9 2 7 2 7 2 6 3 0 2 3 3 2 0 9 2 6 12 7 8 12 7
split_gain=9.36447 10.9408 7.62349 4.2358 3.57351 3.53005 8.62896 7.47629 3.38702 6.03573 5.39189 5.58708 4.93166 4.89757 4.27938 3.59225 4.58138 3.30421 3.03665 2.86121 15.3701 8.91623 7.80332 19.0401 7.60504 8.02967 7.5194 6.59621 6.40411 5.51681 5.17795 8.80855 6.13294 5.1091
threshold=3.5000000000000004 0.40483494011101379 0.6066017316017317 0.62593283582089565 0.40633355614973271 0.2428337428337429 0.26365441906653436 0.47222222222222227 6.5000000000000009 0.5122242098986286 0.99253731343283602 0.92857142857142871 0.58571428571428574 0.42761904761904768 0.43645592985694515 0.42179392142327654 0.9201769911504426 0.40967365967365971 0.82232606438213918 0.42020373514431242 0.33549783549783552 0.32049382716049385 0.42967032967032975 0.44033898305084751 0.15535444947209656 0.55217785843920153 0.73214285714285732 0.34330357142857149 0.69467381027418862 40.500000000000007 0.7277389277389279 1.5000000000000002 49.500000000000007 0.83796653796653808
decision_type=2 2 2 2 2 2 2 2 2 2 2 2 2 2 2 2 2 2 2 2 2 2 2 2 2 2 2 2 2 2 2 2 2 2
left_child=1 2 3 -1 -3 6 -6 -8 9 10 15 13 18 -12 -14 16 17 -2 -11 20 21 30 28 -24 29 -26 -23 -28 33 -25 32 -32 -10 -21
right_child=8 4 -4 -5 5 -7 7 -9 19 12 11 -13 14 -15 -16 -17 -18 -19 -20 22 -22 26 23 24 25 -27 27 -29 -30 -31 31 -33 -34 -35
leaf_value=-0.15575710735242598 -0.042776176333179546 0.35030713072908198 -0.032006042139578209 -0.44353153429653341 -0.044479440948455962 -0.026410732779624236 0.23591915531598984 1.0587714636283208 -0.0063370345554726593 -0.008800186699707245 -0.070891545326243324 -0.33031525506842585 -0.026890698465704962 0.11178602528278807 0.12196911432574492 -0.086370843828940197 0.32405394680819227 0.06149918810033389 0.070515997915772066 -0.017620456773854661 -0.041303592530134825 -0.063396262982833171 -0.081748966127742156 -0.051255602709247346 0.0079266677704060082 -0.00053816621895586805 -0.031511127389354646 0.057556723867342105 0.042392762865229763 0.055032870885551054 0.013519959044218485 -0.014891804309284612 -0.14459831955331426 0.39978366594404319
leaf_weight=4.0887717109590067 19.932596946324121 0.16057185330464552 3.2723768169416871 0.26699250972978905 0.68910622505427432 3.017026975740464 0.43716582396837111 0.061747183668558137 194.10469741801262 60.911132330972578 0.99460145947523404 0.18795850529568259 1.4220317651233916 2.5964347392655327 2.8285051307320828 8.2385108896035018 0.17556222341954608 1.6092320347352131 2.4607442620908833 13.65795564470363 50.821588446450505 19.919118414692775 13.789135140490997 20.814658611137933 660.38646255974527 3258.6719632407112 11.922542475141201 6.1893175006666743 38.250208906825719 2.7036364250816396 237.35174138280672 69.017050885806384 1.5848763361573208 0.14521797845373008
leaf_count=9376 212376 120 7206 95 2310 5798 349 7 402486 70592 1610 13 256 1295 125 42972 4 8514 54 58079 120393 57823 30579 8672 307983 349506 10789 6297 5393 24 27446 859 10 7
internal_value=-0.000389771 -0.0621642 -0.112742 -0.173397 0.0262113 0.0138355 0.116043 0.337758 -0.000232154 -0.0128896 -0.0370743 0.0417176 -0.000824529 0.0611902 0.0721676 -0.0470141 -0.0320841 -0.0349865 -0.00572032 4.67829e-05 -0.00450049 -0.00103737 0.00071713 0.000362866 0.000650052 0.000888213 -0.033716 -0.00107421 0.0276433 -0.0390368 0.00143804 0.00711952 -0.0074568 -0.0132291
internal_weight=4712.68 11.9938 7.62814 4.35576 4.36562 4.20505 1.18802 0.498913 4700.69 101.357 33.7349 3.77899 67.6224 3.59104 4.25054 29.9559 21.7174 21.5418 63.3719 4599.33 590.911 540.089 4008.42 3956.37 3942.58 3919.06 38.031 18.1119 52.0534 23.5183 502.058 306.369 195.69 13.8032
internal_count=1749418 25261 16677 9471 8584 8464 2666 356 1724157 337811 266784 2918 71027 2905 381 263866 220894 220890 70646 1386346 626103 505710 760243 696764 666185 657489 74909 17086 63479 8696 430801 28305 402496 58086
is_linear=0
shrinkage=0.07


Tree=138
num_leaves=35
num_cat=0
split_feature=12 5 0 12 8 1 5 1 0 0 12 4 0 0 7 12 7 9 12 6 5 9 8 6 7 5 5 5 8 12 12 9 7 6
split_gain=8.06703 11.0433 5.51819 3.02583 3.46761 4.03954 11.658 6.52219 5.43818 5.11458 4.89861 7.37326 6.27678 4.74653 7.64715 5.99543 3.78307 4.06008 7.05378 4.02788 3.81445 3.05205 22.8463 21.5235 8.52314 12.2667 7.43552 12.6525 11.9531 10.1149 9.24304 13.4331 13.3506 9.22593
threshold=3.5000000000000004 0.61410415803287755 0.99253731343283602 10.500000000000002 1.5000000000000002 0.69614069369809484 0.7062745098039217 0.45748709122203107 0.78629976580796257 0.46265328874024531 8.5000000000000018 1.0000000180025095e-35 0.76277056277056288 0.58919961427193834 0.7438520459584762 9.5000000000000018 0.34222380275011849 0.92857142857142871 5.5000000000000009 0.92876658860265426 0.90346475507765844 0.23611111111111113 1.0000000180025095e-35 0.51903565561890053 0.38119783996072659 0.9201769911504426 0.95275297619047639 0.9201769911504426 2.5000000000000004 14.500000000000002 52.500000000000007 0.81666666666666676 0.73186673043201034 0.89864245092643558
decision_type=2 2 2 2 2 2 2 2 2 2 2 2 2 2 2 2 2 2 2 2 2 2 2 2 2 2 2 2 2 2 2 2 2 2
left_child=1 2 -1 4 5 6 7 -2 10 -9 11 -7 -12 15 -15 -8 -6 19 -19 -18 -20 22 -5 24 -24 -26 27 -23 29 -29 -28 33 -33 -32
right_child=3 -3 -4 21 16 8 13 9 -10 -11 12 -13 -14 14 -16 -17 17 18 20 -21 -22 26 23 -25 25 -27 30 28 -30 -31 31 32 -34 -35
leaf_value=-0.13786870118841088 -0.056219468705005944 0.033950981582270008 0.0019043483168041287 -2.1753027963722765e-05 0.11046050996763797 0.046134303991066182 0.012019943295828936 0.38576889595686897 -0.0028651566133569236 -0.018811048965818034 -0.032823727594511222 0.21668809484187876 0.089419924574046614 -0.031038520490215302 0.034458847952205218 -0.026168106790070877 -0.0024638250776631647 0.38308518018281107 -0.001281263125353285 -0.17328369261262977 0.10953372747634048 0.002840260972188203 0.099352517881878932 -0.067825865563497387 -0.03219391351052274 0.20671369294080943 -0.0085552302976972406 -0.020813215071641283 -0.04316691079639623 0.036149988915801186 -0.15344674501033298 -0.21874035154950278 0.053606351678907913 -0.0073392624066433614
leaf_weight=6.113646431794221 35.077808403359199 4.2267363278551784 1.7890416712434669 2737.5816835627847 2.1481219099805484 8.3601149521891784 110.23610912625873 0.15353040087097625 137.75428484552685 55.635641778732065 7.2179591437161417 1.4587547291012022 2.8791369229074917 47.197526282354374 10.718302257795584 24.649145472170858 10.731048806682793 0.30654332407357188 4.133597435640695 0.72188934125006277 2.4091388715896755 849.75083996626336 5.1844816556495088 45.614868269596627 10.575288669997915 1.1695532993762743 374.59113472294121 17.265467025659746 11.95030893140938 132.46207648239215 2.5762913327780543 0.9050368081079786 34.599575931482832 11.89644963381579
leaf_count=22111 718786 2204 946 411738 1885 5168 54413 2673 19585 138244 1732 212 873 1666 184 16412 8227 22 1309 9 108 238133 2768 15407 7507 53 33769 697 1451 18542 610 692 19096 2186
internal_value=-0.000365673 -0.0573788 -0.106226 -0.000218472 -0.00559907 -0.00690481 -0.0118977 -0.0325684 0.00207793 -0.0176977 0.0362681 0.0714729 0.00203344 -0.00215554 -0.0189171 0.0050414 0.02258 0.0122656 0.0548989 -0.0132308 0.0395226 0.000368078 -0.000977465 -0.0428093 0.024596 -0.00840345 0.00299182 0.00625532 0.0242043 0.0295814 -0.00478264 0.0234937 0.046664 -0.0333478
internal_weight=4710.04 12.1294 7.90269 4697.91 461.789 441.338 283.668 90.867 157.67 55.7892 19.916 9.81887 10.0971 192.801 57.9158 134.885 20.4503 18.3022 6.84928 11.4529 6.54274 4236.12 2800.13 62.5442 16.9293 11.7448 1436 1011.43 161.678 149.728 424.568 49.9774 35.5046 14.4727
internal_count=1749418 25261 23057 1724157 971508 959948 932378 859703 27570 140917 7985 5380 2605 72675 1850 70825 11560 9675 1439 8236 1417 752649 437473 25735 10328 7560 315176 258823 20690 19239 56353 22584 19788 2796
is_linear=0
shrinkage=0.07


Tree=139
num_leaves=35
num_cat=0
split_feature=12 5 3 2 3 2 5 2 3 2 3 3 7 7 2 3 12 9 3 5 7 6 12 6 9 7 7 5 5 5 6 12 6 7
split_gain=7.05064 9.82046 5.15182 2.97608 4.73352 12.823 7.2855 6.94232 6.76823 6.60273 15.9317 10.2051 11.7973 10.1138 9.42406 6.12552 5.55059 8.0395 5.24859 4.94241 4.72331 8.09138 5.18469 4.26312 3.84394 2.97995 6.92615 2.81541 7.35693 4.72704 3.28899 5.43068 8.90552 5.6364
threshold=3.5000000000000004 0.61410415803287755 0.6066017316017317 1.0000000180025095e-35 0.42020373514431242 0.32049382716049385 0.55938129666943237 0.15535444947209656 0.40270270270270275 0.3504385964912281 0.55245781364636837 0.45222154595252601 0.31608682723758552 0.49189094415709655 0.34851621808143551 0.35948717948717951 24.500000000000004 0.73214285714285732 0.59824561403508791 0.93771551724137947 0.55919074555368709 0.55578607653296463 42.500000000000007 0.99779735682819382 0.38750000000000007 0.88103563103563121 0.90957190957190959 0.94148770619358868 0.92885264341957263 0.96571316614420077 0.9131691379743655 7.5000000000000009 0.74347628772407548 0.8697268466138679
decision_type=2 2 2 2 2 2 2 2 2 2 2 2 2 2 2 2 2 2 2 2 2 2 2 2 2 2 2 2 2 2 2 2 2 2
left_child=1 2 -1 27 5 6 -5 18 15 10 13 12 -11 -9 -12 -8 25 -18 20 -19 21 -6 -22 -13 -20 -7 -27 28 30 -29 31 32 -2 -33
right_child=3 -3 -4 4 7 16 8 9 -10 11 14 23 -14 -15 -16 -17 17 19 24 -21 22 -23 -24 -25 -26 26 -28 29 -30 -31 -32 33 -34 -35
leaf_value=-0.14755745778588683 -0.070831403068052981 0.031072084151477181 -0.031006491863214757 -0.058533303426100802 -0.074795692204923089 -0.061031178528894336 -0.0054464782584464511 -0.026316169215343303 -0.060262080985170136 0.40874863523345306 -0.011521200525311784 8.3067973871946989e-05 -0.038054341574615548 0.030148091506434108 0.25140252798949725 0.011765979707719261 -0.064369488306878622 0.074296782730112032 -0.035341829630008134 -0.0073713890107042369 -0.050237496717046512 0.19479075670893137 0.074761948598783989 0.02688228583910195 -0.11894609266671244 0.139201396077824 -0.055774083439540156 -0.052675143855677564 0.12928620740657015 0.026110556249673848 -0.11862217893577667 0.0035073950106124653 0.33305225075237305 0.14495982383863229
leaf_weight=4.6453151668265473 0.44192523084439972 4.2925625953212148 3.0974729688587104 11.148090941054759 0.92099867913839562 32.252573536844466 328.34874075000334 17.299587482057177 9.3543292622216523 0.29164452294048615 107.85908303518227 3720.8381372306294 40.598700679036256 153.17007508280039 0.67216005214322549 146.51749147951614 9.5222263519171992 4.9969204746885234 5.9728746169475908 13.283529624342918 8.595266132852883 1.3381771901895261 2.0052621215581885 29.314863663210417 4.9098794738129072 1.2575118642998848 3.0776953048189171 6.0499785074498496 3.4055233518593004 9.7376270997337979 0.8262425884604444 17.103382917637649 0.67781571342493407 1.5014868350699533
leaf_count=14760 1877 2204 8297 321275 4927 164359 159677 102894 8284 5174 24112 638266 72691 90134 359 93656 711 99 1319 65 3054 500 16 22027 634 205 219 93 59 129 5 7294 26 17
internal_value=-0.000341837 -0.0538508 -0.100932 -0.00020462 -0.000367521 -0.00640506 -0.00258528 0.000458015 -0.00129721 0.000678181 0.0110711 -8.66818e-05 -0.0348676 0.024418 -0.00989285 -0.000135664 -0.0357914 -0.0122148 -0.037284 0.0149524 -0.00700712 0.0848884 -0.0265918 0.000292557 -0.0730609 -0.053707 0.000782378 0.0188692 0.0339937 -0.00408096 0.0182026 0.023934 0.173653 0.0149232
internal_weight=4705.33 12.0354 7.74279 4693.29 4653.55 559.759 495.369 4093.79 484.221 4070.04 279.001 3791.04 40.8903 170.47 108.531 474.866 64.3905 27.8027 23.7425 18.2805 12.8597 2.25918 10.6005 3750.15 10.8828 36.5878 4.33521 39.744 23.9564 15.7876 20.5509 19.7246 1.11974 18.6049
internal_count=1749418 25261 23057 1724157 1714657 748550 582892 966107 261617 955657 217499 738158 77865 193028 24471 253333 165658 875 10450 164 8497 5427 3070 660293 1953 164783 424 9500 9278 222 9219 9214 1903 7311
is_linear=0
shrinkage=0.07


Tree=140
num_leaves=35
num_cat=0
split_feature=12 5 0 5 1 2 2 1 0 3 0 3 3 12 6 3 12 2 1 12 5 12 9 12 8 4 1 4 5 1 12 1 5 3
split_gain=6.12325 8.73454 5.72578 3.28324 2.89345 12.7299 9.28191 8.75857 8.57908 7.91616 13.8546 13.352 6.83576 6.58268 16.6985 6.64684 6.38591 20.1546 8.60383 5.64649 10.3486 17.8426 8.92143 6.30413 16.9734 6.25721 5.31797 7.00093 4.75755 4.69632 7.74626 16.1792 5.86186 4.66948
threshold=3.5000000000000004 0.68432748538011701 0.95713410900183715 0.68898225957049497 0.84889995848899968 0.77015755329008351 0.94791101465002725 0.83438818565400863 0.84889995848899968 0.81892697466467967 0.90366769774635458 0.90070422535211281 0.84889995848899968 5.5000000000000009 0.52256779392457797 0.83910792512943055 20.500000000000004 0.93063352044907788 0.9240384615384617 20.500000000000004 0.83405797101449286 22.500000000000004 0.77500000000000013 17.500000000000004 1.0000000180025095e-35 1.0000000180025095e-35 0.86526825332795487 1.0000000180025095e-35 0.81509971509971524 0.95419580419580419 23.500000000000004 0.94791101465002725 0.89687399291008718 0.96490147783251234
decision_type=2 2 2 2 2 2 2 2 2 2 2 2 2 2 2 2 2 2 2 2 2 2 2 2 2 2 2 2 2 2 2 2 2 2
left_child=1 2 -1 -3 6 29 7 19 13 10 26 12 28 14 -9 -15 17 -13 -18 23 22 -22 -21 25 -25 -2 27 -7 -11 30 -6 32 -32 -10
right_child=4 3 -4 -5 5 9 -8 8 33 11 -12 16 -14 15 -16 -17 18 -19 -20 20 21 -23 -24 24 -26 -27 -28 -29 -30 -31 31 -33 -34 -35
leaf_value=-0.12101331572670689 -0.0028908928409778433 0.35132836395723416 0.013919403952625904 0.02761590026302924 0.041670166071596307 0.094022093008570048 0.085073948049387685 -0.072878302175392651 -0.068768555509168133 -0.022536936686077268 -0.066397903517337015 0.013704647536557934 0.046640440932227585 0.090773725849211201 0.88209773098865429 -0.020466255415083252 -0.019101525332745548 -0.009734670773611476 0.0066929648109901171 -0.029109828417959442 -0.026177964072367943 0.0031104537418725998 0.0023644436255761108 0.031482694411346837 -0.0032448417920217724 0.0091475255366777111 0.019009247508031915 0.45192915486639862 0.073689564721452022 0.071222183671467071 -0.1920889647312356 -0.55757868002724964 0.075335336661638844 -0.024577999892146311
leaf_weight=6.4493739833169439 1185.4325886558145 0.16087781605347062 2.0247638854671095 3.3592056397174019 8.3698361083661457 0.84954081475734999 6.0332195249284259 0.22087942610960354 17.990839098551078 13.908054174404244 17.352190513905953 244.3822523393319 47.405362972946023 3.91582871126593 0.15109238226432353 8.0281095228565373 68.559587532712612 679.72771034765174 835.91433030982444 143.24661715332695 122.00813725576154 619.04553129372653 63.774960913498944 114.72262580669667 172.89678348377129 257.52163469552579 1.8250121775781734 0.39108086377382278 3.0740864577383027 17.357598270260496 0.63817322161048595 0.33186135359574098 1.0835869273869319 33.597188701853156
leaf_count=23415 1466446 45 949 852 502 165 1369 111 1818 652 1738 10323 5037 310 7 834 9382 38475 77189 19681 7528 28458 3095 11966 23074 10134 243 3 738 2334 54 25 280 2186
internal_value=-0.000321729 -0.0502732 -0.0887732 0.0424105 -0.000193977 0.00187499 -0.00165517 -0.00184596 -0.0274572 0.00119194 -0.0421612 0.00165955 0.0329892 0.0250351 0.315026 0.0160039 0.000556387 -0.00353611 0.00473773 -0.00123496 -0.00557709 -0.00171163 -0.0194139 0.00114383 0.0106069 -0.000742416 0.0950239 0.206845 -0.00511813 0.0489192 0.0117792 -0.110046 -0.0237859 -0.039989
internal_weight=4701.75 11.9942 8.47414 3.52008 4689.76 1941.17 2748.59 2742.55 63.9039 1913.39 20.4178 1892.97 64.3875 12.3159 0.371972 11.9439 1828.58 924.11 904.474 2678.65 948.075 741.054 207.022 1730.57 287.619 1442.95 3.06563 1.24062 16.9821 27.7811 10.4235 2.05362 1.72176 51.588
internal_count=1749418 25261 24364 897 1724157 147140 1577017 1575648 5266 143945 2149 141796 6427 1262 118 1144 135369 48798 86571 1570382 58762 35986 22776 1511620 35040 1476580 411 168 1390 3195 861 359 334 4004
is_linear=0
shrinkage=0.07


Tree=141
num_leaves=35
num_cat=0
split_feature=12 3 5 0 1 1 9 12 3 9 1 2 2 0 0 5 5 12 3 0 12 8 1 1 2 3 3 3 3 1 2 3 12 2
split_gain=5.5763 7.48468 8.54239 7.15314 3.56584 3.07738 7.05255 2.64249 10.4598 5.90198 5.49184 7.98524 8.03455 7.35482 3.77969 6.59345 29.6339 3.42225 4.18006 9.01113 13.743 30.5272 11.3728 5.90333 5.21163 4.86202 4.35133 11.7406 3.89235 3.35577 6.84891 5.54761 2.99008 13.7745
threshold=6.5000000000000009 0.62593283582089565 0.57637088733798614 0.59317129629629639 0.27072835547411828 0.26766169154228864 0.92857142857142871 7.5000000000000009 0.90366769774635447 0.31666666666666671 0.48528138528138537 0.40967365967365971 0.39314988290398134 0.66244725738396626 0.13484848484848486 0.84389334862385323 0.82952776336274014 10.500000000000002 0.42020373514431242 0.55646630236794181 9.5000000000000018 1.0000000180025095e-35 0.55351882160392807 0.68042553191489374 0.23629112662013965 0.67117117117117131 0.30368906455862982 0.30940170940170947 0.80901722391084108 0.56070175438596503 0.45534290271132383 0.82446311858076571 15.500000000000002 0.93063352044907788
decision_type=2 2 2 2 2 2 2 2 2 2 2 2 2 2 2 2 2 2 2 2 2 2 2 2 2 2 2 2 2 2 2 2 2 2
left_child=1 2 -1 4 5 -4 -7 8 9 14 11 12 -11 -12 15 16 -2 18 24 20 21 -20 -22 28 26 -25 -9 -28 -21 30 -16 -31 33 -19
right_child=7 -3 3 -5 -6 6 -8 17 -10 10 13 -13 -14 -15 29 -17 -18 32 19 23 22 -23 -24 25 -26 -27 27 -29 -30 31 -32 -33 -34 -35
leaf_value=-0.10257174992120045 0.021230681542160946 -0.0038764149540083193 -0.0016568455069675822 0.1930947179181742 -0.050999119729826216 -0.070056027340241356 0.77245899617664826 -0.030745524897863977 0.11224595936465136 0.040895643011176798 0.19183655320896228 -0.072564393421561388 0.36224906522492112 0.014231309507081687 -0.0051483165326662965 0.0094417040567714456 0.98113212272168704 0.0068041741361819777 0.14155645892515861 -0.045426547220035328 -0.027039233490401847 0.0017717175204372329 0.41999863868195741 0.10350110426412647 -0.057008668252492331 -0.0042367195967527478 0.26475881617287433 0.0019352600501845603 -0.012635680119401306 0.054180478732122062 -0.080215601109422399 -0.03399355555022196 -0.00088499759900040624 -0.010877298744875148
leaf_weight=8.8219005570938389 0.75523754848836633 77.834452785392386 9.3807951402145626 0.73297535617712029 14.339556244143067 0.11889303480165914 0.082442401631851681 9.7869212982792515 4.8877355209770021 6.3223572466285969 2.4474091280153507 3.3074441969515647 0.40569765353939136 2.1428078237804584 26.453055513932668 2.9031929553020746 0.19914565188810229 1041.3311032282504 11.40232703452193 32.789708043662358 23.173052347861134 23.29561793980281 0.28224798833434661 2.087640355270195 17.604366261800578 121.82795796182836 0.99331834200347557 5.1548938011528662 38.641189378766285 8.5622268412425893 7.685800618877237 5.9095776917529284 2909.9611285373508 272.35730805069034
leaf_count=106545 1820 97548 52143 162 104820 1848 6 47962 167 1380 70 166 41 60 36719 72 17 446995 4206 30900 169969 27662 94 540 226470 19039 4871 42174 15680 1647 1530 441 284077 21577
internal_value=-0.000299912 -0.0157806 -0.0434584 -0.0223065 -0.0289065 0.00415478 0.274935 7.6107e-05 0.0133824 0.00618024 0.0455031 0.0164932 0.0602731 0.108927 -0.00478115 0.0619128 0.221528 -0.000136235 -0.00753238 -0.00445977 0.0197291 0.0477073 -0.0216598 -0.0116606 -0.030756 -0.00242163 -0.00175324 0.0443976 -0.027688 -0.0100738 -0.0220485 0.0181745 0.000366408 0.00313841
internal_weight=4693.98 111.311 33.4766 24.6547 23.9217 9.58213 0.201335 4582.67 71.9817 67.094 14.6257 10.0355 6.72805 4.59022 52.4682 3.85758 0.954383 4510.69 287.039 253.5 58.1532 34.6979 23.4553 195.346 33.5395 123.916 15.9351 6.14821 71.4309 48.6107 34.1389 14.4718 4223.65 1313.69
internal_count=1749418 363072 265524 158979 158817 53997 1854 1386346 44130 43963 1717 1587 1421 130 42246 1909 1837 1342216 589567 268090 201931 31868 170063 66159 321477 19579 95007 47045 46580 40337 38249 2088 752649 468572
is_linear=0
shrinkage=0.07


Tree=142
num_leaves=35
num_cat=0
split_feature=12 3 5 5 1 1 8 3 3 3 3 5 6 12 7 0 3 1 9 1 0 5 6 7 1 3 12 12 1 0 3 3 8 1
split_gain=4.8944 6.92159 5.96875 6.76188 6.10078 7.47143 9.27977 5.8669 4.78334 4.61526 4.26943 4.05088 5.46397 6.4264 4.09603 4.01748 6.22881 3.84346 5.02362 6.83703 3.48877 3.38704 3.53666 3.26696 3.15929 4.84173 5.0395 2.8875 2.87828 16.1374 37.4116 4.50513 3.089 2.67389
threshold=6.5000000000000009 0.82807881773399028 0.79187293729372954 0.85304401480872094 0.3417843388960205 0.34549071618037142 1.5000000000000002 0.7228132387706856 0.56330128205128216 0.7593103448275863 0.37590579710144939 0.48295234405269277 0.45481763745236808 4.5000000000000009 0.33420593368237356 0.78319623971797903 0.88416815742397148 0.52223320158102771 0.47222222222222227 0.51899951899951913 1.0000000180025095e-35 0.80136054421768721 0.78446455505279056 0.66513056835637496 0.79205974842767291 0.89512961508248245 4.5000000000000009 4.5000000000000009 0.63224516988674229 0.64075471698113218 0.75204918032786894 0.72871572871572887 2.5000000000000004 0.47413024085637828
decision_type=2 2 2 2 2 2 2 2 2 2 2 2 2 2 2 2 2 2 2 2 2 2 2 2 2 2 2 2 2 2 2 2 2 2
left_child=1 2 7 4 21 6 -6 10 -7 20 -1 17 13 -13 -14 16 -16 18 19 33 -5 22 -4 -17 -19 26 -26 -22 32 30 -30 -31 -9 -3
right_child=-2 11 3 9 5 8 -8 28 -10 -11 -12 12 14 -15 15 23 -18 24 -20 -21 27 -23 -24 -25 25 -27 -28 -29 29 31 -32 -33 -34 -35
leaf_value=-0.0094449232379120399 6.625241823782892e-05 -0.070795627036336475 -0.035860867912125838 0.26960125464804702 -0.070054628688482709 -0.071498581233441175 1.4311345847587531 -0.054878538664811703 0.14309929620872194 -0.11573877531525324 -0.081004291122355285 -0.027905919239274768 0.22033567718561528 0.18843103533037028 0.004060629643595829 -0.025338303156959209 0.19543431173756226 -0.043473289052794739 0.18086687817739464 0.52736333050186723 0.062264274683641985 -0.071841797359609397 0.23965320634660223 0.060771003372284298 0.14799941891946389 -0.0185964153300004 -0.090220260153235934 -0.029904736590166719 3.8552276190744577 0.37106211143114876 -0.070169541729620574 0.0054845012743971111 0.12722521705270484 0.074441669852526413
leaf_weight=5.0970009136073058 4582.5320372774922 1.753471787787934 0.49122156132944228 0.21484895149478589 0.035632201448607126 0.62034295733610667 0.04651983454823494 5.8637348828960949 2.8343884088390041 2.4164285358274347 20.584203790624883 1.0188468722190038 0.45518588618142786 1.9811129634108509 2.2906178014018237 11.476357465209729 1.3099505596219385 14.834327017379112 1.0764559237868523 0.11691080703349133 1.9883589632809133 1.8814138374618776 0.42653099403833039 2.6591771380626605 1.8797611357495037 8.7159316965335147 0.566208990785526 10.257652324529772 0.017833111211075336 0.17009920555210545 0.03573997432977194 5.705560995009364 0.49495884776115406 0.96184423565136956
leaf_count=86139 1386346 4066 1208 27 150 1812 1 24769 208 31 208418 166 37 144 285 865 146 13537 84 183 124 3469 113 50 479 1115 132 4052 117 446 103 8873 2 1721
internal_value=-0.000284438 -0.0148571 -0.031152 -0.00141112 0.0591481 0.120254 0.780016 -0.0477683 0.104565 -0.0272025 -0.0668018 0.00401666 0.0274304 0.114959 0.012996 0.00767475 0.0736858 -0.0125748 0.0521436 0.00321924 -0.0100334 -0.0180626 0.0921859 -0.00913942 -0.0223056 0.00582651 0.0928548 -0.0149394 -0.00798911 0.027095 1.23649 0.0160679 -0.0407036 -0.0193483
internal_weight=4692.81 110.279 59.1825 21.2133 6.33605 3.53688 0.082152 37.9691 3.45473 14.8773 25.6812 51.0962 21.1912 2.99996 18.1913 17.7361 3.60057 29.9049 3.90868 2.83223 12.4609 2.79917 0.917753 14.1355 25.9962 11.1619 2.44597 12.246 12.2879 5.92923 0.0535731 5.87566 6.35869 2.71532
internal_count=1749418 363072 340062 11195 6961 2171 151 328867 2020 4234 294557 23010 1693 310 1383 1346 431 21317 6054 5970 4203 4790 1321 915 15263 1726 611 4176 34310 9539 220 9319 24771 5787
is_linear=0
shrinkage=0.07


Tree=143
num_leaves=35
num_cat=0
split_feature=5 3 6 5 6 0 7 5 9 5 0 6 7 6 6 5 6 6 9 9 1 6 6 5 2 2 6 6 7 7 6 7 7 0
split_gain=3.08116 32.9513 16.9681 23.4218 20.8814 18.9803 16.2347 14.9738 12.8317 11.9266 11.614 11.0185 10.7616 7.94881 7.07949 11.0381 7.44829 7.36928 6.9651 9.92083 6.71062 7.43589 24.4895 6.64364 6.63703 11.2046 5.87458 21.8476 30.7649 73.406 6.0521 5.72251 5.90559 5.46053
threshold=0.54912120288529931 0.69028213166144214 0.2440886240923478 0.42136968928344964 0.38482106129164956 0.5656275635767023 0.45622551524442179 0.2403703703703704 0.19090909090909094 0.96571316614420077 0.5270467836257311 0.30198506289308186 0.48019607843137252 0.41396725879484514 0.48358830711771883 0.7062745098039217 0.51554445876288668 0.30198506289308186 0.14835164835164838 0.38750000000000007 0.99253731343283602 0.21722278395685882 0.23317152103559871 0.42566918325326014 0.61633428300094983 0.61257406188281782 0.4213106295149639 0.42022896114967728 0.57725039784127874 0.55919074555368709 0.37225340817963115 0.45293443135619732 0.42702481273408249 0.90070422535211281
decision_type=2 2 2 2 2 2 2 2 2 2 2 2 2 2 2 2 2 2 2 2 2 2 2 2 2 2 2 2 2 2 2 2 2 2
left_child=1 -1 7 8 11 10 9 24 -4 14 -6 -5 -7 -10 15 17 -16 -2 -17 -20 -9 -22 -23 -13 25 -3 27 30 29 -29 -8 32 -18 -26
right_child=6 2 3 4 5 12 26 20 13 -11 -12 23 -14 -15 16 18 31 -19 19 -21 21 22 -24 -25 33 -27 -28 28 -30 -31 -32 -33 -34 -35
leaf_value=-0.065819798164215002 -0.030562204306767891 0.03351098549067931 -0.060102892656781662 0.34705006449522513 0.089970270576853098 -0.024608445810186841 -0.34025543276310782 0.074244913094862072 -0.0015355869514146814 -0.030498365474735993 0.41336573189231296 0.33648870054402136 0.0099800202478522101 -0.11522914187331902 -0.031607280390992511 -0.0055152157743560441 0.027443640519529175 0.074075040624332011 0.071273756720504094 0.008650790967329295 0.083406042351673218 1.1402686141977187 0.18490317742186807 0.05542504935834687 0.022620823247922594 0.31384896232198745 -0.00070787507314683078 -0.021065778675589179 -0.075058683714456634 4.5827735128083029 0.059895861437731228 0.089744013442920809 -0.0073249671559248884 0.00033084648583670548
leaf_weight=39.396405119113751 3.6322213706991979 15.531178593586446 69.76226655552 0.70379820503148849 2.376229375327966 113.08393852249355 0.19121376479097207 1.6744433711191951 37.495690004534481 23.140543628920568 0.70575040411313228 0.42432943217681796 72.229567151211086 3.2764909025499938 17.857511559843488 32.950746335491203 60.156040167614265 35.839761511963843 21.922697157628136 28.524792025404167 0.47521246800897643 0.18102153379004449 0.48032639719895087 14.287797383120958 55.93569548461528 0.73150367767266367 2541.6173975945167 0.038940972312957345 0.073152281703187327 0.030077999643253861 5.8941770397345863 5.0834268676489947 39.759154414437944 1446.5237409220863
leaf_count=756613 351 4498 191081 45 1189 33126 249 1388 8721 1172 430 255 7194 639 5761 2750 17966 9202 1130 1634 27 72 166 1830 7827 195 667185 132 49 33 3057 1692 11648 10111
internal_value=-0.000278788 -0.00247723 -0.00111795 -0.0159237 -0.00185224 -0.00826158 0.00118486 0.00194088 -0.0418697 0.0175442 0.164025 0.0764753 -0.0111269 -0.0106721 0.0220685 0.0339494 0.0101863 0.0644463 0.0195153 0.0358645 0.163351 0.294628 0.446402 0.0635315 0.00164213 0.0461207 -0.000541494 0.0673626 0.925149 1.98526 0.0473224 0.0172943 0.0136082 0.00116069
internal_weight=4691.99 1875.28 1835.88 314.346 203.811 188.395 2816.71 1521.53 110.534 268.867 3.08198 15.4159 185.314 40.7722 245.726 122.87 122.856 39.472 83.3982 50.4475 2.811 1.13656 0.661348 14.7121 1518.72 16.2627 2547.84 6.22756 0.142171 0.069019 6.08539 104.999 99.9152 1502.46
internal_count=1749418 1025407 268794 244510 44069 41939 724011 24284 200441 53306 1619 2130 40320 9360 52134 15067 37067 9553 5514 2764 1653 265 238 2085 22631 4693 670705 3520 214 165 3306 31306 29614 17938
is_linear=0
shrinkage=0.07


Tree=144
num_leaves=35
num_cat=0
split_feature=1 3 1 0 3 0 7 5 5 0 3 1 3 1 3 5 1 6 6 5 7 5 5 6 8 9 6 6 0 9 3 5 6 6
split_gain=3.04906 13.1426 15.0889 19.0228 9.73668 8.54489 7.11956 18.1688 6.88686 6.67054 12.7764 12.5369 18.9201 6.19677 7.63361 11.5153 6.10536 10.8396 8.26385 4.94715 11.7368 14.9705 9.4079 13.6836 11.0011 13.4989 9.21004 8.16694 10.0334 7.00413 23.5291 21.303 21.0059 13.1613
threshold=0.86526825332795487 0.91734972677595628 0.91476997578692509 0.91476997578692509 0.88273491214667699 0.90070422535211281 0.9201769911504426 0.92508503401360553 0.68898225957049497 0.938137755102041 0.96362433862433872 0.90990259740259749 0.98243451463790465 0.94185260311020957 0.94826048171275656 0.61920122887864837 0.95419580419580419 0.92074911499371936 0.60932326158940409 0.9201769911504426 0.83796653796653808 0.88322510822510836 0.95683229813664605 0.53070896605087536 2.5000000000000004 0.47222222222222227 0.87287157287157302 0.80119760479041935 0.58919961427193834 0.23611111111111113 0.62145593869731808 0.44912747707778772 0.77677926662922259 0.51295475902805754
decision_type=2 2 2 2 2 2 2 2 2 2 2 2 2 2 2 2 2 2 2 2 2 2 2 2 2 2 2 2 2 2 2 2 2 2
left_child=19 2 3 4 -2 -6 -4 -8 -5 -3 13 12 -12 14 -11 -16 17 -13 -18 20 21 29 23 -21 25 -25 27 28 -23 30 32 -31 -1 -33
right_child=1 9 6 8 5 -7 7 -9 -10 10 11 16 -14 -15 15 -17 18 -19 -20 22 -22 26 -24 24 -26 -27 -28 -29 -30 31 -32 33 -34 -35
leaf_value=-0.051512987077823501 0.064422525560526203 -0.027950538110912814 0.062063860672072445 -0.063639859629861989 -0.040119965634626886 0.054715202871142204 -0.74271925920675341 -0.0049528017956253752 0.045799280721502841 0.038871172619545827 -0.20417364771381571 -0.01074915378045691 0.022608393149913353 0.055626764092195982 -0.015616202914247552 -0.31452270131385723 -0.0023469649480465085 -0.095088010522960606 0.013818136871520925 0.0671469278380772 0.015440506655451703 -0.0042715022637444143 -0.0028163665669208257 0.00015600515587432207 -0.052584990267775619 0.030939739482970848 0.021261709146328172 -0.054274353223628453 -0.040968482657340918 -0.041932628436677569 -0.002596941259933224 0.027030084561336782 0.024570625291380828 0.0010144473739108575
leaf_weight=91.339591807906572 21.151023919926956 39.670818535800208 45.043383681637351 19.794628228264632 12.203703880193645 7.526797520229592 0.17168568063061629 3.4571595307497773 3.2851574515807433 5.3626687165815365 1.8254514400905453 138.76845686158049 144.04986852692673 30.287210248134215 2.2814631451037717 0.87327220474253398 1203.9321174625366 7.8917899474326978 177.85257584245119 20.483645763830282 143.02844774426922 86.344482014617824 613.92576037693652 199.95710881067498 13.982895926601485 107.23086651116319 21.007941559539177 43.411025703142514 63.250515903666383 48.013620678037341 786.30850846690282 121.60960117764125 22.07899745548275 440.19130528492724
leaf_count=569442 2288 3685 4754 1481 1103 497 24 1526 378 428 96 7626 8120 3703 142 59 51473 1952 52354 1386 7593 11583 29333 12029 617 5601 664 2073 987 431682 259296 171922 10700 92821
internal_value=-0.000279654 0.00191622 0.0250945 0.00274464 0.0314279 -0.00394222 0.0544649 -0.0398576 -0.0480624 0.0004268 0.00108393 0.000163633 0.0197705 0.0407926 -0.0119565 -0.0983574 -0.00170765 -0.0152874 -0.000266319 -0.00173111 -0.00382809 -0.00542709 0.00236503 0.0116756 0.00813772 0.0109018 -0.0227534 -0.0275442 -0.0197874 -0.00297067 -0.00689618 0.00282107 -0.0367019 0.00664589
internal_weight=4687.59 1865.43 112.634 63.9613 40.8815 19.7305 48.6722 3.62885 23.0798 1752.8 1713.12 1674.32 145.875 38.8046 8.5174 3.15474 1528.44 146.66 1381.78 2822.16 1866.58 1723.56 955.58 341.655 321.171 307.188 214.014 193.006 149.595 1509.54 899.727 609.815 113.419 561.801
internal_count=1749418 141689 12051 5747 3888 1600 6304 1550 1859 129638 125953 121621 8216 4332 629 201 113405 9578 103827 1607729 1558763 1551170 48966 19633 18247 17630 15307 14643 12570 1535863 839438 696425 580142 264743
is_linear=0
shrinkage=0.07


Tree=145
num_leaves=35
num_cat=0
split_feature=12 3 5 3 3 3 5 3 0 7 1 1 3 5 3 3 7 6 7 7 6 12 6 0 12 7 1 1 9 12 1 12 0 7
split_gain=4.35868 5.79131 5.25412 6.10756 4.70478 4.00555 3.7061 6.81998 3.63722 3.43134 3.61932 3.39639 5.53345 7.44782 18.3812 3.24109 2.74445 9.14855 3.30963 5.30487 3.97797 3.20557 2.64562 11.6492 9.35454 9.79815 8.98381 10.0982 5.15425 4.96431 3.37902 3.1851 11.0922 4.73073
threshold=6.5000000000000009 0.82807881773399028 0.79187293729372954 0.73765182186234834 0.7228132387706856 0.37590579710144939 0.85304401480872094 0.56330128205128216 0.70678733031674223 0.48397370043147736 0.13484848484848486 0.55612829324169544 0.88416815742397148 0.66826156299840511 0.93063352044907788 0.64075471698113218 0.42127011744236631 0.45625809490168379 0.56420895839982987 0.50102880658436222 0.64796600834054618 4.5000000000000009 0.99779735682819382 0.69028213166144214 50.500000000000007 0.84764185703758299 0.34851621808143551 0.40838270792187847 0.47222222222222227 17.500000000000004 0.22792207792207794 80.500000000000014 0.31662489557226409 0.95845660749506922
decision_type=2 2 2 2 2 2 2 2 2 2 2 2 2 2 2 2 2 2 2 2 2 2 2 2 2 2 2 2 2 2 2 2 2 2
left_child=1 2 4 6 5 -1 7 -4 11 -8 -11 -3 -13 14 -14 -9 -10 21 19 -19 -20 -18 31 24 25 28 30 -28 -24 -30 -27 -2 -33 -34
right_child=22 8 3 -5 -6 -7 9 15 16 10 -12 12 13 -15 -16 -17 17 18 20 -21 -22 -23 23 -25 -26 26 27 -29 29 -31 -32 32 33 -35
leaf_value=-0.0073894995631451459 -0.00015212140131715867 -0.059696173813256051 -0.0043950525034999188 -0.079450657612739894 -0.01113675570933503 -0.078313127617865602 -0.072074601517140374 0.22471625361538988 -0.012944030653733778 0.16464997587597377 0.0021468138859862462 0.076501019940844545 1.3470748457301387 0.04362734106349863 -0.074991975442659398 0.063611145240411726 -0.0056197659709969691 0.020568974872651743 0.10004826219843688 -0.10071757220196921 -0.0078047740853417992 0.17447033539313847 0.10595634851651944 0.070244787875226103 0.055691319840301755 0.01630841545980621 -0.13402205948482279 0.00068758972815849396 -0.015616227028617169 0.049026653683504361 -0.021365636076547744 -0.31608073517673352 0.070940932591020273 -0.11036482390495127
leaf_weight=4.9155744480671073 4447.4893482234456 0.51968611128722786 3.2002841317007613 3.9957300577661945 12.847030122932663 18.921408703962356 2.8970237967805579 1.3292535894870527 31.5449549815512 0.7340594711713474 7.8905689135863213 1.1830637378479876 0.098693851741700089 0.15532618566066958 0.081165626441361383 1.1337918598146641 0.61666800224520857 3.8653880816818837 2.6766291445383104 3.2550702161170193 4.480975596467033 2.2563995725249697 3.7191744816955206 14.045450688994604 13.955029994802315 17.566798072308302 6.5289841950871033 4.6821550909371581 11.461769160901897 11.828879504028007 34.725268542417325 0.7001901152543718 1.6712633636198009 1.2199210604012476
leaf_count=86139 1360369 738 6635 77 34310 208418 1244 206 19322 110 2836 514 74 19 39 87 1003 625 103 247 84 242 56 20348 775 292 101 870 204 328 315 10 1980 698
internal_value=-0.000259886 -0.0141199 -0.0292561 -0.00149672 -0.0452838 -0.0636875 0.0166286 0.062995 0.00314372 -0.00616226 0.0159778 0.0947626 0.147633 0.398698 0.705335 0.150556 -0.000690532 0.0218465 -0.00108674 -0.0348764 0.0325275 0.135816 6.9504e-05 0.0103917 0.0023446 -0.00588024 -0.0209005 -0.0777627 0.0294341 0.0172147 -0.00870956 -0.000205332 -0.0661006 -0.00556014
internal_weight=4678.19 108.599 57.8647 21.1807 36.684 23.837 17.185 5.66333 50.734 11.5217 8.62463 2.03794 1.51825 0.335186 0.179859 2.46305 48.6961 17.1511 14.2781 7.12046 7.1576 2.87307 4569.59 118.514 104.468 90.513 63.5032 11.2111 27.0098 23.2906 52.2921 4451.08 3.59137 2.89118
internal_count=1749418 363072 340062 11195 328867 294557 11118 6928 23010 4190 2946 1384 646 132 113 293 21626 2304 1059 872 187 1245 1386346 23289 2941 2166 1578 971 588 532 607 1363057 2688 2678
is_linear=0
shrinkage=0.07


Tree=146
num_leaves=35
num_cat=0
split_feature=12 3 5 9 6 2 7 3 0 7 0 2 5 12 6 6 3 7 5 7 3 5 2 2 2 12 2 3 2 9 12 3 2 0
split_gain=3.88412 5.08775 5.03061 5.4373 5.43989 4.94879 5.19896 4.08386 3.68467 3.58854 4.55048 6.63112 3.07585 3.62891 12.6786 6.08544 5.86629 4.36086 3.73232 3.2634 3.03293 4.70179 2.53567 4.11489 5.57086 5.37706 3.21107 3.9319 3.70348 3.07805 2.61289 2.39112 9.46352 8.38368
threshold=6.5000000000000009 0.82807881773399028 0.57637088733798614 0.31666666666666671 0.66823899371069195 1.0000000180025095e-35 0.59275647328744685 0.7228132387706856 0.79118217054263573 0.20626738667975789 0.72871572871572876 0.71516754850088204 0.48295234405269277 4.5000000000000009 0.74347628772407548 0.44783893034825878 0.90070422535211281 0.62973194188663817 0.59476565172767715 0.5954627326528863 0.73765182186234834 0.79187293729372954 0.52223320158102771 0.47413024085637828 0.47690120824449184 3.5000000000000004 0.79205974842767291 0.91734972677595628 0.83438818565400863 0.47222222222222227 5.5000000000000009 0.2253968253968254 0.11269841269841276 0.13484848484848486
decision_type=2 2 2 2 2 2 2 2 2 2 2 2 2 2 2 2 2 2 2 2 2 2 2 2 2 2 2 2 2 2 2 2 2 2
left_child=1 2 7 8 5 -5 -7 -1 20 10 11 -9 22 14 17 -15 18 -14 -17 -18 21 -4 23 29 25 -25 -24 30 -29 -3 -28 33 -33 -2
right_child=31 12 3 4 -6 6 -8 9 -10 -11 -12 -13 13 15 -16 16 19 -19 -20 -21 -22 -23 26 24 -26 -27 27 28 -30 -31 -32 32 -34 -35
leaf_value=-0.089009386874459293 0.023758575488551939 -0.070804177936810486 -0.065766302847429653 0.48889466913108398 -0.036855017641376005 0.071488246582750492 -0.05775828736349909 0.042357261798674578 0.069559427969000248 -0.072586751738654365 -0.070831210042876985 0.39540191916495659 -0.032514646366564294 0.14608940115656996 -0.55265300343968249 0.16937521764820293 -0.044730519263433056 0.21071461348729681 0.042010474821970276 0.037796008698299743 -0.094440105206397548 0.0036550673462252305 -0.041869257936650243 -0.071027255886571244 0.10130376941186203 1.0301671707974809 0.081211912057270269 0.037304729879893486 -0.064677358092264159 0.10027819746087088 -0.089081523600081522 -0.045555686639256202 8.0430685059913203e-05 -0.031846241879216877
leaf_weight=9.8167572027234673 63.166747476584533 1.5330663062977725 9.0866691135177096 0.12480555386355163 5.4144747559694215 7.4956404639260636 1.9145392709142468 2.0519818757056782 1.5723596829775477 3.3080903715535896 1.4393784416024571 0.29862828482873727 3.4499311754407276 2.1830143518236609 0.22064524817687914 1.5944146671099577 5.8123635744123003 0.40342706884257484 3.848977336398093 3.939095369190909 4.276029202675999 10.087557216189451 14.279628824189787 0.033012351406796259 1.2113705263091104 0.063562148461642209 3.758215682470107 2.9246673887100769 4.325352206134994 0.77620081210625347 0.50025786952028273 22.377004593919992 4465.7810348881667 16.825361330648775
leaf_count=144465 15963 3440 147101 42 387 1987 1317 1300 47 31448 691 31 767 127 14 225 307 10 164 79 657 10589 14210 18 1375 115 1136 459 464 37 63 13216 1348245 8922
internal_value=-0.000243137 -0.0133798 -0.0277623 -0.0142211 0.0191804 0.0510002 0.0451925 -0.0597621 -0.0341764 -0.0193125 0.0271878 0.0872091 0.00270789 0.022863 -0.0365993 0.0368031 0.0211021 -0.00704978 0.0793167 -0.011394 -0.0411319 -0.0292437 -0.0119957 0.0428893 0.142094 0.653743 -0.0196943 0.00782029 -0.0235377 -0.0132992 0.0612069 6.67039e-05 -0.000147101 0.0120628
internal_weight=4675.89 107.744 56.8869 39.9721 14.9495 9.53499 9.41018 16.9148 25.0226 7.09808 3.78999 2.35061 50.8572 21.4519 4.074 17.3779 15.1949 3.85336 5.44339 9.75146 23.4503 19.1742 29.4053 3.61721 1.30795 0.0965745 25.7881 11.5085 7.25002 2.30927 4.25847 4568.15 4488.16 79.9921
internal_count=1749418 363072 340062 162127 3733 3346 3304 177935 158394 33470 2022 1331 23010 1693 791 902 775 777 389 386 158347 157690 21317 4985 1508 133 16332 2122 923 3477 1199 1386346 1361461 24885
is_linear=0
shrinkage=0.07


Tree=147
num_leaves=35
num_cat=0
split_feature=5 5 7 2 7 3 2 0 1 3 5 3 9 5 5 3 3 5 7 3 9 9 7 7 7 0 1 8 5 3 3 9 9 2
split_gain=2.56283 10.4288 13.8848 10.28 8.64552 7.51538 6.22943 15.7097 12.5651 14.9204 12.0943 9.92602 8.98861 19.3047 11.4027 8.81753 6.04699 8.86934 7.96013 5.7501 5.70279 7.4012 5.80056 5.54374 5.44317 5.34401 6.7228 6.3431 7.80078 12.964 6.11394 5.31828 9.63279 13.8005
threshold=0.91445993031358896 0.90346475507765844 0.88103563103563121 0.46709956709956718 0.72423112767940356 0.35948717948717951 0.56966490299823647 0.57321428571428579 0.58380149812734083 0.710394265232975 0.54912120288529931 0.81120250685468098 0.23611111111111113 0.76975051975051978 0.80136054421768721 0.69028213166144214 0.710394265232975 0.68432748538011701 0.68244631185807669 0.30940170940170947 0.77500000000000013 0.61250000000000016 0.38903903903903908 0.61356664807585071 0.85794995964487508 0.19836065573770492 0.19139194139194141 1.5000000000000002 0.99773755656108609 0.77871939736346529 0.36491677336747763 0.69047619047619058 0.47222222222222227 0.81375640520299586
decision_type=2 2 2 2 2 2 2 2 2 2 2 2 2 2 2 2 2 2 2 2 2 2 2 2 2 2 2 2 2 2 2 2 2 2
left_child=1 2 6 20 5 19 10 16 11 -10 15 -9 13 -12 -14 23 17 -8 -18 -2 21 22 -3 -1 -24 26 -7 28 30 -30 -27 32 -5 -34
right_child=4 3 -4 31 -6 25 7 8 9 -11 12 -13 14 -15 -16 -17 18 -19 -20 -21 -22 -23 24 -25 -26 27 -28 -29 29 -31 -32 -33 33 -35
leaf_value=-0.064540659635371228 0.0051943613287438236 0.14252227753362914 0.042434828521502987 -0.038324637892430964 -0.0018231480720768472 -0.010597451776450679 -0.089803231793441227 -0.054236268768652479 0.052117845918326668 0.00013576476899737337 -0.050229369611985937 0.0018826012941192839 0.01495164331847602 -0.003306937960833839 -0.008684805217467664 -0.0026595540541712419 0.090678382845817446 0.041454560117754252 0.003428156994491375 -0.040683455988389752 -0.03308074453394319 0.13505967272272751 -0.019947996280810853 0.3322961601579138 0.042025662229470004 0.16544660820693213 -0.17083804625760413 0.043030166485472796 -0.015647267139232878 0.041153186706945684 0.021211071371943984 0.057974938465684106 -0.22163611634951255 0.070437402539690108
leaf_weight=31.587867442747214 34.638253577461001 1.4976545202953264 36.569959929867764 52.811865811585449 726.08570963266538 13.674610464193391 3.440463857166832 37.028666952901403 27.340530983972712 2603.0677832319288 58.118692856669441 26.493614574921594 182.07284319667542 164.75780117783688 221.88557693851908 19.590623045966822 17.737232120494813 9.4546561793977144 7.2049695238893028 21.818577679543523 16.562194396043196 2.4147528288885942 20.118865509000901 0.1734415932637593 10.604827949544413 1.4522147967945773 1.4157463308947615 40.106298620885354 80.061957838232047 26.110634615499293 171.69159519539244 2.4941956167313029 3.1565266568213692 1.0585260695661416
leaf_count=740571 1987 77 2789 1242 77427 561 3661 31767 10254 223029 379338 12161 77973 96939 9065 42120 999 330 299 2426 146 23 4033 1405 558 370 53 4857 2651 5244 12501 1997 135 430
internal_value=-0.000229187 -0.00114769 -0.000468359 -0.0222942 0.00269577 0.011088 -0.000928473 0.000562263 -6.68485e-05 0.000676068 -0.00693323 -0.0308304 -0.00425767 -0.0155427 0.00196866 -0.0395929 0.0453536 0.00643451 0.0654747 -0.0125358 0.00070391 0.016859 0.00800069 -0.0623736 0.00144331 0.0150751 -0.0256309 0.0169981 0.0132603 -0.00167854 0.0224208 -0.0420764 -0.0464524 -0.148288
internal_weight=4674.3 3557.24 3446.52 110.719 1117.06 390.97 3409.95 2731.77 2693.93 2630.41 678.187 63.5223 626.835 222.876 403.958 51.3519 37.8373 12.8951 24.9422 56.4568 51.1983 34.6361 32.2213 31.7613 30.7237 334.513 15.0904 319.423 279.316 106.173 173.144 59.5211 57.0269 4.21505
internal_count=1749418 1641341 1632700 8641 108077 30650 1629911 282500 277211 233283 1347411 43928 563315 476277 87038 784096 5289 3991 1298 4413 4837 4691 4668 741976 4591 26237 614 25623 20766 7895 12871 3804 1807 565
is_linear=0
shrinkage=0.07


Tree=148
num_leaves=35
num_cat=0
split_feature=6 3 2 7 8 8 2 2 2 8 8 2 3 2 2 5 2 8 5 8 7 2 1 3 3 2 1 2 7 5 3 1 3 6
split_gain=2.5824 10.6961 11.0003 9.54538 7.55377 13.6431 6.05866 4.98372 4.27302 3.58675 2.79456 3.72316 2.6982 9.84881 8.42242 8.48602 7.95511 7.7437 13.7003 9.65424 9.63984 7.15327 6.7776 6.11381 16.4384 7.44556 6.1551 9.16857 6.19558 6.05291 5.58272 16.957 10.5897 5.16839
threshold=0.99779735682819382 0.61651583710407254 0.34525329927628784 0.81848688224527166 1.5000000000000002 1.0000000180025095e-35 0.38757823784304291 0.14907407407407411 0.18808962264150944 2.5000000000000004 5.5000000000000009 0.45199692780337947 0.42488716956802064 0.25198412698412703 0.25866188769414583 0.8389976958525347 0.26747967479674806 1.5000000000000002 0.80136054421768721 4.5000000000000009 0.69705627705627715 0.24807692307692311 0.44300144300144306 0.42967032967032975 0.44033898305084751 0.28759398496240607 0.22903981264637005 0.2809758771929825 0.95845660749506922 0.95683229813664605 0.58123167155425226 0.25586470267321337 0.57359307359307365 0.77677926662922259
decision_type=2 2 2 2 2 2 2 2 2 2 2 2 2 2 2 2 2 2 2 2 2 2 2 2 2 2 2 2 2 2 2 2 2 2
left_child=10 2 8 -4 5 -5 -7 -3 -2 -10 12 -12 13 17 -15 16 -16 20 19 -19 -1 -20 -17 25 -25 26 28 -28 -14 -22 32 -32 -26 -27
right_child=1 7 3 4 -6 6 -8 -9 9 -11 11 -13 23 14 15 22 -18 18 21 -21 29 -23 -24 24 30 33 27 -29 -30 -31 31 -33 -34 -35
leaf_value=-0.010456367441775246 0.046059578816499518 -0.14115341687173066 0.041129009706549972 0.012909189655069406 0.022770790821807652 -0.10314171042150912 -0.22907413563725609 0.060466496931296083 -0.001524720863479202 0.056599710805663776 -0.11622019230305039 0.07158885241377784 0.016397968113707959 -0.075145658865063344 0.039044549366691425 -0.0071463740676707766 -0.050406167703518003 0.043049957991412181 -0.039177714551985224 0.82449142779796847 0.027088460151710122 0.052782140819243338 0.12521152263236568 -0.075369521101747286 0.0068988183378455642 -0.03972233002792306 0.073951635009456229 0.28362462575966552 -0.43596679203648814 -0.00012630716323333983 -0.041863392744126787 -5.9556654536559274e-05 0.096662905126160714 0.035307700875271603
leaf_weight=93.550519722074228 14.432356110773979 0.6185328289866473 4.4710755783598879 3.476568768732248 2.9912502011284241 4.6456805823836476 3.1353454428026453 20.876904883727548 56.772371391765773 5.7268726341426364 2.1181321754120286 0.68432166753336776 4.7302542770783012 11.629364343642463 5.5288246346242422 141.95065049160621 40.984042254795099 12.621199440916822 54.995459381680121 0.07794623545487489 112.37893684685514 4.4826471114938604 1.9213708409224626 14.151192632853052 351.86403436006094 8.5127279954406294 8.9225364835526726 1.1540889546633941 0.15315797179937352 62.215032904059626 48.190834648947657 3553.2719205788162 6.559882124390696 9.5403056740324228
leaf_count=257951 262 8 70 36 96 31 85 22123 513 80 32 263 4160 24282 39364 22108 416309 10705 667 5 25950 66 243 37676 364102 30603 8134 1698 2 818 8876 468801 2682 617
internal_value=-0.000215819 0.0100461 1.90201e-05 -0.0481042 -0.0761042 -0.102376 -0.153886 0.0546649 0.0117289 0.00380128 -0.0004799 -0.0703597 -0.000436854 -0.00507065 -0.0173143 -0.0137817 -0.0397735 0.00219713 -0.0181551 0.0478464 0.0076754 -0.032247 -0.00537877 0.00019031 -5.89018e-05 0.0301899 0.0667083 0.0979658 0.0022105 0.0173907 0.000210231 -0.00061893 0.00854168 -7.1962e-05
internal_weight=4669.34 117.147 95.6515 18.7199 14.2488 11.2576 7.78103 21.4954 76.9316 62.4992 4552.19 2.80245 4549.39 542.336 202.014 190.385 46.5129 340.322 72.1773 12.6991 268.144 59.4781 143.872 4007.05 3974.04 33.0131 14.96 10.0766 4.88341 174.594 3959.89 3601.46 358.424 18.053
internal_count=1749418 23304 1173 318 248 152 116 22131 855 593 1726114 295 1725819 798468 502306 478024 455673 296162 11443 10710 284719 733 22351 927351 882137 45214 13994 9832 4162 26768 844461 477677 366784 31220
is_linear=0
shrinkage=0.07


Tree=149
num_leaves=35
num_cat=0
split_feature=12 3 5 9 3 7 1 2 7 3 2 3 5 12 8 3 7 7 5 7 1 9 1 1 3 12 12 3 9 1 1 1 5 7
split_gain=3.16333 4.27215 4.54403 4.57011 3.71215 3.56866 7.92622 4.00609 3.31575 3.45144 10.0938 2.97993 2.67945 3.07166 4.27585 4.684 3.67584 3.09603 3.00442 3.65352 2.80372 3.40295 3.21922 2.57539 3.63335 3.53987 2.32378 9.20909 4.91513 4.60063 6.99905 5.94698 5.06341 3.92024
threshold=6.5000000000000009 0.83047895500725699 0.57637088733798614 0.31666666666666671 0.7228132387706856 0.59275647328744685 0.075498575498575485 0.21525096525096529 0.20626738667975789 0.72871572871572887 0.65599385245901654 0.64346246973365628 0.48295234405269277 4.5000000000000009 1.5000000000000002 0.90070422535211281 0.49189094415709655 0.5862971655533491 0.78492842777712069 0.62973194188663817 0.52223320158102771 0.47222222222222227 0.47413024085637828 0.79205974842767291 0.89512961508248245 4.5000000000000009 7.5000000000000009 0.90366769774635447 0.31666666666666671 0.48528138528138537 0.47690120824449184 0.66312056737588665 0.88969991889699929 0.60479471719781808
decision_type=2 2 2 2 2 2 2 2 2 2 2 2 2 2 2 2 2 2 2 2 2 2 2 2 2 2 2 2 2 2 2 2 2 2
left_child=1 2 4 -4 -1 7 -7 -5 9 10 -6 -9 20 18 15 17 -17 -15 19 -14 21 22 -3 -22 25 -25 27 28 33 30 32 -31 -30 -2
right_child=26 12 3 5 8 6 -8 11 -10 -11 -12 -13 13 14 -16 16 -18 -19 -20 -21 23 -23 -24 24 -26 -27 -28 -29 29 31 -32 -33 -34 -35
leaf_value=-0.086722538836941934 -0.024527549996554612 -0.070710549766371658 -0.031827529093534528 -0.069260196967799198 -0.070109599715640125 0.53512791561334705 -0.053458006579349883 0.094583769359773057 -0.072808154269238964 0.010012791809099145 1.0339591985340435 0.01556878471020118 -0.031795816155258283 0.12440297474731982 -0.085060877980653288 0.073040863202014791 -0.013768904929743584 0.00015983263793708843 -0.15600219452743494 0.19039763304595769 -0.040492649604616952 0.13633949823807615 0.075539033653784463 0.12010174405103743 -0.017007404892992153 -0.086443628215150378 -0.00012381491736668872 0.10729119578446003 -0.019549020513119603 0.17293994049892683 -0.32800584690831958 0.012832671687843003 0.081555838729255994 0.014046524874549242
leaf_weight=9.0339624708703905 24.51482637547042 1.5279651489327108 23.87066282284195 1.4563930948315817 0.11276099249152993 0.11527395536540908 4.0839563142226325 4.7337062777050942 3.0879163405434156 3.6965625161938078 0.063381830485013779 4.6226045962248463 2.9066263003624075 4.2969636031848557 1.3623444201512018 3.6755828424793417 6.8339984342965181 1.2742098961607551 0.7894277057785074 0.41429959272500116 13.817318203758989 1.2850306486652696 1.4255548585006179 2.0197496544424207 8.5352951315180672 0.50906228638632445 4490.3151304032808 4.7024599439391741 5.487414820933278 2.4899293095186286 0.28285250256885852 2.0917385008360725 4.3521351382369176 27.270820815423576
leaf_count=144465 34764 4065 158395 348 189 24 1563 1721 31487 1815 22 78 750 363 27 230 212 65 32 9 13503 84 1902 479 1115 129 1342216 167 1500 75 8 55 79 7482
internal_value=-0.000202096 -0.0121825 -0.0257152 -0.0127962 -0.0571213 0.0174659 -0.0373006 0.038735 -0.0187029 0.0244381 0.32717 0.0555454 0.00247285 0.0211826 0.0340104 0.044098 0.0165916 0.0959867 -0.0332549 -0.00407624 -0.0113754 0.0412505 -0.000121286 -0.0203402 0.00482705 0.0785231 7.51239e-05 0.0126228 0.00592744 0.0416444 0.0153018 0.0998437 0.0251707 -0.00421407
internal_weight=4667.06 105.551 54.8772 38.8826 15.9946 15.0119 4.19923 10.8127 6.96062 3.87271 0.176143 9.35631 50.6734 21.5535 17.4431 16.0808 10.5096 5.57117 4.11035 3.32093 29.12 4.23855 2.95352 24.8814 11.0641 2.52881 4561.51 71.1922 66.4897 14.7041 10.1224 4.58167 9.83955 51.7856
internal_count=1749418 363072 340107 162129 177978 3734 1587 2147 33513 2026 211 1799 22965 1688 897 870 442 428 791 759 21277 6051 5967 15226 1723 608 1386346 44130 43963 1717 1587 130 1579 42246
is_linear=0
shrinkage=0.07


Tree=150
num_leaves=35
num_cat=0
split_feature=12 1 3 1 3 2 6 3 12 2 3 7 3 7 2 1 7 5 7 5 5 7 6 1 3 1 2 2 3 3 5 12 7 2
split_gain=2.83522 2.28145 11.3654 13.6151 10.215 8.69747 7.83616 7.5687 6.70897 16.2969 14.1444 7.8898 6.83276 8.81369 6.61352 6.46639 7.37343 18.3565 6.36549 7.1082 6.05777 6.89482 6.72335 5.99081 4.21157 4.08065 5.6698 9.86899 8.99463 11.9975 7.61891 6.17213 5.80245 5.0051
threshold=1.5000000000000002 0.86526825332795487 0.91734972677595628 0.91476997578692509 0.85313725490196091 0.94791101465002725 0.61574917973022247 0.88273491214667699 20.500000000000004 0.90990259740259749 0.97014260249554385 0.29860438069393297 0.99253731343283602 0.54176929392446649 0.9025932953826693 0.9240384615384617 0.9201769911504426 0.94148770619358868 0.9201769911504426 0.92508503401360553 0.63256584685156125 0.47466187296695772 0.47839423846359036 0.97617697107203638 0.94665718349928885 0.82972848596410509 0.81375640520299586 0.8021739130434784 0.85053191489361712 0.98484500574052836 0.59476565172767715 48.500000000000007 0.5862971655533491 0.86526825332795487
decision_type=2 2 2 2 2 2 2 2 2 2 2 2 2 2 2 2 2 2 2 2 2 2 2 2 2 2 2 2 2 2 2 2 2 2
left_child=-1 5 3 4 6 25 -3 -6 9 12 24 -12 23 -14 -9 16 -10 -18 -5 -20 22 -22 -17 -4 -11 26 27 32 30 -30 -28 -29 -2 -27
right_child=1 2 8 18 7 -7 -8 14 15 10 11 -13 13 -15 -16 20 17 -19 19 -21 21 -23 -24 -25 -26 33 28 31 29 -31 -32 -33 -34 -35
leaf_value=-0.096789237601701009 0.0034360016980019663 -0.052471203280280543 -0.03104777600679481 0.059498293298110488 0.064000722444128313 0.083972861111821465 0.039588104836334778 -0.027260246777667755 -0.0073887860458386632 0.012033928272091645 -0.0061972792426492791 -0.023771959501273303 0.01844118144161655 0.083030594501899146 0.055457041163540138 0.0057858070625228667 -0.30192736784601004 -0.031913275672344463 -0.34356790648045515 -0.0053423094378784253 0.04940981602610417 0.011607099130228794 -0.014727080126802254 0.08501917049564281 0.06105470117262201 -0.010408312925426096 -0.026631302228636518 -0.032673528419599841 -0.016178961089681261 0.03573810797802518 0.080309137917693577 -0.32705063062193074 -0.0035963128196717133 -0.087305513319231157
leaf_weight=1.4883375521612823 902.30001017236214 19.962786566407889 19.276470470402277 43.503480088780634 15.056825443563865 5.832278009147557 5.8608403203834305 14.695624902349666 44.988972946608556 17.824552993188263 531.91708256246056 163.68277257768204 104.44607187321526 11.491111493465722 6.9886400474497341 531.64313970948569 1.4840181544423083 7.3142630442453083 0.33405169862089623 3.4380941411654931 27.27160265679413 177.60368758738332 91.815352921315935 2.4567512067151247 16.572090302230208 155.60128346761485 4.1409828981486525 42.007269605397596 52.725745277028182 37.198004654739634 15.421353842626557 0.35192166786873613 1584.5863266790091 4.2610925309563745
leaf_count=10239 1165491 1517 1259 4753 1452 1386 1052 1256 5381 834 10541 28634 3381 315 462 14356 147 2017 24 1526 2834 58052 1090 94 702 12608 1258 5038 11594 2550 796 214 396353 212
internal_value=-0.00019047 -0.000159645 0.00174157 0.0235834 0.0021603 -0.00142035 -0.0315777 0.0258732 0.000370483 -0.00399991 -0.00816606 -0.0103328 0.0180911 0.024843 -0.000601222 0.00466927 -0.0188502 -0.0774569 0.0519347 -0.0352947 0.00619649 0.0166391 0.00276492 -0.0179274 0.0356518 -0.00159831 -0.000940395 -0.0016155 0.0146551 0.00529714 0.0576718 -0.0351192 -0.00104483 -0.012458
internal_weight=4665.54 4664.05 1859.63 109.84 62.5647 2804.43 25.8236 36.7411 1749.79 867.667 729.996 695.6 137.67 115.937 21.6843 882.121 53.7873 8.79828 47.2756 3.77215 828.334 204.875 623.458 21.7332 34.3966 2798.59 2638.73 2529.25 109.486 89.9237 19.5623 42.3592 2486.89 159.862
internal_count=1749418 1739179 141679 12042 5739 1597500 2569 3170 129637 45760 40711 39175 5049 3696 1718 83877 7545 2164 6303 1550 76332 60886 15446 1353 1536 1596114 1583294 1567096 16198 14144 2054 5252 1561844 12820
is_linear=0
shrinkage=0.07


Tree=151
num_leaves=35
num_cat=0
split_feature=12 3 5 3 0 3 2 7 0 1 2 5 1 0 5 0 7 5 5 3 1 3 1 7 0 2 0 12 1 2 7 0 8 12
split_gain=2.88864 3.6915 4.20059 3.48103 3.47464 4.07467 3.87334 3.0074 3.57499 5.3194 2.83838 2.63492 2.60341 2.64602 2.57324 2.31444 2.26973 6.10923 2.78527 1.99708 9.55765 7.30325 15.9497 15.128 7.05492 11.8071 7.13823 6.30795 6.29063 5.54971 4.18897 4.08862 7.34849 14.4876
threshold=6.5000000000000009 0.83047895500725699 0.57637088733798614 0.7228132387706856 0.77459677419354855 0.74133811230585434 0.59611795446061977 0.20626738667975789 0.72871572871572876 0.71516754850088204 0.61633428300094983 0.79187293729372954 0.74443344878772899 0.46265328874024531 0.89687399291008718 0.70678733031674223 0.66513056835637496 0.78492842777712069 0.48295234405269277 0.2253968253968254 0.075498575498575485 0.24316334072431636 0.1731634182908546 0.89164300514158557 0.13484848484848486 0.22048611111111113 0.15535444947209656 45.500000000000007 0.091966173361522255 0.20761494252873566 0.93035692078099752 0.12632978723404262 1.0000000180025095e-35 16.500000000000004
decision_type=2 2 2 2 2 2 2 2 2 2 2 2 2 2 2 2 2 2 2 2 2 2 2 2 2 2 2 2 2 2 2 2 2 2
left_child=1 2 3 -1 5 6 11 8 9 -5 -8 -4 13 -7 15 -3 17 18 -17 24 27 22 28 -24 31 26 -26 -21 -22 -30 -28 -2 33 -33
right_child=19 14 4 7 -6 12 10 -9 -10 -11 -12 -13 -14 -15 -16 16 -18 -19 -20 20 21 -23 23 -25 25 -27 30 -29 29 -31 -32 32 -34 -35
leaf_value=-0.085071643466819016 0.01868328291390985 0.073953331295314603 -0.040997391254441996 0.029613572994841842 0.070907769818019703 0.02567566294586595 0.14124102379110937 -0.07272295042570899 -0.07077111226787007 0.32194222874130873 0.013219419495509539 0.0033829078856209521 0.080610307181388313 -0.10673816014586661 0.080092117200059737 -0.012521865007921342 0.056317947573008717 -0.0966516902118226 0.027872537628349965 -0.10595174323385467 0.39672499288900998 0.00011065122582518187 -0.054432732304893337 -0.28789831160590718 -0.10209476932002985 0.83468415768586468 -0.015854802482072099 -0.70114625074136872 0.017909518718723032 0.50084281990773383 0.13429215422142404 0.11903202388808044 0.034195420011389185 0.95117000585760314
leaf_weight=8.5584787740226584 61.969643547222404 1.924160830427353 11.761225588689745 2.2892949232627866 2.3251161755033527 0.8850574473690348 1.3503501153390964 2.8875880330060681 1.3705645672598619 0.35189588164212171 2.2837681341334246 14.809040733791333 0.50941806333139528 4.4955024646624224 1.9823066375683982 28.266040362124841 2.8338050692400421 3.5274974545463911 11.879338579085013 2.9940162171178595 0.25967409002077912 4459.3213313919314 4.5924292420468191 1.93215376639273 5.1365096918989428 0.077109297549212807 10.46359163220222 0.089869186282157787 2.8682444646456138 0.12153899867735152 0.99725438468158323 0.36779923537323966 1.2107943795299432 0.14213655779167311
leaf_count=144465 15143 1363 150035 1314 82 176 118 31487 694 18 155 11094 15 454 86 20108 43 53 1312 2202 54 1353673 4019 19 2351 87 6466 1 1393 100 18 244 552 24
internal_value=-0.000174172 -0.0116929 -0.0244322 -0.0552465 -0.0120343 -0.0173772 -0.00699127 -0.018249 0.0209604 0.0685616 0.0607891 -0.0162619 -0.0706374 -0.0849572 0.00192181 -0.00127775 -0.00439035 -0.00832954 -0.000568838 8.97008e-05 -0.000106835 -2.18283e-05 -0.0604645 -0.12357 0.0110266 -0.0295076 -0.0335225 -0.123297 0.0662449 0.0375415 -0.00278991 0.0216387 0.128073 0.350977
internal_weight=4656.83 104.29 53.8773 15.4578 38.4195 36.0944 30.2044 6.89934 4.01176 2.64119 3.63412 26.5703 5.88998 5.38056 50.4131 48.4308 46.5067 43.6729 40.1454 4552.54 4472.18 4469.1 9.77404 6.52458 80.3648 16.6745 16.5974 3.08389 3.24946 2.98978 11.4608 63.6904 1.72073 0.509936
internal_count=1749418 363072 340107 177978 162129 162047 161402 33513 2026 1332 273 161129 645 630 22965 22879 21516 21473 21420 1386346 1361461 1359258 5585 4038 24885 8922 8835 2203 1547 1493 6484 15963 820 268
is_linear=0
shrinkage=0.07


Tree=152
num_leaves=35
num_cat=0
split_feature=12 1 0 7 2 7 7 3 0 3 3 0 2 0 6 6 0 6 0 8 2 8 1 3 12 12 12 2 12 2 8 6 2 0
split_gain=2.54841 3.37053 3.43449 8.1894 2.79443 2.79382 7.41193 10.7568 67.6283 484.199 2.92245 2.85581 2.7816 3.82265 3.6522 6.00509 2.5854 2.1992 10.3249 8.36699 8.48686 14.149 9.06742 3.86542 3.82635 3.53806 2.77779 8.66196 7.0347 9.64684 9.16194 21.204 7.10586 6.26414
threshold=6.5000000000000009 0.40936473165388831 0.27072835547411828 0.9201769911504426 0.61257406188281782 0.47281683833407978 0.48662948662948668 0.57359307359307365 0.44575163398692813 0.56330128205128216 0.77871939736346529 0.5656275635767023 0.8175416133162613 0.963409192324855 0.53070896605087536 0.53361581920903967 0.63211600429645542 0.99779735682819382 0.69028213166144214 1.5000000000000002 0.34525329927628784 1.0000000180025095e-35 0.40838270792187847 0.44033898305084751 46.500000000000007 28.500000000000004 48.500000000000007 0.31311274509803927 44.500000000000007 0.091966173361522255 3.5000000000000004 0.92074911499371936 0.2809758771929825 0.99253731343283602
decision_type=2 2 2 2 2 2 2 2 2 2 2 2 2 2 2 2 2 2 2 2 2 2 2 2 2 2 2 2 2 2 2 2 2 2
left_child=1 2 3 -1 -4 10 7 8 9 -7 -3 -12 14 -14 -8 -16 -13 26 19 20 24 23 -23 -22 25 -19 28 -28 -2 -30 32 -32 -31 -29
right_child=17 5 4 -5 -6 6 12 -9 -10 -11 11 16 13 -15 15 -17 -18 18 -20 -21 21 22 -24 -25 -26 -27 27 33 29 30 31 -33 -34 -35
leaf_value=-0.0078001222398642878 -0.00017622490506661169 -0.045753493773334597 -0.060215629177544049 0.63488485295892372 0.09228572916294521 -0.070016594589003722 -0.062518228475704207 0.10729029081252625 -0.043034098307315652 39.66440408843507 0.13102854481572063 -0.15848384261657941 0.00037276418838924776 -0.13590891835832913 0.31040200757504904 0.019102732473081221 -0.0052016081188064308 0.018340952047424232 0.070223158646579395 0.034645960499157212 -0.064872140248903712 -0.13300458682679661 -0.0049997873067452424 0.072673532002176994 0.063509739514357927 -0.018411432386962107 -0.04513660908181541 0.025794200676121194 -0.35132093792881186 0.10372877103659818 -0.0032762155216207334 -0.70100384883889755 0.024713897294515626 -0.017230579338584795
leaf_weight=10.056118967073985 4302.8544779944386 10.909489315566928 14.68555214579828 0.098099783062935653 0.61335515763721637 0.010223728030271828 2.697403644552657 2.2945941089005828 0.053904068941619698 0.0017616931563679836 0.74449597392594924 0.54704491137090272 2.8716396860545492 1.5544458885560741 0.3535613386857247 18.04325218854342 37.543786029425064 23.136437722481787 12.305434273992431 28.547012284703669 1.3029893934726722 8.6221806556568463 3.9556223193212654 4.3217841139994562 4.7624082193942732 28.825907279970124 27.482888127677143 29.345942075437051 0.32309519872069259 6.8080898444168261 1.0015812923084002 0.27121614068164479 30.839405556645943 38.120788448664825
leaf_count=79716 1325559 81982 149562 1 713 338 6399 784 331 6 195 723 117 14 258 10645 31288 188 20348 1168 6 128 839 174 101 337 245 3729 3 67 147 68 7179 26060
internal_value=-0.000164047 -0.011048 -0.0331532 -0.00159115 -0.0541016 -0.00379981 0.0139387 0.132612 1.01444 5.7704 -0.0137418 -0.00474917 0.00296204 -0.0474895 0.013548 0.0247011 -0.00740298 8.23722e-05 0.0096064 0.0023977 -0.00988875 -0.0514771 -0.0927481 0.0408108 0.00345665 -0.00204729 -0.000166147 -0.0120103 9.28518e-05 0.0295959 0.032758 -0.151953 0.0390028 0.00148387
internal_weight=4655.91 103.079 25.4531 10.1542 15.2989 77.6256 27.8808 2.36048 0.0658895 0.0119854 49.7448 38.8353 25.5203 4.42609 21.0942 18.3968 38.0908 4552.83 115.78 103.474 74.9273 18.2026 12.5778 5.62477 56.7248 51.9623 4437.05 94.9496 4342.1 39.2434 38.9203 1.2728 37.6475 67.4667
internal_count=1749418 363072 229992 79717 150275 133080 18892 1459 675 344 114188 32206 17433 131 17302 10903 32011 1386346 23289 2941 1773 1147 967 180 626 525 1363057 30034 1333023 7464 7461 215 7246 29789
is_linear=0
shrinkage=0.07


Tree=153
num_leaves=35
num_cat=0
split_feature=12 12 3 5 2 2 6 2 12 6 6 2 8 2 12 3 7 9 7 5 7 3 6 7 12 6 3 7 5 7 2 7 12 2
split_gain=5.79728 3.29675 5.49157 9.04312 9.06546 53.1416 913.295 22.2525 4.83825 3.94832 7.50864 3.85703 3.46503 2.69981 1.98207 8.08596 3.65639 3.52281 3.30033 5.48543 4.39234 3.06451 6.70937 4.92796 2.96248 4.99217 6.10866 5.33859 4.84676 3.48564 2.81821 2.65421 2.54887 11.6959
threshold=1.5000000000000002 6.5000000000000009 0.60120481927710856 0.68432748538011701 0.42179392142327654 0.42462121212121218 0.64140689089417569 0.44610281923714762 4.5000000000000009 0.62303319878078933 0.60476460578559277 0.59611795446061977 1.5000000000000002 0.25198412698412703 7.5000000000000009 0.88416815742397148 0.52470642948494373 0.31666666666666671 0.60479471719781808 0.97489495798319337 0.61574917973022247 0.37590579710144939 0.61574917973022247 0.64306599832915634 10.500000000000002 0.85372985308800475 0.42020373514431242 0.88103563103563121 0.88322510822510836 0.82842712842712851 0.74443344878772899 0.64306599832915634 15.500000000000002 0.93063352044907788
decision_type=2 2 2 2 2 2 2 2 2 2 2 2 2 2 2 2 2 2 2 2 2 2 2 2 2 2 2 2 2 2 2 2 2 2
left_child=-1 2 3 4 12 6 -6 -7 9 10 -5 13 -2 -10 15 17 30 18 19 -3 -20 23 -23 -19 25 26 29 -28 -27 -16 -17 -30 33 -26
right_child=1 14 -4 8 5 7 -8 -9 11 -11 -12 -13 -14 -15 24 16 -18 21 20 -21 -22 22 -24 -25 32 28 27 -29 31 -31 -32 -33 -34 -35
leaf_value=-0.14469956366997624 -0.074327303944564993 -0.032926159513165139 -0.0033092365813099539 0.065204610791355797 -0.070005337051881403 -1.0234141393289315 -67.99359605010676 -0.12961285066405809 0.0076868980712623937 0.026306150444165274 0.56687954019066367 0.166123877270625 0.10015240082030608 -0.058513629178736981 -0.038611822233720137 0.1998472949378165 0.0066320986022139093 -0.012947973662282232 0.14426651774745908 0.089265613212470785 0.0067915694828993836 0.079063637594413788 -0.026759061508255601 0.20283374777704116 0.0063076963536171735 0.14110065299829705 -0.005856632736819592 -0.45161009430766708 0.046793442503935356 -0.20393277462729617 0.079972450066643802 -0.0095598310691237861 -0.0007952666222269826 -0.010073836769719222
leaf_weight=1.3608128384494182 6.1683385410723544 21.864799181016682 75.622970860039459 0.47058900386946456 0.016500397482559603 0.14685721141815133 0.0010305697360875046 1.932979666918317 4.754817423797248 2.0185108239147667 0.21206686931145668 0.48792114329990077 0.61315567321844344 8.2668179763907137 23.561140185387334 1.6096340272924856 1.7373027830326462 0.88817190135614454 1.1907569324857856 1.9617246309062455 26.095452452555946 5.4359061086061029 6.3830180096701952 1.2463314487140449 1036.1221235591493 1.6972876582585765 240.15427675347951 0.13172605953877692 7.7092378258530543 0.64194379373657184 2.3846635103800509 8.7363871335401182 2892.9242612245325 269.00562598206307
leaf_count=10239 163399 34639 105588 154 1018 7351 44 16945 15382 210 34 4 575 42129 321210 48 90 543 1117 74 6356 794 283 82 446995 60 267671 4 242 123 104 257 284077 21577
internal_value=-0.000239593 -0.000197337 -0.0127243 -0.0411025 -0.0978874 -0.225074 -4.06294 -0.192724 -0.0100006 0.075523 0.22105 -0.0271005 -0.0585515 -0.0343407 7.98527e-05 0.0117008 0.0914073 0.00467959 -0.00383063 -0.0228657 0.0127909 0.0358533 0.0219122 0.113046 -0.000103767 -0.00704069 -0.00947728 -0.006101 0.0284801 -0.0429967 0.12828 0.016857 0.000363259 0.00293123
internal_weight=4653.56 4652.19 100.713 25.0896 8.87886 2.09737 0.017531 2.07984 16.2107 2.70117 0.682656 13.5096 6.78149 13.0216 4551.48 70.7978 5.7316 65.0662 51.1127 23.8265 27.2862 13.9534 11.8189 2.1345 4480.68 282.632 264.489 240.286 18.1429 24.2031 3.9943 16.4456 4198.05 1305.13
internal_count=1749418 1739179 352833 247245 189332 25358 1062 24296 57913 398 188 57515 163974 57511 1386346 44130 242 43888 42186 34713 7473 1702 1077 625 1342216 589567 589008 267675 559 321333 152 499 752649 468572
is_linear=0
shrinkage=0.07


Tree=154
num_leaves=35
num_cat=0
split_feature=12 12 3 5 2 2 6 2 12 2 1 5 6 12 8 3 12 7 1 2 12 5 3 3 1 2 2 12 8 2 7 6 1 2
split_gain=5.52026 2.60707 4.3589 8.48713 6.68819 209.844 577.313 6.49251 3.76209 3.07898 3.431 2.68323 1.95371 9.2878 8.22579 8.21112 7.93659 7.33614 23.1753 3.95891 2.66442 5.88805 2.22526 17.0443 9.92854 6.43143 6.94647 2.91556 2.17724 7.51882 1.8515 1.95152 3.17087 3.94959
threshold=1.5000000000000002 6.5000000000000009 0.62593283582089565 0.63775949862906389 0.44300144300144306 0.44610281923714762 0.44494949494949504 0.47413024085637828 4.5000000000000009 0.58204833141542012 0.14907407407407411 0.9455533596837945 0.99779735682819382 50.500000000000007 2.5000000000000004 0.61651583710407254 29.500000000000004 0.69100428367444089 0.34724637681159426 0.14907407407407411 112.50000000000001 0.97489495798319337 0.39250700280112055 0.37590579710144939 0.32049382716049385 0.15535444947209656 0.3504385964912281 42.500000000000007 3.5000000000000004 0.20761494252873566 0.72423112767940356 0.71919968460477046 0.578045515394913 0.71010186757215632
decision_type=2 2 2 2 2 2 2 2 2 2 2 2 2 2 2 2 2 2 2 2 2 2 2 2 2 2 2 2 2 2 2 2 2 2
left_child=-1 2 3 4 -2 6 -6 -7 11 10 -10 -5 20 14 15 16 -14 18 -15 -17 22 -22 23 24 -3 27 -27 -24 -19 -30 31 -4 -33 -34
right_child=1 12 30 8 5 7 -8 -9 9 -11 -12 -13 13 17 -16 19 -18 28 -20 -21 21 -23 25 -25 -26 26 -28 -29 29 -31 -32 32 33 -35
leaf_value=-0.14761281211760419 -0.065011680540352126 0.0012602219234802722 -0.00081285927182445214 0.04165111472583885 -0.070101962714841648 -0.62135149014274571 -27.849519894261171 -0.099216853932057966 0.059221148260760775 0.13142118935431035 -0.043846496278867227 0.29401922185976909 0.012419337126254015 -2.087951384570732 0.079204391002294275 -0.11937421693386975 -0.032665558656039768 0.069491344567725266 0.070308871298379816 0.054396657919763683 -0.65677962000218515 0.071844037193027566 -0.040203176333715757 -0.06062312989396719 -0.046437930587215959 0.010457812408047081 -0.00026926296402753606 0.040963983937473615 -0.28017824392170393 0.074687916443127014 0.052714008506759287 0.023259676307546603 -0.12799888810893104 -0.0088080388281161614
leaf_weight=1.2446182809644586 5.26920132801901 378.24722030457042 63.219164855846884 2.7162594215296862 0.013446017709782043 0.12698207239945003 0.0050396842125379751 1.4401058787412919 1.7962742635918374 0.58997209466178979 13.304537080924778 0.22341501165647049 33.714697286719456 0.032420505769553354 6.1531441152619655 0.67599775455891986 44.234344764263369 15.064062651043061 0.098286122592980973 12.932472523971226 0.095684300642459585 0.12578827986726537 25.323020283917234 25.348428904398133 22.664784715579117 321.79994326696851 3661.0205527020544 2.3715716861188403 0.39706872124224801 1.1115639064082641 2.8319602211267911 2.8217242447717563 2.7134599347482435 2.7356970587279648
leaf_count=10239 130781 337749 96018 650 1120 7170 593 14529 4511 30 97088 15 276 2 564 6 513 10493 183 10913 30 106 13351 66926 70343 283516 591018 18 15 324 126 76 35 91
internal_value=-0.000211469 -0.000172026 -0.0113634 -0.036345 -0.102941 -0.228989 -7.6435 -0.141526 -0.011842 -0.0254573 -0.0315864 0.0608311 7.3388e-05 0.00910489 0.000858834 -0.0044064 -0.0131653 0.0573422 -0.465027 0.0457646 -0.000159502 -0.242948 -0.000147382 -0.00495596 -0.0014363 0.000363701 0.000597453 -0.0332526 0.0614621 -0.0187121 -0.00279712 -0.00499611 -0.0369711 -0.0681603
internal_weight=4652.46 4651.22 99.8072 25.4852 6.85477 1.58557 0.0184857 1.56709 18.6305 15.6908 15.1008 2.93967 4551.41 114.414 97.7107 91.5575 77.949 16.7034 0.130707 13.6085 4437 0.221473 4436.78 426.26 400.912 4010.52 3982.82 27.6946 16.5727 1.50863 74.322 71.49 8.27088 5.44916
internal_count=1749418 1739179 352833 256487 154193 23412 1713 21699 102294 101629 101599 665 1386346 23289 12272 11708 789 11017 185 10919 1363057 136 1362921 475018 408092 887903 874534 13369 10832 339 96346 96220 202 126
is_linear=0
shrinkage=0.07


Tree=155
num_leaves=35
num_cat=0
split_feature=12 1 2 2 1 3 3 6 6 5 3 9 7 6 9 6 5 3 12 12 9 5 6 7 7 2 7 1 5 5 3 7 3 6
split_gain=5.27307 2.32777 9.24406 7.80015 7.22913 6.90637 10.253 10.0328 11.0747 9.42361 6.75586 8.25058 5.77029 14.5394 5.72248 9.79406 7.15667 5.33807 4.72091 15.3352 23.5664 17.2708 4.67332 13.8005 4.57484 12.4572 11.8425 4.48734 4.16501 3.92519 3.26084 3.1503 5.6773 3.51561
threshold=1.5000000000000002 0.84889995848899968 0.76028169014084523 0.94791101465002725 0.83438818565400863 0.81892697466467967 0.90070422535211281 0.95678847692718072 0.9788721916381492 0.6089163540057384 0.85912698412698429 0.31666666666666671 0.97489495798319337 0.9788721916381492 0.61250000000000016 0.9455533596837945 0.5337121212121213 0.84889995848899968 21.500000000000004 22.500000000000004 0.92857142857142871 0.84389334862385323 0.71468475658419794 0.7133312547325289 0.73926218708827418 0.81375640520299586 0.61826965305226189 0.87570224719101131 0.81509971509971524 0.9831455354606573 0.80901722391084108 0.9201769911504426 0.79205974842767291 0.48358830711771883
decision_type=2 2 2 2 2 2 2 2 2 2 2 2 2 2 2 2 2 2 2 2 2 2 2 2 2 2 2 2 2 2 2 2 2 2
left_child=-1 3 10 4 18 7 17 9 -9 -4 27 -12 22 -14 15 -8 -16 28 24 20 -20 -21 23 -6 26 -26 -2 -3 -7 -15 -10 33 -33 -29
right_child=1 2 5 -5 12 6 14 8 30 -11 11 -13 13 29 16 -17 -18 -19 19 21 -22 -23 -24 -25 25 -27 -28 31 -30 -31 -32 32 -34 -35
leaf_value=-0.1510400336394512 0.0029805935990042122 -0.0332005418164339 -0.056460094953651466 0.083337653089754243 -0.027200008525729763 -0.020742375055526684 0.00077067321043898149 -0.12991709311832231 -0.61896679254005604 0.067220680433970253 0.64234354484544498 0.021196036458428071 -0.81644017900765986 -0.33010960950009127 -0.0041633119572266628 -0.034912142977138516 0.049193985771268593 0.04144466354724214 -0.0424601289650091 -0.023357387193077291 0.042708182492935134 0.003580891072191613 0.020346652741232405 -0.35214176192833324 0.0055827939801483869 0.086282974796524733 -0.011631118824354761 0.022410492072660753 0.073517136656768733 0.071161420798612318 -1.3058065738429172 0.08421481443765795 -0.16311583663427331 0.086400697451705671
leaf_weight=1.1350278970858187 1012.2248747187691 3.465878539507691 15.340329207348992 5.305499456007964 51.665349653541853 13.692285909521162 1724.0168009566114 0.33978279618895513 0.10145401314366609 3.7581407066318198 0.20427279559953504 0.21514095655584242 0.15759148035431181 0.17396789515623823 23.225257746409625 38.533696373633575 26.226503970145131 46.647858807511511 99.000085545889306 144.47262494350252 18.970087878296908 604.89035794805386 10.30472246269346 0.64847887022187833 401.67484340772216 9.5967161844018829 371.55857845897572 6.7796863643161549 2.7600223091285434 0.38115260319318622 0.050843952092691325 0.94738732885161769 0.87456243863562122 11.086326576347345
leaf_count=10239 1254127 244 1526 1371 3694 663 80943 39 87 501 53 48 19 13 173 3945 50350 5196 10512 12369 599 27896 1235 16 56471 508 222852 284 769 311 33 343 301 1688
internal_value=-0.000180268 -0.000143438 0.00172545 -0.00145614 -0.00162119 0.00118343 0.00161541 -0.0401635 -0.352244 -0.0321226 0.0452901 0.323722 -0.0249949 -0.223048 0.000649476 -9.44107e-06 0.0241345 0.0293534 -0.00106519 -0.00530573 -0.0287647 -0.00161265 -0.0227407 -0.031228 0.000983753 0.00746587 -0.000942786 0.0402466 -0.0049295 -0.054592 -0.848265 0.0531762 -0.0345075 0.0621181
internal_weight=4650.43 4649.29 1918.27 2731.02 2725.72 1894.69 1875.1 19.5906 0.492081 19.0985 23.5733 0.419414 63.3313 0.712712 1812 1762.55 49.4518 63.1002 2662.39 867.333 117.97 749.363 62.6186 52.3138 1795.06 411.272 1383.78 23.1538 16.4523 0.55512 0.152298 19.688 1.82195 17.866
internal_count=1749418 1739179 147186 1591993 1590622 144225 142039 2186 159 2027 2961 101 5288 343 135411 84888 50523 6628 1585334 51376 11111 40265 4945 3710 1533958 56979 1476979 2860 1432 324 120 2616 644 1972
is_linear=0
shrinkage=0.07


Tree=156
num_leaves=35
num_cat=0
split_feature=12 0 2 0 3 3 3 5 3 1 2 0 0 3 1 1 5 5 7 6 5 9 12 7 7 12 2 1 3 6 12 9 6 3
split_gain=5.05556 2.19749 13.1852 23.4141 37.112 36.9584 28.7609 23.1504 21.5454 17.924 16.6628 16.0989 12.8326 12.3473 19.3188 28.031 10.8078 8.96764 8.43984 8.09854 18.4129 14.4331 23.7777 10.6376 10.2395 7.66456 11.8464 7.04162 8.69148 6.6923 6.46954 7.90464 6.97535 6.04107
threshold=1.5000000000000002 0.95293466223698797 0.90366769774635447 0.81557067271353001 0.88416815742397148 0.88273491214667699 0.97915762049500665 0.59191836734693892 0.95311355311355306 0.79205974842767291 0.81120250685468098 0.83935483870967753 0.91024165707710025 0.96609195402298853 0.95713410900183726 0.82413583990297157 0.85304401480872094 0.9831455354606573 0.20626738667975789 0.47839423846359036 0.48295234405269277 0.095454545454545472 22.500000000000004 0.24705229574143436 0.45846602972399159 23.500000000000004 0.5147186147186148 0.71010186757215632 0.95713410900183726 0.92074911499371936 48.500000000000007 0.81666666666666676 0.95678847692718072 0.913664596273292
decision_type=2 2 2 2 2 2 2 2 2 2 2 2 2 2 2 2 2 2 2 2 2 2 2 2 2 2 2 2 2 2 2 2 2 2
left_child=-1 2 3 4 7 9 16 18 -4 11 -9 -5 -11 14 15 25 -6 19 -2 20 23 29 -23 -15 -22 -3 -27 -10 -29 -21 -19 32 -32 -17
right_child=1 13 8 5 6 -7 -8 10 27 12 -12 -13 -14 17 -16 33 -18 30 -20 21 24 22 -24 -25 -26 26 -28 28 -30 -31 31 -33 -34 -35
leaf_value=-0.15513019673420672 0.0059300819045759708 0.047528194795529881 0.045357179789969428 -0.071386838330791194 0.10653199546105956 -0.047666886509539888 -0.039663709191366678 -0.00063585115345596993 0.083424629092262947 0.046069044081943303 0.10030977787514586 0.016943889676692733 -0.037951338997428995 0.0019164396860182366 0.062405395304511252 -0.042107849477689058 0.043578530327310017 0.046478115770526948 -0.045655130601991556 0.0019132082359753538 0.045506689529124601 -0.047205398554478563 0.0017467992899808658 -0.019913921914175306 0.00036891623480306409 -0.35001877761632894 -0.0015888139421855181 -0.24863759932426774 -0.048982916759027863 -0.024766933209453734 0.0068657785111598075 0.070034029522921065 -0.11304460083228667 0.016081134454657663
leaf_weight=1.0313247467774989 19.435487086935723 54.936675239192482 60.751297986575082 20.687252473961053 25.932845238456139 134.38812826487265 13.673750488967924 1690.5667539395936 1.7233438558178011 51.689217019342323 8.0506626071291958 19.774891245151593 10.761727172313838 1319.0151346540006 39.76355057618639 44.216886096350208 27.568053353228606 33.915370071481448 77.558406155493572 468.12669084175286 71.43064584840613 98.606479242269415 95.914011044762447 119.26483169871426 37.583123121905373 0.50357940082903851 9.4631586359319027 1.1761075263348164 11.665505386146831 51.095821531489491 5.4932194557040912 4.1925509798747944 4.1904662125743926 10.896818365203215
leaf_count=10239 11955 3847 7265 11904 3652 30511 808 524350 142 6791 476 9469 1025 11589 6258 3959 2216 13417 945555 11521 2144 2693 36872 66835 976 39 1413 102 1061 2154 1756 14310 1275 839
internal_value=-0.00016405 -0.000129635 -0.00175171 -0.00278375 -0.000145681 -0.0234923 0.0509374 -0.00205672 0.0270253 0.00807591 -0.000157415 -0.0282173 0.0315904 0.00129978 0.0201186 0.00610829 0.0740932 -2.55954e-06 -0.0353186 -0.000636814 0.00220851 -0.00680508 -0.0230681 0.000106226 0.0299452 0.0372822 -0.0191936 -0.0494382 -0.0672684 -0.00071234 0.0300042 -0.0102602 -0.0450236 -0.030603
internal_weight=4645.04 4644.01 2175.4 2100.09 1862.79 237.301 67.1746 1795.61 75.3163 102.913 1698.62 40.4621 62.4509 2468.61 159.781 120.017 53.5009 2308.83 96.9939 2261.04 1547.29 713.743 194.52 1438.28 109.014 64.9034 9.96674 14.565 12.8416 519.223 47.7916 13.8762 9.68369 55.1137
internal_count=1749418 1739179 1557282 1548712 1489012 59700 6676 1482336 8570 29189 524826 21373 7816 181897 16355 10097 5868 165542 957510 134784 81544 53240 39565 78424 3120 5299 1452 1305 1163 13675 30758 17341 3031 4798
is_linear=0
shrinkage=0.07


Tree=157
num_leaves=35
num_cat=0
split_feature=12 12 6 2 3 3 1 9 5 5 0 3 0 3 0 6 2 2 1 5 5 5 0 3 12 6 1 2 6 5 6 9 8 6
split_gain=4.86977 2.17058 3.91792 9.06174 7.10485 5.73096 4.81228 5.24992 3.73077 11.2353 3.7268 3.48906 3.32126 6.10853 3.21003 10.3468 114.346 149.982 8.79001 11.7311 3.43386 4.08257 10.9842 4.60021 3.60256 4.83588 4.8227 3.07633 9.51225 4.14801 2.57376 2.49201 19.1427 18.8828
threshold=1.5000000000000002 10.500000000000002 0.52256779392457797 0.7206557377049182 0.78346121057118523 0.89699381078691431 0.81530214424951286 0.31666666666666671 0.63775949862906389 0.83405797101449286 0.84292763157894746 0.70087719298245621 0.70678733031674223 0.93063352044907788 0.1680790960451978 0.52655075187969935 0.19836065573770492 0.21525096525096529 0.16108108108108113 0.91445993031358896 0.60625610948191599 0.59476565172767715 0.28759398496240607 0.87226107226107241 8.5000000000000018 0.95678847692718072 0.51113310242454246 0.72834224598930497 0.51075393154486604 0.90346475507765844 0.65633012820512826 0.23611111111111113 1.0000000180025095e-35 0.51903565561890053
decision_type=2 2 2 2 2 2 2 2 2 2 2 2 2 2 2 2 2 2 2 2 2 2 2 2 2 2 2 2 2 2 2 2 2 2
left_child=-1 2 3 5 6 8 7 -5 11 -10 -8 -2 13 -7 15 16 -4 -18 30 -20 21 23 -23 -16 26 -26 -22 28 -6 -29 -17 32 -3 -34
right_child=1 31 14 4 27 12 10 -9 9 -11 -12 -13 -14 -15 20 18 17 -19 19 -21 24 22 -24 -25 25 -27 -28 29 -30 -31 -32 -33 33 -35
leaf_value=-0.16006335319464873 -0.07231441115642849 1.7059335253662539e-05 -0.070221085250744802 0.1459654491537927 0.045091333313341204 0.27844403222091085 0.24025698577386767 -0.088686654314337782 0.032372937199853673 -0.051408612503022914 -0.077569832760374172 -0.030161332232435303 -0.0065646318691840108 -0.003773046433367368 -0.033348152553819073 -0.049009175906699308 19.345767178797388 -0.070032992616768971 0.029948534515058165 0.37913217950394562 -0.0063004375222445869 0.44866217043627582 0.051386566602667168 0.057760954662863198 -0.01592227503940986 0.10241822050649076 0.021663712741511503 -0.0025835812359181398 0.82694566628342314 -0.15400974048064789 0.023952302112284753 0.0027638065007653577 0.024205612878916427 -0.064322497326328582
leaf_weight=0.93295334564754639 20.143547202459388 2705.3052559660514 0.068811336799625589 3.716662898528738 3.4933566432555376 0.58030965245234511 0.21166798297781486 0.53436875985062204 12.482728678664214 21.1010966526228 1.238848194669117 18.419763565446374 28.484193680134922 1.066423667627532 5.2143264112431194 3.0392658130717782 0.0036053028329661174 0.0042448502922525222 1.2153502649243808 0.77020378672750656 77.808469898167232 0.4003028303371815 2.3027249931053575 5.6664725344307953 89.294465373835237 1.7246991165739007 49.408446374534833 89.721286721651268 0.077949211561644804 0.89525241951923717 10.743388400914226 1417.0155526674489 16.243796770480458 43.212666098019326
leaf_count=10239 624664 411738 420 2035 2243 104 23 29 20855 3398 379 74451 12233 220 45213 9802 19 68 1772 36 121669 3780 6363 496 29960 75 2486 21568 24 17 2128 315176 10328 15407
internal_value=-0.000152311 -0.0001201 -0.00474045 -0.0119711 0.00302505 -0.026617 0.0789032 0.116469 -0.0373252 -0.020268 -0.0311906 -0.05218 -0.000976676 0.0956804 0.00116188 0.0316444 0.842901 8.84697 0.0277003 0.165398 -0.000921598 0.0332265 0.110221 0.0140994 -0.0030471 -0.0136799 0.00456027 -0.00156814 0.0621565 -0.00407961 0.00786329 0.00037691 -0.00084644 -0.0401362
internal_weight=4632.54 4631.61 449.832 202.167 99.8894 102.278 5.70155 4.25103 72.1471 33.5838 1.45052 38.5633 30.1309 1.64673 247.665 15.8449 0.0766615 0.00785015 15.7682 1.98555 231.82 13.5838 2.70303 10.8808 218.236 91.0192 127.217 94.1878 3.57131 90.6165 13.7827 4181.78 2764.76 59.4565
internal_count=1749418 1739179 986530 762243 26318 735925 2466 2064 723368 24253 402 699115 12557 324 224287 14245 507 87 13738 1808 210042 55852 10143 45709 154190 30035 124155 23852 2267 21585 11930 752649 437473 25735
is_linear=0
shrinkage=0.07


Tree=158
num_leaves=35
num_cat=0
split_feature=12 0 5 6 6 0 6 6 0 5 12 5 7 12 7 5 7 7 1 6 3 7 7 6 0 3 5 1 3 5 1 0 6 1
split_gain=7.21986 36.0302 305.732 609.047 13340.4 2700.02 18.0397 402.586 5.1699 5.68537 6.01516 4.8587 4.25656 3.63976 68.9725 917.275 2.79033 3.18934 3.57146 4.19338 3.12753 2.71434 2.53148 20.3145 47.6816 2.1234 3.82502 2.13221 1.89063 13.291 14.082 352.054 623.395 54.1985
threshold=6.5000000000000009 0.16108108108108107 0.62973194188663817 0.52256779392457797 0.52655075187969935 0.13484848484848486 0.52655075187969935 0.52441734417344188 0.53907203907203916 0.66009708737864081 4.5000000000000009 0.99773755656108609 0.39071479885057475 1.5000000000000002 0.48397370043147736 0.5265987549518959 0.46440092165898622 0.49189094415709655 0.81530214424951286 0.53070896605087536 0.92770034843205595 0.384854276158624 0.66079192546583865 0.66519174041297957 0.14459930313588856 0.81302966101694929 0.74095860566448823 0.52223320158102771 0.42020373514431242 0.62532051282051293 0.14459930313588856 0.15535444947209656 0.46004694835680759 0.12632978723404256
decision_type=2 2 2 2 2 2 2 2 2 2 2 2 2 2 2 2 2 2 2 2 2 2 2 2 2 2 2 2 2 2 2 2 2 2
left_child=1 2 3 -1 5 -5 7 -4 9 13 11 -11 21 14 -3 -16 25 -18 19 -19 -20 -12 -8 24 -24 -10 27 -27 29 30 31 33 -33 -2
right_child=28 8 6 4 -6 -7 22 -9 16 10 12 -13 -14 -15 15 -17 17 18 20 -21 -22 -23 23 -25 -26 26 -28 -29 -30 -31 -32 32 -34 -35
leaf_value=-0.070248532942824946 0.0019490516280055098 -0.10201495885796243 -0.070232729230186905 -66.994832008510016 -0.07008555170307515 -175.9529970711904 -0.07175961417957924 -14.710054984770487 -0.038494618780333396 0.047048344666439333 0.006639249595312883 0.46983777552583456 -0.051211109809101638 -0.085821081398966673 -69.405253210125721 -0.070044659070728543 0.07518514773483706 -0.075788116636435365 0.022329232878058942 0.031257434494424363 -0.10474712102785005 0.23127804660748066 0.41655712570459535 -0.045324156719811118 4.5441619918090099 0.033445514728803291 0.078726301386841807 -0.01775399197767822 0.00052335492191303578 -0.0020764192827767113 -0.049065947336686316 -0.070002591969118289 -68.760069105932445 -1.1280073799180581
leaf_weight=0.12660722296929749 0.97164293301420779 0.281673461183095 0.24585976024536682 0.0020906614902287393 0.063729832851777246 0.0023865150629944765 1.097136453260646 0.0095621138777914894 11.909571449728558 3.1868951005953945 0.70451830404840687 0.13899799820501346 13.009006285544503 5.9790641120996604 0.0010095874322046958 0.012646547481267589 3.7764002056433155 2.0258575306188567 1.5692208310647395 15.612322473793709 2.4010891385842115 0.42110601905892509 0.14278685397857749 0.9345409861743974 0.015170601215686474 4.6261772654179358 2.522641096962615 28.783929880299183 3954.0926950714079 561.29384271916274 13.000855990733951 0.0017757165469448602 0.0010188587230004487 0.26465212905350199
leaf_count=5271 20545 6295 1198 96 2674 59 3662 66 76977 1126 1418 8 74668 155043 487 1207 1897 1717 79 1497 36 202 497 792 184 7055 52 18809 760243 189758 408874 99 28 6799
internal_value=-0.000432186 -0.0190747 -0.274232 -2.943 -8.27546 -125.074 -0.0615926 -0.618297 -0.0121279 -0.0405189 -0.0199817 0.0647178 -0.0399116 -0.0976702 -0.33756 -5.19594 -0.00292561 0.0158333 0.0054607 0.0189626 -0.0545216 0.0906786 0.00334722 0.0787729 0.812982 -0.012879 -0.00438894 -0.0106646 -2.22543e-05 -0.00377076 -0.0705562 -0.296037 -25.1133 -0.239939
internal_weight=4629.23 99.602 2.63987 0.194814 0.068207 0.00447718 2.44506 0.255422 96.9621 23.7349 17.4605 3.32589 14.1346 6.27439 0.29533 0.0136561 73.2272 25.3849 21.6085 17.6382 3.97031 1.12562 2.18963 1.0925 0.157957 47.8423 35.9327 33.4101 4529.63 575.534 14.2399 1.23909 0.00279458 1.2363
internal_count=1749418 363072 14499 8100 2829 155 6399 1264 348573 240454 77422 1134 76288 163032 7989 1694 108119 5226 3329 3214 115 1620 5135 1473 681 102893 25916 25864 1386346 626103 436345 27471 127 27344
is_linear=0
shrinkage=0.07


Tree=159
num_leaves=35
num_cat=0
split_feature=12 6 1 2 5 6 6 12 2 3 2 2 7 7 12 3 6 0 3 1 7 1 3 3 0 0 12 8 6 0 3 3 8 4
split_gain=3.04855 4.43857 19.408 58.4068 387.394 5985.57 12366.1 17.4343 6.59213 5.24367 4.48099 4.38456 4.14213 10.6615 8.41994 3.75163 5.55369 4.74572 3.74839 3.40746 3.28218 2.49722 11.7798 5.33985 9.57794 9.50843 5.17413 5.44103 5.00335 4.35853 4.0473 4.15588 2.35447 3.16719
threshold=10.500000000000002 0.54176929392446649 0.16108108108108113 0.19836065573770492 0.62084711069122978 0.52256779392457797 0.52655075187969935 9.5000000000000018 0.7206557377049182 0.78346121057118523 0.72377109317681587 0.2016949152542373 0.63897107166337941 0.64126286093594431 7.5000000000000009 0.89699381078691431 0.52839964805943895 0.70678733031674223 0.76277056277056288 0.84292763157894746 0.31277173913043482 0.77032967032967048 0.99253731343283602 0.84889995848899968 0.75162337662337675 0.87226107226107241 9.5000000000000018 1.5000000000000002 0.57080200501253142 0.30068493150684933 0.78830559112249265 0.93440860215053778 1.0000000180025095e-35 1.0000000180025095e-35
decision_type=2 2 2 2 2 2 2 2 2 2 2 2 2 2 2 2 2 2 2 2 2 2 2 2 2 2 2 2 2 2 2 2 2 2
left_child=1 2 3 -1 5 -5 -7 11 12 10 18 -6 15 14 -14 16 -4 -17 -10 -12 -3 23 30 26 28 -26 29 -28 -25 -22 -23 -32 33 -11
right_child=-2 20 8 4 7 6 -8 -9 9 32 19 -13 13 -15 -16 17 -18 -19 -20 -21 21 22 -24 24 25 -27 27 -29 -30 -31 31 -33 -34 -35
leaf_value=-0.050120563708955949 0.00034415892030367231 0.19123932326408427 -0.037478171171457207 -0.070082166867267023 0.41045124273541028 -219.58079315686851 -0.07000264926838648 -1.1248825289379809 0.17249936234283883 -0.033305145138909746 0.07213293788656383 -0.073150046718034767 -0.075678615186923398 -0.071492660490107857 0.56231645220290505 0.1192605884097933 0.043289077798287806 -0.009709096057722251 0.69021652137797851 -0.078231945886213558 0.019466242625320908 0.093662293877078584 -0.099109331977293103 -0.076714494111348897 -0.069707284566455294 0.025248066960367275 -0.036036969037477593 0.056488104297367669 0.10046943738373756 -0.0065908559299877097 -0.019439554187926662 0.073281128418020341 0.032418587730149703 0.00098744550759130491
leaf_weight=2.7459176776763066 4179.6140849542026 0.44299905149068664 69.686631970021807 0.073639251809254569 0.14247035323751339 0.0019123733318338046 0.003672420885095562 0.066533270471609285 0.27142575748075515 16.149633764543978 4.9618223646466504 0.2586241420800191 0.14707895606079435 0.6592249410241493 0.32608687370156986 1.4683251353972107 4.4372682966396146 29.211390889504401 0.091669649475079495 0.86759602648089629 51.982036744362063 2.3689426920609611 6.8028737074928349 0.85427264085592369 6.3992555497097774 26.841671468224376 31.041855059787849 3.4615666157060323 9.0950021160570014 79.65292481715278 14.209204375918491 2.8425286127021527 8.9380306638849998 72.176617569697555
leaf_count=31601 752649 125 703012 5612 36 47 157 47 121 22126 2086 323 267 4464 47 389 20800 12372 55 228 70783 84 89 68 460 614 38009 471 389 79271 502 109 879 1126
internal_value=-0.00024446 -0.00572765 -0.0130615 -0.181686 -0.842315 -5.3688 -75.236 -0.0754518 -0.0104099 0.00215832 0.0646151 0.098627 -0.0226839 0.110477 0.364002 -0.0241227 -0.0326432 -0.00353663 0.303206 0.049754 0.000881846 0.000523844 -0.0198396 0.00307487 0.0250024 0.00696808 -0.00262554 -0.0267544 0.0852559 0.00369897 0.00792782 -0.00398299 -0.00181811 -0.00528264
internal_weight=4628.29 448.681 212.686 3.29277 0.546852 0.079224 0.00558479 0.467628 209.393 103.457 6.19251 0.401094 105.936 1.13239 0.473166 104.804 74.1239 30.6797 0.363095 5.82942 235.995 235.552 26.2235 209.329 43.1902 33.2409 166.138 34.5034 9.94927 131.635 19.4207 17.0517 97.2643 88.3263
internal_count=1749418 996769 805795 37823 6222 5816 204 406 767972 26621 2490 359 741351 4778 314 736573 723812 12761 176 2314 190974 190849 784 190065 1531 1074 188534 38480 457 150054 695 611 24131 23252
is_linear=0
shrinkage=0.07


Tree=160
num_leaves=35
num_cat=0
split_feature=12 0 5 7 12 5 2 7 0 7 7 2 6 5 2 5 3 5 8 1 0 1 4 3 1 3 1 7 0 2 8 0 6 1
split_gain=2.27186 3.80438 4.43165 4.36317 2.7786 3.33076 2.62388 4.83845 2.51728 2.39194 3.18005 3.22961 3.68203 3.71917 2.54225 2.33645 1.84785 3.34485 2.27351 2.36279 2.8793 1.85553 2.39823 1.80942 8.22561 6.26427 13.6507 10.7935 6.10616 8.42955 12.0677 19.2079 8.04883 5.73999
threshold=6.5000000000000009 0.53907203907203916 0.66009708737864081 0.40633355614973271 4.5000000000000009 0.99773755656108609 0.25198412698412703 0.9201769911504426 0.2428337428337429 0.47092630155510479 0.49189094415709655 0.8175416133162613 0.53070896605087536 0.87112743532417769 0.85857142857142865 0.83405797101449286 0.81302966101694929 0.74095860566448823 2.5000000000000004 0.63224516988674229 0.63702239789196324 0.52223320158102771 1.0000000180025095e-35 0.2253968253968254 0.075498575498575485 0.24316334072431636 0.1731634182908546 0.89164300514158557 0.13484848484848486 0.19836065573770492 1.0000000180025095e-35 0.21132376395534297 0.89099909990999115 0.091966173361522255
decision_type=2 2 2 2 2 2 2 2 2 2 2 2 2 2 2 2 2 2 2 2 2 2 2 2 2 2 2 2 2 2 2 2 2 2
left_child=1 2 -1 15 5 8 7 -6 -5 16 -11 12 -12 -14 -13 -4 18 21 19 -3 -21 22 -18 28 -25 26 33 -28 -2 -30 -31 32 -32 -26
right_child=23 9 3 4 6 -7 -8 -9 -10 10 11 14 13 -15 -16 -17 17 -19 -20 20 -22 -23 -24 24 25 -27 27 -29 29 30 31 -33 -34 -35
leaf_value=-0.085181186845690787 0.020265939164723242 -0.067055025894847672 0.12395894521523868 0.079421568980932875 -0.015268493007952697 0.31488578276934437 -0.063965122216753226 0.39085684099227358 -0.055875072724034407 0.078492527908231954 -0.07301256510975293 -0.10480520261147688 0.048995771457405086 -0.029834281891947541 0.0084991379055286663 -0.035258356815400883 -0.061020639426918377 0.074021217569226389 0.11276221956047068 0.24611854423563534 -0.014052093167754258 -0.016230304538152249 0.058204259299818588 -0.11681454912230901 0.38162597358045158 9.711236123149517e-05 -0.052453417195496045 -0.24505733327298895 -0.035265406245263774 -0.075719237626827682 -0.07172857274912306 2.3865828834756995 0.96662884612290301 0.033497259985751218
leaf_weight=6.1593699983303578 63.951158039442589 6.9798128725212187 1.5174627708731834 1.4040023705239155 6.4475485915923949 0.193847338145133 9.2795681205502412 0.14701914787292469 1.295682964735988 3.3762693618464281 1.9319269912523456 2.0902372092969013 11.796608605295203 3.9028971429797812 1.8110703507845753 0.64297956426889857 1.0691383290568399 2.5272508648049543 0.48347520246170539 0.22032680919505754 3.8611567789957917 28.553122783505387 3.645866937469691 2.9570442760759752 0.25110303249834798 4433.3906957180207 4.4193028771555873 2.1046942867978942 16.0242635713164 0.196257116108426 0.080315853024785611 0.02848913355046534 0.06717246025800705 3.0624789143710132
leaf_count=172758 15963 65681 2274 411 20741 9 57527 1 768 1337 1717 49 1434 60 69 464 6806 55 4 380 11326 18913 288 2203 54 1353673 4019 19 8558 108 189 66 1 1493
internal_value=-0.00014604 -0.0106178 -0.0329904 -0.0176301 -0.0284744 0.0346122 -0.0399738 -0.00621434 0.0144875 -0.00222991 0.0153288 0.00542493 0.0181771 0.0293986 -0.0522069 0.0765735 -0.0114688 -0.00361472 -0.0358209 -0.0423153 -7.55148e-06 -0.00951242 0.0311697 8.3767e-05 -0.000104371 -2.66989e-05 -0.0558233 -0.114589 0.0104948 -0.0276157 0.301695 0.722602 0.401184 0.0598784
internal_weight=4625.87 99.3366 27.0875 20.9281 18.7677 2.89353 15.8741 6.59457 2.69969 72.2492 24.909 21.5327 17.6314 15.6995 3.90131 2.16044 47.3402 35.7954 11.5448 11.0613 4.08148 33.2681 4.71501 4526.53 4446.19 4443.23 9.83758 6.524 80.3477 16.3965 0.372235 0.175977 0.147488 3.31358
internal_count=1749418 363072 254953 82195 79457 1188 78269 20742 1179 108119 4666 3329 3211 1494 118 2738 103453 26062 77391 77387 11706 26007 7094 1386346 1361461 1359258 5585 4038 24885 8922 364 256 190 1547
is_linear=0
shrinkage=0.07


Tree=161
num_leaves=35
num_cat=0
split_feature=12 0 5 9 6 2 6 0 7 2 6 7 9 2 7 5 6 1 1 3 2 2 2 3 3 7 0 2 12 12 6 0 5 12
split_gain=2.01021 3.4484 4.1898 4.33438 4.36467 2.99432 4.63753 2.77848 3.31964 3.37345 2.19231 2.10313 1.69681 2.88613 3.00811 2.06149 1.96717 1.83098 3.21013 3.59346 1.80741 6.06575 1.68438 9.43165 8.47897 7.35115 5.86271 4.6913 7.20809 12.192 4.57602 3.74778 5.7313 4.04404
threshold=6.5000000000000009 0.53427230046948371 0.66009708737864081 0.31666666666666671 0.66823899371069195 0.3417843388960205 0.65940005940005941 0.25176056338028174 0.9201769911504426 0.32049382716049385 0.60476460578559277 0.72423112767940356 0.58571428571428574 0.5122242098986286 0.43500788465870693 0.70286650286650298 0.52655075187969935 0.42776886035313011 0.47690120824449184 0.91476997578692509 0.30068493150684938 0.29818990155604957 0.17467581998474449 0.2620137299771168 0.59824561403508791 0.84764185703758299 0.26158232359230221 0.15535444947209656 9.5000000000000018 8.5000000000000018 0.9455533596837945 0.15535444947209656 0.87737200143215188 7.5000000000000009
decision_type=2 2 2 2 2 2 2 2 2 2 2 2 2 2 2 2 2 2 2 2 2 2 2 2 2 2 2 2 2 2 2 2 2 2
left_child=1 2 -1 7 5 6 -5 8 9 -4 -7 12 17 16 15 -15 -14 20 19 -19 21 -3 24 25 26 -24 27 -2 29 -29 -28 33 -33 -26
right_child=22 11 3 4 -6 10 -8 -9 -10 -11 -12 -13 13 14 -16 -17 -18 18 -20 -21 -22 -23 23 -25 31 -27 30 28 -30 -31 -32 32 -34 -35
leaf_value=-0.084573694009238962 0.00672361120931595 -0.072857016614598313 -0.035866317697007412 -0.018338264592243126 -0.044110631282238355 0.078928719974682718 0.23289535642482606 -0.072030961752788475 0.28705226400868117 0.14328973155528479 0.23390481005066524 0.063626414315235788 -0.24985108269003242 -0.093833004028079633 0.10878699308709885 0.094024455051971018 -0.010380521394006366 -0.07097634425437728 -0.0082504567612345023 0.10958193786388563 -0.091751270994774176 0.47930509652712244 -0.018673114179482361 1.2184747987805355e-05 0.20173185798891571 -0.10899991369331771 -0.1010834933929956 0.10596319092725957 0.026375314195054525 0.70278647692405616 0.080858504019514887 -0.085102362828183883 0.046665903772042126 -0.081957334346847016
leaf_weight=5.755663069806352 135.15931259841909 0.44468658170421749 4.4887504781814949 2.5592672430084336 3.0052093575104664 1.4764028171498469 0.41895659195506585 7.0091873974309964 0.184391289949417 0.58174428469874317 0.64165676673746919 2.3054864174991954 0.24254552800380125 0.78507080494091519 2.4320706984908611 0.45047285754117183 0.54753115434141364 0.71008128760331546 59.612033998464995 2.256221358802577 2.1952781820812106 0.12485962974756148 13.591281166462069 4313.3135092037901 0.25362734835107303 6.5389210324210572 3.7030664752714975 2.3675502897640395 35.671870882865051 0.18050459285973364 0.82899657636880864 2.6387928981730502 4.1788422901881859 8.4325079783820893
leaf_count=171454 54928 940 19832 1008 351 312 61 59096 1 1333 150 90 116 210 114 22 15 11775 80816 930 14378 68 13939 1290971 65 109 3452 2170 18142 297 6 734 86 1447
internal_value=-0.000140618 -0.0100476 -0.0318387 -0.0169349 0.0227978 0.0622528 0.0170036 -0.0431819 -0.00470173 -0.0153115 0.125878 -0.00215353 -0.00432621 0.0374597 0.063602 -0.0253411 -0.0838956 -0.00717683 -0.00471384 0.0663594 -0.0629234 0.0481916 7.43521e-05 -0.000210912 0.00646567 -0.0480141 0.0107922 0.0128467 0.0345 0.148242 -0.067803 -0.043183 -0.00433553 -0.0736739
internal_weight=4625.09 98.2276 26.1212 20.3656 8.10149 5.09628 2.97822 12.2641 5.25489 5.07049 2.11806 72.1063 69.8009 4.45769 3.66761 1.23554 0.790077 65.3432 62.5783 2.9663 2.76482 0.569546 4526.86 4333.44 193.415 20.1302 177.911 173.379 38.2199 2.54805 4.53206 15.5038 6.81764 8.68614
internal_count=1749418 363072 253598 82144 1882 1531 1069 80262 21166 21165 462 109474 109384 477 346 232 131 108907 93521 12705 15386 1008 1386346 1305019 81327 14048 78995 75537 20609 2467 3458 2332 820 1512
is_linear=0
shrinkage=0.07


Tree=162
num_leaves=35
num_cat=0
split_feature=9 2 5 6 6 8 6 5 6 8 9 8 9 0 0 6 6 5 5 1 8 3 6 1 3 5 5 3 0 0 6 5 6 2
split_gain=1.95483 6.34145 10.3441 9.37669 11.1767 10.3433 6.5821 6.50504 8.47059 6.42811 9.82802 6.05916 6.99929 6.35316 8.67223 9.03085 7.49885 5.39968 10.2178 35.6452 12.9487 25.9473 5.89304 5.45289 5.41688 4.92862 9.50695 4.89817 4.69488 34.6785 4.46115 4.40872 4.03326 8.81323
threshold=0.47222222222222227 0.78979857050032498 0.63775949862906389 0.57705214248838421 0.60727513227513241 1.5000000000000002 0.58578643578643586 0.54912120288529931 0.41396725879484514 1.5000000000000002 0.69047619047619058 1.5000000000000002 0.35416666666666669 0.31851119894598162 0.62593283582089565 0.69783049789292961 0.69467381027418862 0.45478595478595479 0.45846602972399159 0.68323556653288053 1.5000000000000002 0.74813432835820903 0.33429672447013498 0.99253731343283602 0.78346121057118523 0.96110200479132524 0.73481681829358259 0.99253731343283602 0.15535444947209656 0.14907407407407405 0.99779735682819382 0.62084711069122978 0.92876658860265426 0.6066017316017317
decision_type=2 2 2 2 2 2 2 2 2 2 2 2 2 2 2 2 2 2 2 2 2 2 2 2 2 2 2 2 2 2 2 2 2 2
left_child=11 17 3 5 6 7 -5 8 -3 -4 25 30 -13 -14 15 16 -15 22 19 20 -19 -22 24 28 -2 26 -11 -27 29 -24 32 -9 -1 -34
right_child=1 2 9 4 -6 -7 -8 31 -10 10 -12 12 13 14 -16 -17 -18 18 -20 -21 21 -23 23 -25 -26 27 -28 -29 -30 -31 -32 -33 33 -35
leaf_value=-0.00030907895251670327 -0.065857168849052114 0.008155774112116411 0.054271742114317914 -0.051870485905820753 0.069278627849844301 0.075581519535120656 -0.27437946942894309 0.080366885405500341 -0.036592350586291983 -0.1361691746665773 0.061799030740359737 -0.079487367694439218 -0.081203391016549456 0.14358855723456254 -0.023177118778268523 -0.03867914577341082 0.84867031954980077 -0.070299993895021839 0.00082961272271044289 1.6578298161472584 -0.070018614138867535 2.7953772372499448 -0.07001056301859758 0.11871149563000416 0.036040184388030347 0.070848333148975068 0.043665710350052477 -0.14508392378230325 -0.073979375320225346 2.6830652093708975 0.036221724570636167 -0.055896787237286569 0.0054296836899500791 -0.025918575322040022
leaf_weight=3230.8949575905608 3.6352548014816959 71.023044234956615 40.147619800645771 1.1001967919291926 1.2545966981560921 9.6900799539871496 1.5970242439070714 7.2358482643612643 29.270861407392658 1.9916426144191079 8.3723847868823196 10.189296840050476 4.4569435448377162 3.0998341553804489 10.060255931215577 1.7219898540279244 0.07571686164010305 0.42396943526909936 960.97439830629014 0.080945411464199424 0.042309859886699996 0.024424560571787879 0.1895698327846248 0.79908324778080064 8.613276118769134 0.62505912876804393 5.2044504368968774 2.9167458386218641 14.322515861128833 0.02542616576238288 15.961559201823546 1.3863647807156665 82.945042456267402 93.459701173880603
leaf_count=1165790 53478 655 46891 50 143 205 84 305 302 142 19627 6586 3487 2027 311 126 4 7510 171703 11 455 5 11242 4 759 240 2023 964 245459 1532 1184 64 1505 4545
internal_value=-0.000133395 0.00233818 0.0143535 0.00274349 -0.10333 0.00627774 -0.183618 0.000111898 -0.004904 0.0383654 0.00494877 -0.000971563 -0.0325041 -0.00784622 0.0140119 0.0904034 0.1604 0.000129601 0.00100561 0.296864 0.072362 0.978706 -0.0304057 -0.0593197 0.00579796 -0.0393776 -0.00610669 -0.106976 -0.0691055 0.255578 -0.000698873 0.0584571 -0.000871828 -0.0111787
internal_weight=4623.81 1170.95 181.816 122.558 3.95182 118.606 2.69722 108.916 100.294 59.2579 19.1103 3452.87 29.604 19.4147 14.9578 4.89754 3.17555 989.131 961.546 0.571649 0.490704 0.0667344 27.5851 15.3366 12.2485 10.7379 7.19609 3.5418 14.5375 0.214996 3423.26 8.62221 3407.3 176.405
internal_count=1749418 563853 71695 1808 277 1531 134 1326 957 69887 22996 1185565 12541 5955 2468 2157 2031 492158 179684 7981 7970 460 312474 258237 54237 3369 2165 1204 258233 12774 1173024 369 1171840 6050
is_linear=0
shrinkage=0.07


Tree=163
num_leaves=35
num_cat=0
split_feature=5 5 7 2 7 3 12 8 2 12 7 7 7 5 8 0 3 0 0 12 12 12 12 5 7 7 2 2 7 2 2 0 2 7
split_gain=1.92081 9.1407 11.7689 8.95111 7.28538 6.7567 6.5912 6.33876 5.33006 5.2197 5.096 6.33441 5.0623 4.85801 7.40213 9.7263 7.75516 5.21677 6.77622 6.45107 4.83775 10.2682 8.1242 7.63765 5.92408 5.62321 4.95603 4.8013 4.7751 4.77042 5.42159 4.74681 4.66675 5.56211
threshold=0.91445993031358896 0.90346475507765844 0.88103563103563121 0.46709956709956718 0.72423112767940356 0.35948717948717951 17.500000000000004 2.5000000000000004 0.27639257294429714 29.500000000000004 0.60723635003739729 0.49068179187405958 0.73186673043201034 0.99773755656108609 1.5000000000000002 0.938137755102041 0.77871939736346529 0.22048611111111119 0.62115563839701782 21.500000000000004 21.500000000000004 22.500000000000004 17.500000000000004 0.95683229813664605 0.95845660749506922 0.99714285714285722 0.64660633484162899 0.45748709122203107 0.60349928586002866 0.22903981264637005 0.64051282051282066 0.83457711442786076 0.17467581998474449 0.62755527743012107
decision_type=2 2 2 2 2 2 2 2 2 2 2 2 2 2 2 2 2 2 2 2 2 2 2 2 2 2 2 2 2 2 2 2 2 2
left_child=1 2 -1 27 5 8 29 -8 10 13 11 -2 -6 17 16 -16 -15 19 -19 -7 22 23 24 -22 31 -26 -25 -3 -13 -4 -31 -14 33 -12
right_child=4 3 6 -5 12 9 7 -9 -10 -11 32 28 20 14 15 -17 -18 18 -20 -21 21 -23 -24 26 25 -27 -28 -29 -30 30 -32 -33 -34 -35
leaf_value=-0.00071692503905360365 -0.038701654054651813 -0.0032018499805697561 0.073196838448038676 -0.039253010959016343 -0.048893595478094791 0.00020415628371234039 0.071149125751306885 -0.050773678678509675 -0.076446546044363406 0.039460075460816438 -0.10270400903255117 0.030089883378073064 -0.011264689623322522 -0.016383512129771259 0.058897052234017019 -0.19662643778389571 0.031234116453650852 0.035738441105990969 0.0074713690702926851 -0.1348964327316369 -0.089716448996148307 -0.0020471754543525751 0.028961733588523341 -0.029107618734886979 0.068591042340504144 -0.038853527708224235 0.087924047400113267 0.11886513954121346 0.19788589906034712 -0.059833151642584577 0.077410519690511617 0.037844657696445884 -0.056459404502620797 0.029212939817077975
leaf_weight=3368.0993838934683 7.370152903233584 49.649141196605342 2.8835234645812298 59.324094068637351 10.984411788667783 7.2572281154207285 22.401289694462324 2.3043780865846193 5.7084473902868913 35.223709408790455 1.904220956988868 17.906590690971324 104.44351452341652 82.337369880028916 14.287287851213474 0.76923078564868852 21.042084155895282 80.864107741785119 85.483753981374321 2.27469406981254 11.240350082982333 489.49584310549835 63.548487423875486 17.504321605432782 9.9864498536626325 3.1363717561180229 1.9728973279125046 1.6307750777195895 0.87147151208773621 6.713188735462607 1.7855059619032543 10.625426164275266 13.11641998196137 8.8216085687745345
leaf_count=1629911 614 4796 109 3804 910 625 1936 140 952 8938 71 1265 4454 2694 449 412 2504 6601 3921 93 959 67098 2215 861 225 68 140 41 45 507 97 497 1083 383
internal_value=-0.000133152 -0.00093434 -0.000290887 -0.0207386 0.00240797 0.0101831 0.0394714 0.059777 -0.0123661 0.0139943 -0.00504875 0.0162926 -0.00173521 0.0109466 -1.28032e-05 0.0458425 -0.00669131 0.0183266 0.0212124 -0.0320362 -0.00100763 -0.00451079 0.00849685 -0.0437694 -0.0016482 0.0429116 -0.0172532 0.000680056 0.0378771 -0.00460275 -0.0309994 -0.00672995 -0.0284542 0.00579293
internal_weight=4622.97 3514.79 3404.19 110.604 1108.18 385.238 36.0879 24.7057 55.6989 329.539 49.9905 26.1482 722.938 294.316 118.436 15.0565 103.379 175.88 166.348 9.53192 711.954 520.213 191.74 30.7176 128.192 13.1228 19.4772 51.2799 18.7781 11.3822 8.49869 115.069 23.8422 10.7258
internal_count=1749418 1641341 1632700 8641 108077 30650 2789 2076 4413 26237 3461 1924 77427 17299 6059 861 5198 11240 10522 718 76517 69058 7459 1960 5244 293 1001 4837 1310 713 604 4951 1537 454
is_linear=0
shrinkage=0.07


Tree=164
num_leaves=35
num_cat=0
split_feature=0 2 0 3 3 1 1 0 3 1 3 3 0 2 3 0 1 3 12 6 3 7 7 6 3 0 0 1 3 3 1 1 6 12
split_gain=1.91854 11.4399 21.0827 18.8474 10.8655 17.7974 24.3899 10.3704 37.5522 32.7166 21.0003 20.1864 26.2553 23.4498 12.2001 9.72294 22.1097 11.8576 8.52836 7.54693 7.54418 15.6338 8.96363 7.98532 7.51845 6.31491 6.27558 6.16002 6.51827 6.13873 7.38592 7.86844 5.42215 7.37988
threshold=0.95293466223698797 0.90366769774635447 0.90070422535211281 0.95311355311355306 0.96609195402298853 0.95713410900183726 0.81120250685468098 0.69282051282051282 0.78346121057118523 0.69614069369809484 0.99253731343283602 0.82446311858076571 0.75162337662337675 0.73765182186234834 0.63245614035087727 0.55217785843920153 0.56070175438596503 0.67117117117117131 79.500000000000014 0.99779735682819382 0.90366769774635447 0.94297328687572601 0.50993551783129365 0.53070896605087536 0.82807881773399028 0.96609195402298853 0.99253731343283602 0.77032967032967048 0.95713410900183726 0.89699381078691431 0.70064935064935074 0.70659971305595415 0.9455533596837945 22.500000000000004
decision_type=2 2 2 2 2 2 2 2 2 2 2 2 2 2 2 2 2 2 2 2 2 2 2 2 2 2 2 2 2 2 2 2 2 2
left_child=1 2 7 -3 5 6 29 8 15 14 24 13 -13 -11 -9 17 -17 -1 -16 25 22 -22 -4 -24 -10 -6 -8 -5 -29 30 -2 -32 33 -27
right_child=4 3 20 27 19 -7 26 9 10 11 -12 12 -14 -15 18 16 -18 -19 -20 -21 21 -23 23 -25 -26 32 -28 28 -30 -31 31 -33 -34 -35
leaf_value=-0.0013730142987015805 0.064232273467198467 0.042919341836476201 -0.041338061359848188 0.05717512792309036 -0.088086867056274221 0.060578721920943414 0.049669237178463339 0.10871973470432209 0.029679679723207772 -0.0055574310799431266 -0.047470194823744642 0.066433811392567585 -0.019327435788977432 0.065156726339414398 -0.039565781785164039 -0.048618411244848996 0.00074669406091261382 0.028038916210747569 -0.73369295080575325 0.070132359493067176 -0.060458304628544783 -0.53670617030908685 0.30432145094078838 0.03592717596822536 0.066390899296562389 -0.0018709056068859644 -0.032151174898224007 -0.21874851279600432 -0.049033382183789845 0.073235360386327109 -0.15234029244789629 0.011292523187134876 -0.022044211807231893 0.0074158244544684426
leaf_weight=1215.3071150987835 14.304415071153924 59.31068126882019 12.689363222183603 2.3651536297111297 4.0022138478088882 38.194812684989301 5.0054924652940818 2.7539447795454626 53.920785855156282 45.709929163559309 12.504405391973249 19.577634239780309 164.16254434014809 46.206735344638219 148.8286821522629 68.328100547834651 127.25189941639985 71.09451212229169 0.086783445673062398 7.4927750327624372 34.699422002140636 0.34106810308003233 0.61397866392508049 4.7104048926848918 55.442380367215264 1680.4527868101359 55.782464470161358 1.2347193389578013 10.880943695141466 17.014524391583109 1.5238412132312102 26.152154681854881 53.787245317464112 558.69717524417501
leaf_count=1285432 1427 7267 1875 200 257 6258 739 1279 6529 10966 811 2127 38406 6077 92131 56525 39849 6362 19 15951 5745 62 24 544 4185 82314 4611 101 1004 914 102 2304 9967 57054
internal_value=-0.000123729 -0.00164741 -0.0026064 0.025439 0.00121161 0.018971 0.00570364 -0.00146858 0.00111321 -0.0111586 0.038465 0.00320843 -0.0101895 0.0299908 -0.0372705 -0.00195833 -0.0164996 0.000252471 -0.0399703 -5.86794e-06 -0.0461678 -0.0650939 -0.00935259 0.0668769 0.0482907 -0.000234664 -0.0254138 -0.0461572 -0.0663292 0.0377668 0.0233915 0.0022829 -8.13218e-05 0.000446255
internal_weight=4620.43 2158.02 2084.23 73.7915 2462.41 157.978 119.783 2031.18 1603.85 427.326 121.868 275.657 183.74 91.9167 151.669 1481.98 195.58 1286.4 148.915 2304.43 53.0542 35.0405 18.0137 5.32438 109.363 2296.94 60.788 14.4808 12.1157 58.9949 41.9804 27.676 2292.94 2239.15
internal_count=1749418 1567520 1558948 8572 181898 16355 10097 1550698 1399693 151005 11525 57576 40533 17043 93429 1388168 96374 1291794 92150 165543 8250 5807 2443 568 10714 149592 5350 1305 1105 4747 3833 2406 149335 139368
is_linear=0
shrinkage=0.07


Tree=165
num_leaves=35
num_cat=0
split_feature=7 5 7 6 5 7 1 5 9 3 3 1 5 6 5 7 5 6 7 5 7 12 1 3 7 0 6 1 6 0 0 9 3 1
split_gain=1.77683 38.9811 15.99 11.0586 10.4701 40.4385 32.1928 23.4921 9.85036 8.17297 14.4726 12.9386 7.56141 5.50842 5.26846 13.7191 9.76659 5.86085 4.83821 7.69349 4.7781 4.9815 14.5687 60.6907 8.46631 4.60637 6.67248 18.5445 10.5347 12.7154 5.11936 4.53693 4.43233 4.55907
threshold=0.24705229574143436 0.42136968928344964 0.35014124293785315 0.35624311132105185 0.44502014968336218 0.47281683833407978 0.86526825332795487 0.4232172936552499 0.19090909090909094 0.86425061425061434 0.87026647966339421 0.86526825332795487 0.92508503401360553 0.41396725879484514 0.54912120288529931 0.48019607843137252 0.52316636851520582 0.48019607843137252 0.45622551524442179 0.96571316614420077 0.40633355614973271 13.500000000000002 0.73879598662207369 0.96490147783251234 0.52193151212004618 0.87226107226107241 0.38122763556289574 0.78319623971797891 0.40074349442379187 0.2428337428337429 0.80350877192982473 0.23611111111111113 0.85053191489361712 0.84889995848899968
decision_type=2 2 2 2 2 2 2 2 2 2 2 2 2 2 2 2 2 2 2 2 2 2 2 2 2 2 2 2 2 2 2 2 2 2
left_child=-1 8 25 4 5 7 -7 -4 20 -10 11 -11 -6 31 15 17 -17 -5 19 -16 -2 -22 23 -23 -24 26 27 30 29 -28 -3 -12 33 -27
right_child=1 2 3 14 12 6 -8 -9 9 10 13 -13 -14 -15 18 16 -18 -19 -20 -21 21 22 24 -25 -26 32 28 -29 -30 -31 -32 -33 -34 -35
leaf_value=0.0018439269700516485 -0.067567287357713599 0.0030829846333596837 2.0810776767743064 -0.016394365768194967 0.045640674633095298 -0.070101562744365201 5.756330132594063 0.13673709992848743 -0.064624118311970513 -0.07017858892045252 0.21360469837121918 0.70697789243099807 0.39643927576379595 -0.10736553663318628 0.014606330272763127 0.030122426503726183 -0.019346772752159114 -0.050726011873294799 -0.00067102053491509739 -0.033571477314650114 -0.07004523181553246 -0.070036271390539792 -0.0015124689443933334 2.7623438184216154 0.67213166712767614 -0.0064753756629445103 0.77273539459838858 -0.67112385311949707 0.014755408647624068 0.13680644367800809 -0.13181932588809792 -0.00043241730289974369 0.043172163229739026 0.24966074921609901
leaf_weight=1521.3821199298227 54.825824056136355 12.832669394354182 0.032535775049209792 70.203658751810963 7.551589663252571 0.0075780885085805485 0.012012821796815842 0.47475331658500863 13.278241717175318 0.17365930137020669 0.49326713688970159 0.26538332551717758 0.31358358342549753 2.3882538436664609 189.07718263094193 47.732699784716658 33.127428340603331 37.316051920374321 2505.3819909555023 17.767705550926621 2.9062227639890912 0.14826587728748597 3.0565510470478334 0.049427144840592518 0.09423595736734558 0.51058367631776391 0.16538307221452386 0.21186010972451264 8.5259874802346172 2.2515524307669921 1.5442662884815952 29.917488427636272 42.273245676864462 1.0222650869545757
leaf_count=50829 226341 4739 136 213575 2522 102 2 1350 336475 188 407 5 18 160 46065 67062 33799 45144 670621 974 18427 646 2750 57 12 111 451 26 19634 1653 66 2183 2815 73
internal_value=-0.000113886 -0.0010791 0.000416257 -0.000375603 0.0798638 0.381955 3.50257 0.26144 -0.0424714 -0.0182012 0.000344309 0.399581 0.059627 -0.00499981 -0.000607752 -0.0119276 0.00985549 -0.0283096 0.000178478 0.0104679 -0.0609545 -0.00298979 0.0552092 0.638114 0.0186354 0.033638 0.0100049 -0.0209877 0.0513235 0.180321 -0.0114072 0.0030393 0.0474121 0.164343
internal_weight=4607.32 3085.93 2978.34 2909 8.39205 0.52688 0.0195909 0.507289 107.597 46.5163 33.2381 0.439043 7.86517 32.799 2900.61 188.38 80.8601 107.52 2712.23 206.845 61.0805 6.2547 3.34848 0.197693 3.15079 69.3378 25.5317 14.5888 10.9429 2.41694 14.3769 30.4108 43.8061 1.53285
internal_count=1749418 1698589 1110938 1081370 4130 1590 104 1486 587651 339418 2943 193 2540 2750 1077240 359580 100861 258719 717660 47039 248233 21892 3465 703 2762 29568 26569 4831 21738 2104 4805 2590 2999 184
is_linear=0
shrinkage=0.07


Tree=166
num_leaves=35
num_cat=0
split_feature=9 8 9 6 6 7 6 1 6 8 6 6 2 1 6 2 7 3 1 7 6 6 1 8 3 7 0 2 3 6 6 1 2 3
split_gain=1.70408 8.59443 9.48767 8.80735 8.64352 6.44796 6.38052 16.275 6.67861 6.23446 21.1071 8.2638 7.20489 6.15257 23.1491 14.2681 10.2193 9.36053 12.4194 8.66424 7.71193 6.1803 7.14706 5.79704 11.6325 10.3783 5.73981 5.64212 5.54392 5.81484 5.253 4.90125 9.37788 17.0249
threshold=0.92857142857142871 1.5000000000000002 0.53571428571428581 0.83393285371702663 0.52839964805943895 0.84764185703758299 0.53579972658920039 0.89039039039039047 0.53975277426604873 2.5000000000000004 0.7080195679657012 0.87287157287157302 0.22792207792207794 0.41060765718299969 0.72771403353927633 0.34851621808143551 0.51506078751587747 0.26794871794871805 0.18808962264150944 0.58191438191438205 0.49618231625575576 0.99779735682819382 0.39314988290398134 2.5000000000000004 0.7228132387706856 0.70031847133757974 0.53907203907203916 0.11269841269841276 0.60120481927710856 0.48549301307593024 0.34058313632781728 0.31643132220795894 0.31400560224089641 0.6066017316017317
decision_type=2 2 2 2 2 2 2 2 2 2 2 2 2 2 2 2 2 2 2 2 2 2 2 2 2 2 2 2 2 2 2 2 2 2
left_child=1 -1 4 5 31 23 7 -6 -8 13 12 -12 -11 15 20 16 -2 18 -18 -17 28 -21 -23 25 -25 -4 -16 -19 29 -15 -30 32 -3 -34
right_child=9 2 3 -5 6 -7 8 -9 -10 10 11 -13 -14 14 26 19 17 27 -20 21 -22 22 -24 24 -26 -27 -28 -29 30 -31 -32 -33 33 -35
leaf_value=5.512367047486107e-05 -0.03647607882644946 0.0052986756817170562 0.0055778649863413949 -0.02622601475140135 0.037146988478874883 0.13516052698279235 0.11488548543429723 -0.50720870067242707 -0.043820733441738736 0.35446582920627012 -0.032902563604993905 0.030266103568211238 0.11209962966064765 0.053287900238408993 0.023017951990873236 0.011025171237232739 0.0025123647966342928 -0.072642925361898522 -0.076445290365461493 -0.033293835780994353 -0.020474856722679131 -0.069575963440847752 -0.23886115276389308 -0.052314486536929522 0.083855192815210491 0.08532994846589595 0.068689031722773547 0.013242752493038962 0.071233042435755858 0.26712491015533019 -0.00011820867613633497 -0.0029409151639969663 0.21748087598845539 1.7018652204713483
leaf_weight=3781.6271774802085 29.473973474506749 1.7112329456463151 34.92504110416462 43.402952298318269 0.58838208769998235 2.0980788223678237 1.3256290084891578 0.49598603788763285 65.303632615947208 0.65599565382763003 15.791836259333648 28.393370506048086 7.1697535809935289 3.1901135164951024 23.218385732157913 18.766399870888335 30.528866548795605 3.8051418829918466 14.349336531014158 49.268610853891005 68.76531650072593 8.7174624832696264 1.4212800121167664 14.259440829744564 3.918860924546606 10.36919553093321 32.16058634091678 249.47217651695647 5.7782683175537377 0.77437060329611984 40.444051482585564 10.031696351788808 0.92511127626141831 0.03947627721936442
leaf_count=1395901 143064 7863 11753 3517 305 104 144 7 6452 40 1650 6084 538 14704 1717 49643 972 218 558 2157 9007 217 78 938 485 644 58705 17809 674 746 4528 6649 1517 30
internal_value=-0.000136294 -0.000673662 -0.0152253 -0.00176609 -0.0334629 0.0144246 -0.0434044 -0.211839 -0.0406632 0.00323936 0.0264563 0.00768956 0.132416 0.00115788 0.0121564 -0.00356701 0.00284452 0.00673153 -0.0227335 -0.030438 -0.00524824 -0.0435359 -0.0933069 0.0104337 -0.0229592 0.0238355 0.0495408 0.0119524 0.0156151 0.095056 0.00880144 0.0195115 0.103686 0.27823
internal_weight=4603.17 3971.02 189.395 108.974 80.4211 65.5706 67.7136 1.08437 66.6293 632.145 52.011 44.1852 7.82575 580.134 174.331 405.803 327.629 298.156 44.8782 78.1738 118.952 59.4074 10.1387 63.4725 18.1783 45.2942 55.379 253.277 50.1868 3.96448 46.2223 12.7075 2.67582 0.964588
internal_count=1749418 1436309 40408 17441 22967 13924 6908 312 6596 313109 8312 7734 578 304797 90081 214716 162621 19557 1530 52095 29659 2452 295 13820 1423 12397 60422 18027 20652 15450 5202 16059 9410 1547
is_linear=0
shrinkage=0.07


Tree=167
num_leaves=35
num_cat=0
split_feature=12 0 5 9 6 0 7 2 2 6 5 7 2 0 3 3 3 2 0 2 3 2 5 0 3 0 1 1 12 6 7 12 0 3
split_gain=1.70974 3.10619 3.83346 3.90818 3.76373 2.64252 2.55194 2.80509 2.33225 3.52711 2.03955 1.93745 1.78759 1.60015 22.5787 20.5276 17.9796 14.0028 11.6082 27.389 26.572 13.0229 10.6549 8.85375 11.3499 8.35344 18.707 10.401 7.70681 7.23981 7.1258 6.89902 19.045 6.49387
threshold=6.5000000000000009 0.53907203907203916 0.66009708737864081 0.31666666666666671 0.66823899371069195 0.25176056338028174 0.9201769911504426 0.32049382716049385 0.3417843388960205 0.65940005940005941 0.73717105263157912 0.72423112767940356 0.96362433862433872 0.62593283582089565 0.75204918032786894 0.61651583710407254 0.99253731343283602 0.61633428300094983 0.95293466223698797 0.63224516988674229 0.71535181236673784 0.90366769774635447 0.49132832080200511 0.99253731343283602 0.97100840336134464 0.55217785843920153 0.5629401408450706 0.54653679653679665 16.500000000000004 0.99779735682819382 0.61356664807585071 23.500000000000004 0.15535444947209656 0.7593103448275863
decision_type=2 2 2 2 2 2 2 2 2 2 2 2 2 2 2 2 2 2 2 2 2 2 2 2 2 2 2 2 2 2 2 2 2 2
left_child=1 2 -1 5 8 6 7 -4 9 -5 -10 12 -3 14 17 -15 33 22 19 -17 30 -22 31 24 -20 27 -27 -24 -26 -25 -21 -2 -33 -16
right_child=13 11 3 4 -6 -7 -8 -9 10 -11 -12 -13 -14 15 16 18 -18 -19 23 20 21 -23 25 29 28 26 -28 -29 -30 -31 -32 32 -34 -35
leaf_value=-0.083336899696105055 -0.070583338440147636 -0.0023260624438028615 -0.03442684119431668 -0.016611938512405871 -0.042579568263772231 -0.071034606156885741 0.23511605818727299 0.12455238617230389 -0.070661526297877225 0.19303186411510609 0.13524326458784572 0.062349735420532952 -0.083931885655208899 0.090100744455863899 0.16366170899003912 -0.041926058249601668 -0.048323308283404157 0.061495990389877145 0.063291343278319021 0.1257473156982665 -0.010729800787575714 0.022626813750327469 0.00042568228427706546 0.00032376662215994516 0.048859115638861694 -0.059553794714129096 0.0077067548378140878 0.10648796971962651 -0.11473897886960238 0.070122520495066898 0.041509414152395785 1.6316654383381388 0.065068781371178275 0.040633009562789126
leaf_weight=5.3005324952655064 13.925512018305877 67.132051074749882 4.3454041601299664 2.5223255025412059 2.9303156100268097 6.7005078665127993 0.20908494293689717 0.62162569663018974 0.2677804563732028 0.46586233524612897 1.9688351945878819 2.2318256635262506 1.3415779779024877 12.115059334355463 2.1517689687752855 107.14521240629801 11.773576755997054 17.638697066893656 21.970025220129177 8.1614282142418251 428.81518147660063 66.205535906308796 1222.1990765455087 2388.3794647325776 2.4147534528456154 36.53774867157972 45.485711375340543 4.5473839895730626 3.3942384492256679 7.3038896426733109 12.391361433037671 0.041131586051052049 0.50336124567184015 91.374946766820358
leaf_count=172758 554601 107993 19832 1008 354 59141 1 1333 284 61 181 85 41 1893 193 37637 646 2343 3421 3154 102295 7401 486978 152822 100 4465 2646 307 334 17114 562 145 1586 5703
internal_value=-0.000126386 -0.00936829 -0.0304003 -0.0163929 0.0209199 -0.0420138 -0.00444626 -0.0145305 0.0565333 0.0160718 0.110591 -0.00183297 -0.00392493 7.06559e-05 0.00198926 -0.000836596 0.0332009 -0.000461815 -0.00119827 -0.00972288 -0.0030305 -0.00626859 -0.00128771 0.000992171 0.0402838 -0.000627233 -0.0222548 0.000818841 -0.0467325 0.000536567 0.0749599 -0.0610258 0.183411 0.0434635
internal_weight=4600.51 96.0377 25.3323 20.0317 8.15512 11.8766 5.17611 4.96703 5.2248 2.98819 2.23662 70.7055 68.4736 4504.48 1446.18 3058.3 105.3 1340.88 3046.18 622.719 515.574 495.021 1323.24 2423.46 27.779 1308.77 82.0235 1226.75 5.80899 2395.68 20.5528 14.47 0.544493 93.5267
internal_count=1749418 363072 254953 82195 1888 80307 21166 21165 1534 1069 465 108119 108034 1386346 1059613 326733 6542 1053071 324840 151049 113412 109696 1050728 173791 3855 494396 7111 487285 434 169936 3716 556332 1731 5896
is_linear=0
shrinkage=0.07


Tree=168
num_leaves=35
num_cat=0
split_feature=9 9 6 7 2 1 12 6 12 7 0 0 7 3 6 6 2 0 0 3 0 3 3 3 7 12 2 1 0 1 6 12 6 2
split_gain=1.64794 21.0206 17.8514 6.94835 5.28638 10.6589 10.019 6.76455 9.188 4.61039 10.1651 50.8546 6.70697 5.665 5.38783 4.21975 3.95191 10.5828 7.85462 21.4519 17.3249 12.6592 12.2179 10.386 11.1206 13.1099 8.40345 8.02004 11.9121 13.2462 12.4305 5.33632 8.31552 13.3173
threshold=0.23611111111111113 1.0000000180025095e-35 0.51903565561890053 0.50590560334805867 0.63702239789196324 0.60943257184966848 16.500000000000004 0.69467381027418862 15.500000000000002 0.48019607843137252 0.36788399570354463 0.3603278688524591 0.38119783996072659 0.68801229508196726 0.49618231625575576 0.99779735682819382 0.75716625716625729 0.76277056277056288 0.75162337662337675 0.82097069597069605 0.89725545390570038 0.69028213166144214 0.99253731343283602 0.99253731343283602 0.43341543513957315 22.500000000000004 0.72377109317681587 0.74133811230585434 0.67099567099567103 0.59611795446061977 0.65633012820512826 22.500000000000004 0.52256779392457797 0.96051948051948066
decision_type=2 2 2 2 2 2 2 2 2 2 2 2 2 2 2 2 2 2 2 2 2 2 2 2 2 2 2 2 2 2 2 2 2 2
left_child=1 15 3 9 5 7 -7 8 -4 12 11 -11 13 -3 -12 -1 18 -18 19 27 21 -20 -21 -22 -25 -26 -23 28 29 -2 -30 32 -19 -34
right_child=16 2 4 -5 -6 6 -8 -9 -10 10 14 -13 -14 -15 -16 -17 17 31 20 22 23 26 -24 24 25 -27 -28 -29 30 -31 -32 -33 33 -35
leaf_value=-0.00038394577414234177 -0.00059658178636829925 -0.08592452485571668 -0.063093397853581534 -0.083238651085166301 -0.087447381176628675 0.2647477779153502 -0.051429234157416438 -0.084705018291965611 0.090267993362030091 -0.070526578253407302 0.17742571417699923 2.3646230258569858 -0.025940537032855003 0.10884777833176472 -0.029763157984366947 0.039869648762662378 0.078928641029408622 0.0085420905314529498 0.076485526360627512 0.06328510076126953 0.053969818579397442 -0.047435845741700039 -0.040690702695389151 0.042918684765922886 -0.043386701173646437 0.017017384217829726 -0.12542485027790801 0.11609250449041675 -0.074025714460777367 0.042345421790774648 0.013957122153628423 0.017369159269454492 -0.0043815675889931653 -0.084548047424444772
leaf_weight=2970.0673201458758 963.98631503400838 0.87096737711316929 4.9442829595100317 2.7639408498208686 22.915635993136675 1.0411443484626932 0.92953810613835219 13.52808062941949 3.1234315240599244 0.15643526892927129 1.3157632894969995 0.057455636907434382 6.9776027573217334 4.5765584424616463 1.1547438936509022 12.815731267211957 10.177503181279461 125.77274987187411 3.2930203489731857 39.606622805480583 14.720181934884748 27.165611010920657 6.4378214151074635 16.360456997768779 47.0121944622515 28.147401299269404 9.0171428072426334 2.9036175806249949 21.180930952573362 36.532410892966709 12.519126267987302 126.99042349724186 41.138146930243238 13.481131593813187
leaf_count=886125 691900 18822 13337 3063 553 83 27 3679 3383 1354 322 25 15388 1761 111 867 2713 3395 190 3279 2953 3377 450 886 1290 6618 783 152 3413 3106 699 70670 3589 1055
internal_value=-0.000120469 -0.00106497 -0.0406465 0.0188073 -0.0635079 -0.0402295 0.115612 -0.0544505 -0.00371923 0.0374742 0.120664 0.583606 0.0195014 0.077707 0.0805832 -0.000210999 0.00174065 0.00870174 -5.81863e-05 0.00199445 -0.0153163 -0.0549129 0.0487475 -0.000603294 -0.00938089 -0.0207653 -0.0668716 -8.12157e-05 -0.000407379 0.00097138 -0.0413413 0.00637651 -0.00136198 -0.0241683
internal_weight=4593.68 3047.24 64.3556 17.8735 46.4821 23.5665 1.97068 21.5958 8.06771 15.1095 2.6844 0.213891 12.4251 5.44753 2.47051 2982.88 1546.44 317.56 1228.88 1083.17 145.716 39.4758 46.0444 106.24 91.5201 75.1596 36.1828 1037.12 1034.22 1000.52 33.7001 307.382 180.392 54.6193
internal_count=1749418 948900 61908 40846 21062 20509 110 20399 16720 37783 1812 1379 35971 20583 433 886992 800518 81422 719096 702999 16097 4350 3729 11747 8794 7908 4160 699270 699118 695006 4112 78709 8039 4644
is_linear=0
shrinkage=0.07


Tree=169
num_leaves=35
num_cat=0
split_feature=5 6 5 2 2 7 0 0 3 6 7 3 7 2 2 3 7 3 1 0 0 2 0 1 3 3 0 6 7 1 1 0 6 1
split_gain=1.50018 8.59955 16.0713 8.17523 11.2951 8.06058 8.03855 8.34475 8.70699 6.88747 7.52776 6.79338 6.69573 6.43033 9.83967 7.3009 6.34964 5.74528 18.2926 15.4084 10.237 16.2259 9.92006 7.68908 5.69824 5.65925 5.62557 5.36555 9.49606 14.7942 24.3236 31.1541 12.2186 8.08591
threshold=0.91445993031358896 0.87287157287157302 0.88322510822510836 0.44610281923714762 0.36032786885245899 0.79001971158833917 0.84889995848899968 0.7206557377049182 0.76506899055918676 0.79324593901396423 0.84764185703758299 0.30940170940170947 0.72423112767940356 0.64899964899964913 0.23132664437012265 0.72871572871572887 0.4289198606271778 0.58919961427193834 0.32049382716049385 0.5656275635767023 0.63702239789196324 0.32049382716049385 0.63211600429645542 0.64051282051282066 0.80901722391084108 0.35948717948717951 0.24440019910403191 0.75733900155110023 0.7438520459584762 0.72046511627906984 0.89699381078691431 0.89039039039039047 0.9788721916381492 0.39077412513255566
decision_type=2 2 2 2 2 2 2 2 2 2 2 2 2 2 2 2 2 2 2 2 2 2 2 2 2 2 2 2 2 2 2 2 2 2
left_child=1 2 5 4 9 17 7 8 -5 11 -11 -4 25 14 -7 -15 -8 18 19 -1 21 -19 -20 -22 -16 -2 -6 33 29 -29 31 -31 -32 -14
right_child=12 -3 3 6 26 13 16 -9 -10 10 -12 -13 27 15 24 -17 -18 20 22 -21 23 -23 -24 -25 -26 -27 -28 28 -30 30 32 -33 -34 -35
leaf_value=0.0018667821011501479 -0.011150677391616277 0.021157673688974653 0.051535859016299999 -0.048391532402419141 0.15389444748299316 0.046697773793227315 0.080025487099179143 -0.083100342339632066 0.013700089783707932 -0.071173530208680696 0.0073911074752554973 -0.017116251952486915 0.066152347805306724 0.14768395550972918 -0.015206178772403052 0.029453683288749536 -0.015781690027508802 -0.036540591238438107 -0.040374255784259169 1.1492271483050471 -0.015314165421884372 0.023719950802567065 0.092168180814143977 -0.00010720955718527719 0.033743031563795309 0.013127725776410299 0.025431694638554544 -0.028144462193058745 -0.0017991321591174776 -0.17832089998083997 0.070916848187050616 -0.92322751224170208 -0.84428776789421678 -0.010146565006404356
leaf_weight=181.09196926341366 54.962490345926426 85.055875662146718 9.175223858910611 40.71289133222308 1.79406020062743 21.934264765752232 3.7730803104786892 21.188718152538058 15.196846635342807 19.169454561226306 8.6827604699355998 30.676158078960725 13.839113140900738 2.7002385641681022 64.281685297368313 49.020543310765788 33.350718480127398 25.25363837597672 88.273275299958698 0.05737078678805474 174.74791931325944 164.61121917264461 2.8564825976391139 2407.9357422533985 14.233508097648153 326.58925078861716 24.223895585331775 13.269833158992695 674.26576059974468 0.79213674982020099 1.0880944052769335 0.42149874260940123 0.076505446901137364 13.391992111923171
leaf_count=707913 4413 6066 1359 753 75 2683 384 355 346 1452 419 6248 1352 49 12119 5674 4025 11770 496657 297 106739 83104 1980 188376 234 26237 2264 399 73858 74 574 94 74 1002
internal_value=-0.000117147 -0.000827301 -0.00137649 -0.0202332 -0.00491071 -0.000149979 -0.0328057 -0.0456916 -0.0315144 -0.0199752 -0.0466815 -0.00131006 0.00213865 0.0155727 0.00524726 0.0356262 -0.00604432 -0.000935746 -0.0106387 0.00223016 1.71376e-05 0.0157048 -0.0362197 -0.00113613 -0.0063325 0.00963042 0.0342898 -0.0018473 -0.00305022 -0.0569588 -0.217734 -0.437029 0.0107948 0.0286293
internal_weight=4588.69 3490 3404.94 207.944 93.7216 3197 114.222 77.0985 55.9097 67.7036 27.8522 39.8514 1098.7 152.17 100.449 51.7208 37.1238 3044.83 272.279 181.149 2772.55 189.865 91.1298 2582.68 78.5152 381.552 26.018 717.145 689.914 15.6481 2.37824 1.21364 1.1646 27.2311
internal_count=1749418 1641341 1635275 17680 11817 1617595 5863 1454 1099 9478 1871 7607 108077 20759 15036 5723 4409 1596836 1206847 708210 389989 94874 498637 295115 12353 30650 2339 77427 75073 1215 816 168 648 2354
is_linear=0
shrinkage=0.07


Tree=170
num_leaves=35
num_cat=0
split_feature=12 6 2 2 1 6 7 7 0 0 1 8 5 5 7 7 7 7 8 5 0 5 5 5 0 12 2 1 0 1 7 7 2 6
split_gain=1.55603 2.50557 6.63302 5.86013 22.4152 10.5935 3.60402 11.5172 55.7126 2.97212 7.81508 8.13228 5.22931 3.86856 5.3237 3.80406 3.70932 2.9937 2.94195 2.92435 14.3432 3.92173 2.94931 5.23974 4.84582 2.38472 11.6179 14.8487 14.364 18.5406 8.64862 14.4966 13.7943 11.5847
threshold=10.500000000000002 0.64140689089417569 0.23629112662013965 0.23845060412224597 0.33137254901960794 0.50802230802230808 0.67867965367965377 0.67704421562689299 0.99253731343283602 0.1680790960451978 0.16108108108108113 1.0000000180025095e-35 0.84389334862385323 0.84389334862385323 0.39071479885057475 0.78283873936047865 0.66513056835637496 0.31832657788071811 1.5000000000000002 0.64533196791261316 0.99253731343283602 0.64303661162957648 0.75887238862320683 0.77629499561018456 0.99253731343283602 15.500000000000002 0.93063352044907788 0.92718275008837059 0.99253731343283602 0.95419580419580419 0.5862971655533491 0.50993551783129365 0.78979857050032498 0.71126025354213285
decision_type=2 2 2 2 2 2 2 2 2 2 2 2 2 2 2 2 2 2 2 2 2 2 2 2 2 2 2 2 2 2 2 2 2 2
left_child=1 2 -1 4 -4 -6 7 18 -9 10 13 12 -12 14 -3 -15 -16 -11 -5 20 21 -19 24 -24 -21 26 27 30 -28 -30 31 -2 33 -32
right_child=25 9 3 6 5 -7 -8 8 -10 17 11 -13 -14 15 16 -17 -18 19 -20 22 -22 -23 23 -25 -26 -27 28 -29 29 -31 32 -33 -34 -35
leaf_value=-0.055953375307765167 0.0054132682561290951 0.54785471232161231 -0.070329705296418077 -0.0064193789930117031 2.7729487256603873 -0.070083257962608558 -0.068861072261498332 -0.070222020714170705 4.7622169547121045 0.27926445827200352 -0.070719998534412257 -0.07852150217057817 0.30398472267866855 0.019943825695193644 -0.029136539711764636 -0.080967706125174954 0.11580814553420291 -0.075602060522758377 0.033608886556862443 -0.0027965794735522651 0.66486984357099077 0.27636417504525063 0.069868597096671176 -0.00020701389162415372 -0.076006996832696086 -0.00081642054398163447 0.045816143978287031 0.087998175311411228 -0.080870512878938233 -0.009317747669104412 -0.023093180062939627 0.033132144446365634 0.039462539008217182 0.0032465503506688251
leaf_weight=13.444848031344632 525.59499915944457 0.11179374586026769 0.098290687322274972 257.29866541149602 0.024610012104687939 0.0086895603258199117 4.3704208973124983 0.06059209540808197 0.014484561048448086 0.1879304338744977 0.21427521864461496 0.50242208959025436 1.2306673497223526 5.4355268173094355 1.4499574088958982 2.7598842745064758 2.1449684443687147 0.7334176751490975 9.32300766726223 14.209994146416195 0.19096487993374467 0.19673078432049351 5.4849000364019949 111.81843884663795 6.4369315875228486 2858.2035409826512 20.683928419770382 10.760493808884346 19.252650863665622 226.53559445300198 136.99328287667208 112.18411369364912 33.901262140003382 203.15550521872137
leaf_count=160485 215720 28 2248 761309 344 119 8630 569 2 7 359 37 38 252 1281 60 1223 2159 8488 30979 5 409 3364 14296 78 284077 977 527 1035 19565 136795 58985 859 34109
internal_value=-0.000108113 -0.00407731 -0.00796137 -0.00558214 0.461437 2.03106 -0.00580885 -0.0047756 0.862102 0.00314353 0.0340697 0.164068 0.248419 0.0128001 0.0721406 -0.0140391 0.057347 6.7885e-05 -0.0050197 -0.0003094 0.112289 -0.00115954 -0.00122448 0.0030696 -0.0256208 0.000310844 0.0028103 0.00620265 -0.0102079 -0.0149225 0.00533278 0.010289 -0.00311783 -0.00736165
internal_weight=4585.02 437.752 284.644 271.199 0.13159 0.0332996 271.067 266.697 0.0750767 153.109 13.8495 1.94736 1.44494 11.9021 3.70672 8.19541 3.59493 139.259 266.622 139.071 1.12111 0.930148 137.95 117.303 20.6469 4147.27 1289.06 1022.59 266.472 245.788 1011.83 637.779 374.05 340.149
internal_count=1749418 996769 942194 781709 2711 463 778998 770368 571 54575 3278 434 397 2844 2532 312 2504 51297 769797 51290 2573 2568 48717 17660 31057 752649 468572 446995 21577 20600 446468 274705 171763 170904
is_linear=0
shrinkage=0.07


Tree=171
num_leaves=35
num_cat=0
split_feature=7 5 7 9 12 1 7 5 12 5 12 7 5 7 5 7 7 5 3 7 8 7 5 9 9 5 5 7 12 5 5 0 5 8
split_gain=1.67613 35.9988 13.7364 8.9969 7.80159 7.08681 5.47927 5.18701 4.7958 7.64526 10.8773 4.58831 4.37374 12.8818 8.95263 8.32911 5.29274 6.38304 5.72176 4.35825 4.2538 4.19251 4.09054 3.96795 5.02006 6.92813 4.55846 3.84636 6.6259 3.76752 3.72909 5.41539 4.00343 3.62376
threshold=0.24705229574143436 0.4232172936552499 0.36406117247238751 0.19090909090909094 12.500000000000002 0.78830559112249265 0.40633355614973271 0.41396725879484503 13.500000000000002 0.42136968928344964 20.500000000000004 0.4083069847657374 0.54912120288529931 0.48019607843137252 0.52316636851520582 0.52698656740572913 0.45622551524442179 0.96571316614420077 0.77871939736346529 0.45293443135619732 1.5000000000000002 0.48198949644732775 0.54007299270073006 0.92857142857142871 0.14835164835164838 0.51445279866332505 0.54007299270073006 0.29283827870125845 17.500000000000004 0.31616811813706941 0.56615139804501036 0.77459677419354855 0.56928691746210003 1.5000000000000002
decision_type=2 2 2 2 2 2 2 2 2 2 2 2 2 2 2 2 2 2 2 2 2 2 2 2 2 2 2 2 2 2 2 2 2 2
left_child=-1 3 4 6 33 -5 -2 27 -8 11 -11 -10 13 20 15 -15 17 19 -19 -14 22 -16 -4 24 25 -6 -26 28 -7 -29 31 -18 -32 -3
right_child=1 2 12 5 23 7 8 -9 9 10 -12 -13 16 14 21 -17 30 18 -20 -21 -22 -23 -24 -25 26 -27 -28 29 -30 -31 32 -33 -34 -35
leaf_value=0.001782329992460205 -0.067418141740501661 -0.011436809876192836 -0.035095594405409436 -0.058630499659111573 -0.010704087348137837 0.16460960182049858 -0.070663465825037686 -0.095833163697415666 0.24347487907874904 1.4281604959572824 -0.070221751954156447 0.0057577299196218713 0.012714936162666274 0.012580017874016105 0.32060047671608577 0.080542641814856916 -0.036765194482942437 -0.048158604094416864 0.060700508601151781 0.064524313737698236 0.026515160027374293 -0.020390179630201732 0.028626089874980915 -0.0092479020105987655 0.13902286583815504 0.055976919398694293 0.05830530521086142 -0.085062314155516905 -0.0052687056269540089 0.0066536774694287261 -0.061830343037935345 0.038295523566496188 -0.00079713715902026664 0.071856692446228609
leaf_weight=1518.3838637164636 51.670936364147167 25.002345905075575 88.734668832114153 14.608705565019532 12.099618125783307 1.9651237296348032 2.9383475437539337 2.5339899928076184 0.44624674859915092 0.046717568216990801 0.04826609484734945 3.6691018946930853 172.84286071807901 37.288295526182026 0.17763804462771204 11.580023252269624 5.8364134503367522 14.074376851378476 2.8439711288665412 8.3398262366645195 6.617400340958965 32.722745799326304 5.2270935250700736 6.5971858545817659 4.3668116932840375 20.691512576504465 15.951421955713156 2.4343047608272199 2.6316525868605822 22.290582331886981 5.2774933379623681 24.398457805596991 2456.1762232731362 2.8512407092614458
leaf_count=50829 227672 34826 223715 345252 2776 97 19009 73 436 61 31 3029 41346 51348 304 15646 27034 583 349 2564 12682 33571 4975 1821 2541 416 1017 99 35 929 4436 866 638369 681
internal_value=-0.000119549 -0.00106173 0.000369086 -0.0412844 0.0276815 -0.0182612 -0.0594714 0.000251739 -0.00203218 0.0458649 0.666755 0.0315345 -0.000463561 -0.0109549 0.00967976 0.0286847 0.000247674 0.0112601 -0.0298594 0.0150997 -0.0277304 -0.0185491 -0.0315508 0.0419529 0.048313 0.0313723 0.0756532 0.00855543 0.0673543 -0.00237628 -0.000627865 0.0238061 -0.000927996 -0.00291045
internal_weight=4583.37 3064.98 2959.7 105.284 87.5601 46.4644 58.8196 31.8557 7.14868 4.21033 0.0949837 4.11535 2872.14 182.348 81.7687 48.8683 2689.79 198.101 16.9183 181.183 100.579 32.9004 93.9618 59.7066 53.1094 32.7911 20.3182 29.3217 4.59678 24.7249 2491.69 30.2349 2461.45 27.8536
internal_count=1749418 1698589 1101866 596723 44078 346485 250238 1233 22566 3557 92 3465 1057788 342241 100869 66994 715547 44842 932 43910 241372 33875 228690 8571 6750 3192 3558 1160 132 1028 670705 27900 642805 35507
is_linear=0
shrinkage=0.07


Tree=172
num_leaves=35
num_cat=0
split_feature=7 5 7 9 6 3 3 1 1 7 7 1 7 6 5 7 7 1 7 7 5 6 5 7 5 7 5 6 5 5 7 5 1 5
split_gain=1.45997 32.666 12.1791 8.82932 7.57613 6.68172 9.56785 6.15174 6.90046 6.18198 5.76122 5.44097 5.32175 5.43546 37.3166 66.9349 9.64961 5.04426 4.988 5.82271 4.69255 9.91857 48.9979 6.88365 4.39214 12.0368 7.77864 4.95477 3.72497 4.09596 3.44411 6.36051 4.84735 3.40706
threshold=0.24705229574143436 0.4232172936552499 0.34222380275011849 0.19090909090909094 0.37745475548710056 0.86425061425061434 0.87026647966339421 0.79205974842767291 0.76417112299465251 0.30098011228470839 0.30323928944618606 0.86526825332795487 0.40633355614973271 0.39228096301811871 0.39182223460573984 0.4083069847657374 0.52193151212004618 0.87570224719101131 0.37225340817963115 0.36932876041156304 0.46192500966370315 0.36676528599605529 0.42566918325326014 0.44804371584699459 0.54912120288529931 0.48019607843137252 0.5265987549518959 0.48019607843137252 0.82952776336274014 0.46113572291582766 0.53361581920903967 0.56615139804501036 0.81872946330777663 0.49867724867724872
decision_type=2 2 2 2 2 2 2 2 2 2 2 2 2 2 2 2 2 2 2 2 2 2 2 2 2 2 2 2 2 2 2 2 2 2
left_child=-1 3 7 12 20 -5 11 8 9 -3 -11 -7 -2 14 16 -16 -14 28 19 -8 21 -4 -23 33 25 27 -27 -6 29 -9 32 -32 -26 -22
right_child=1 2 4 5 24 6 18 17 -10 10 -12 -13 13 -15 15 -17 -18 -19 -20 -21 23 22 -24 -25 30 26 -28 -29 -30 -31 31 -33 -34 -35
leaf_value=0.001657799561556572 -0.067221766393773377 -0.03212240387611949 0.053435765108825729 -0.063168134820800553 -0.015724139384576442 -0.07015459864662775 0.0090181656376643014 -0.070420318052916681 -0.10005890930187275 0.32710223693296836 0.037598845855691128 0.4185559788320331 -0.049638803978194652 -0.070459096401940313 3.3055226946068719 0.37204910502395178 0.66539130107779432 0.041720767695904853 -0.038666811485713985 0.21996930899061617 -0.07138483145962346 4.0936810126770675 0.26405616123003461 -0.071064498809832635 0.0098395165283024257 0.024651069960079711 -0.021341657869316515 -0.047999541134222126 -0.047912103820792543 0.17460351362247234 0.045258873463587292 -0.0014307243725608038 -0.0050432491450837901 0.050143613663372333
leaf_weight=1518.1791961557328 48.313519260061696 7.8269964644005148 2.3215813971182828 11.620038822852846 66.20834793764493 0.15368041676992916 19.057708158825339 0.37239107666755389 2.6611310084917923 0.34427151293243596 15.570179165515809 0.40792909637093544 3.4003417214621545 3.2275448396300703 0.041469583502532603 0.47102058619913123 0.095067633613439173 28.152165393650648 13.873517517669823 0.6634672296786438 1.2065581632615536 0.016811508466275771 0.62402852406489728 3.0319983879787733 350.75651189080872 53.304461558481847 27.219757243966654 35.967712145446797 0.53725034347735334 3.2681301652337424 14.391838565080887 2171.5190909075468 154.45425484050793 17.900435050185251
leaf_count=50829 227672 4503 3571 343489 205332 193 1650 269 223 429 15261 5 11420 9663 120 1331 32 1476 1079 69 1214 168 1891 1831 127965 70387 29390 45616 22 153 15365 565465 8632 2703
internal_value=-0.000116794 -0.000997528 0.000341356 -0.0400792 -0.000298014 -0.0173167 -0.00171789 0.0318994 0.00683043 0.0188114 0.0438616 0.284824 -0.0588371 -0.00284988 0.0515955 0.609419 -0.0301915 0.0523723 -0.00650807 0.0161151 0.0379919 0.120731 0.364521 0.0269206 -0.000632457 -0.0111352 0.00910406 -0.0270856 0.124148 0.14954 8.05747e-05 -0.00112332 0.00528952 0.0424694
internal_weight=4577.16 3058.98 2957.66 101.325 2898.92 45.7763 34.1563 58.7325 26.4026 23.7414 15.9145 0.56161 55.549 7.23544 4.0079 0.51249 3.49541 32.3299 33.5947 19.7212 25.1014 2.96242 0.64084 22.139 2873.82 182.7 80.5242 102.176 4.17777 3.64052 2691.12 2185.91 505.211 19.107
internal_count=1749418 1698589 1101866 596723 1079530 346485 2996 22336 20416 20193 15690 198 250238 22566 12903 1451 11452 1920 2798 1719 11378 5630 2059 5748 1068152 350725 99777 250948 444 422 717427 580830 136597 3917
is_linear=0
shrinkage=0.07


Tree=173
num_leaves=35
num_cat=0
split_feature=12 6 2 8 3 6 3 3 0 6 2 6 1 3 6 3 2 2 6 1 2 12 1 6 6 8 2 2 9 6 6 6 12 12
split_gain=1.46572 2.23308 6.0752 2.80595 6.89534 10.1651 9.4627 4.62418 12.9536 6.59169 3.82199 2.54556 4.48598 11.082 4.4253 5.71118 2.7262 5.04806 4.15352 5.80979 4.09539 3.83868 4.59914 3.69302 3.13411 2.68868 2.45992 2.3964 2.89256 2.29619 2.26122 4.27724 2.72984 1.9924
threshold=10.500000000000002 0.64140689089417569 0.23629112662013965 1.5000000000000002 0.44610281923714762 0.62087114337568072 0.42488716956802064 0.61651583710407254 0.46265328874024531 0.40074349442379187 0.70152654363180689 0.64533196791261316 0.70659971305595415 0.87841832963784194 0.64306599832915634 0.31662489557226403 0.23629112662013965 0.22792207792207794 0.75066137566137581 0.29459980713596917 0.27072835547411828 8.5000000000000018 0.29300813008130089 0.65633012820512826 0.92876658860265426 2.5000000000000004 0.96051948051948066 0.30068493150684938 0.73214285714285732 0.87287157287157302 0.50110132158590315 0.50802230802230808 8.5000000000000018 15.500000000000002
decision_type=2 2 2 2 2 2 2 2 2 2 2 2 2 2 2 2 2 2 2 2 2 2 2 2 2 2 2 2 2 2 2 2 2 2
left_child=1 2 -1 7 5 6 -5 30 9 -9 -10 12 13 14 -3 -16 17 18 23 -20 24 22 -19 -13 29 26 -22 -6 -29 -18 32 -32 -4 -2
right_child=33 11 3 4 27 -7 -8 8 10 -11 -12 16 -14 -15 15 -17 20 21 19 -21 25 -23 -24 -25 -26 -27 -28 28 -30 -31 31 -33 -34 -35
leaf_value=-0.054865874168219218 0.0025562710337821244 -0.073199639252020512 -0.072709649953424368 -0.0089738609887391775 -0.18877445808669982 1.0575173070240569 0.39920287913575386 -0.050875619711816158 -0.018217622114313714 0.098295633907057117 0.00087155152021494125 -0.072444175013689202 -0.038464015015351849 0.42608017062216358 0.63716229562374149 0.08603692536769679 -0.051257152953675104 0.16720448776936064 -0.015463158419968526 0.15832268086448403 -0.00052334140003394908 -0.0741345380644408 -0.076925055347385377 0.078459883683078518 -0.15572364105249345 0.11536001084378408 -0.22756591231360004 -0.010208578291776549 0.083755573154022725 0.058317515263640797 0.17729680800668335 -0.019186900563631072 -0.016377344050283033 -0.00076293779301654001
leaf_weight=12.771057820143424 1285.2533607412515 0.9117626085346725 9.788099551969685 0.76836584998329616 0.290965947011954 0.062061324410023988 0.43634406443175067 1.7444261783439277 85.86263667135745 8.6445635840499317 128.02384083215657 0.92284390352006695 1.5982341514900325 0.45166071946732689 0.098873229896526138 1.3517695966392009 5.7312770204721328 2.5121536210863269 18.48282580067826 0.99325625264464079 110.45163388764888 0.52987546558506426 0.44512077473655143 5.7205244088554537 1.2057980082463471 0.98159483285416982 0.23432773582317068 5.8175022168744572 2.2170713888890532 1.1202653651416765 0.5594243612223434 18.360351985073489 7.4034527245673862 2853.6257299937733
leaf_count=160485 468572 2268 137759 4728 334 67 983 2450 129953 3581 33731 1582 20 10 233 1511 6347 815 973 90 34126 355 275 5785 18 71 61 2057 367 35 4973 149962 310764 284077
internal_value=-0.00013909 -0.00399709 -0.00768907 -0.00545742 0.0317236 0.183873 0.138867 -0.00682712 -0.00308397 0.0732481 -0.00679161 0.00279281 0.0551932 0.108385 0.0476462 0.123601 0.00124453 0.020264 0.0097027 -0.00660029 -0.00345877 0.0993706 0.130459 0.0574975 -0.0516559 1.88763e-05 -0.001004 0.00857322 0.01572 -0.0333411 -0.0300746 -0.0133772 -0.0484504 0.000267782
internal_weight=4575.37 436.494 282.75 269.979 9.59231 1.26677 1.20471 260.387 224.275 10.389 213.886 153.744 4.4123 2.81407 2.36241 1.45064 149.331 29.6066 26.1195 19.4761 119.725 3.48715 2.95727 6.64337 8.05734 111.668 110.686 8.32554 8.03457 6.85154 36.1113 18.9198 17.1916 4138.88
internal_count=1749418 996769 942194 781709 8536 5778 5711 773173 169715 6031 163684 54575 4042 4022 4012 1744 50533 9875 8430 1063 40658 1445 1090 7367 6400 34258 34187 2758 2424 6382 603458 154935 448523 752649
is_linear=0
shrinkage=0.07


Tree=174
num_leaves=35
num_cat=0
split_feature=9 8 6 5 5 9 1 8 2 12 6 3 2 12 9 7 9 2 3 5 5 12 6 6 9 7 5 3 5 3 12 6 2 1
split_gain=1.47991 18.9542 15.4161 6.48725 10.1842 8.79038 8.92877 8.32396 12.1395 11.3245 10.7407 10.1742 8.20011 8.94055 8.19865 7.88817 6.93056 6.96899 6.92537 8.78094 6.2568 8.46949 11.5522 9.06685 6.46996 6.42111 6.15085 6.48377 27.4736 7.44706 9.28939 6.40937 7.51496 12.0376
threshold=0.23611111111111113 1.0000000180025095e-35 0.51903565561890053 0.95275297619047639 0.9201769911504426 0.38750000000000007 0.37089947089947101 1.5000000000000002 0.36788399570354463 14.500000000000002 0.40954368655725271 0.42020373514431242 0.5147186147186148 52.500000000000007 0.81666666666666676 0.76606330051868332 0.31666666666666671 0.53410852713178303 0.69028213166144214 0.94148770619358868 0.88322510822510836 22.500000000000004 0.73357314148681074 0.88322510822510836 0.35416666666666669 0.76606330051868332 0.97489495798319337 0.64346246973365628 0.80788655788655805 0.59824561403508791 23.500000000000004 0.92074911499371936 0.59611795446061977 0.40936473165388831
decision_type=2 2 2 2 2 2 2 2 2 2 2 2 2 2 2 2 2 2 2 2 2 2 2 2 2 2 2 2 2 2 2 2 2 2
left_child=1 26 -3 4 20 6 -5 9 -9 18 -11 -10 13 -7 -14 -15 17 -8 -6 -20 -2 23 25 24 -22 -23 27 28 -1 30 -30 -29 33 -33
right_child=3 2 -4 5 7 12 16 8 11 10 -12 -13 14 15 -16 -17 -18 -19 19 -21 21 22 -24 -25 -26 -27 -28 31 29 -31 -32 32 -34 -35
leaf_value=-0.056485662245992836 0.0041657107926439309 0.016024277717470156 -0.060783064763719703 -0.0020102722824275891 0.0058319407905433251 -0.0092015187033161923 -0.073218408821748501 -0.034649886329954145 0.48706246529067604 0.47165130979092162 0.038727519499259053 0.032732413445631423 0.00081407846382157032 -0.14997821762504954 0.05990995038324308 0.038511438223642766 -0.065605169965757618 0.076522431768383511 -0.033365538340405572 -0.24586703460625692 -0.0049803543943085244 0.058674541314506209 -0.0049919784838816338 0.028807328032978644 -0.047978982273253624 0.26054782379288738 0.01279917334023253 0.00065322922419690601 7.6538470691676463e-05 -0.028544231414591933 0.048914807302468277 -0.063642625305154021 -0.029561070354175115 0.077932509542220779
leaf_weight=53.017825263001328 786.00162572952831 17.86992902804004 45.172588495482252 33.356589322094806 17.734888725739442 281.37181944228359 2.5845296868355936 27.452615929418243 0.24476522195618855 0.28159887867513944 99.741652116950718 18.219578549818834 26.986686892458238 1.1312669129110897 20.049745423872082 28.393298740003956 30.789888107508887 3.7077788246097043 3.7643395058257729 1.2757382107811279 25.419909895586898 9.9231836164108209 54.456729141224059 13.167291359917725 52.687125672702678 0.83719231055874921 167.68110171563239 2484.0881734635473 132.707290072712 35.254729093780043 22.288933914009249 4.5068796798586837 64.542259863694198 8.4796920269727689
leaf_count=498646 711296 40846 21062 954 577 4563 53 335 4 23 14356 5449 7151 33 41591 994 1522 159 256 89 1348 940 6708 442 1579 96 8908 309679 65231 1113 1595 32 1698 90
internal_value=-0.000132896 -0.00102948 -0.0390114 0.0016349 0.00445614 -0.00568347 -0.0282875 0.0202951 -0.00513194 0.0298028 0.0399463 0.0387551 -0.00123514 -0.00535628 0.0260043 0.0312892 -0.0519247 0.0150172 -0.0147457 -0.0871537 0.00162082 -0.0111613 0.00810401 -0.0249266 -0.0339851 0.0743809 -0.000223953 -0.0010025 -0.0119236 0.000494594 0.00709963 3.46479e-05 -0.0197852 0.0288001
internal_weight=4575.19 3035.61 63.0425 1539.58 1111.21 428.372 70.4388 168.715 45.917 122.798 100.023 18.4643 357.933 310.896 47.0364 29.5246 37.0822 6.29231 22.775 5.04008 942.493 156.491 65.2171 91.2743 78.107 10.7604 2972.57 2804.89 243.269 190.251 154.996 2561.62 77.5288 12.9866
internal_count=1749418 948900 61908 800518 743498 57020 2688 21089 5788 15301 14379 5453 54332 5590 48742 1027 1734 212 922 345 722409 11113 7744 3369 2927 1036 886992 878084 566585 67939 66826 311499 1820 122
is_linear=0
shrinkage=0.07


Tree=175
num_leaves=35
num_cat=0
split_feature=0 3 1 12 6 12 7 3 3 3 3 1 6 6 1 2 12 7 7 12 2 6 7 12 8 2 6 2 6 7 1 3 0 3
split_gain=1.45965 13.5798 10.5807 9.09361 9.06943 9.88386 8.9955 8.98839 51.9654 6.79623 7.92675 9.35842 26.8157 95.6743 7.5993 7.13013 18.1791 10.1379 6.81103 11.3292 9.88249 10.8214 10.4358 6.68402 7.4175 9.57056 5.85977 5.84376 5.79835 5.20652 4.99891 7.31269 4.96881 18.569
threshold=0.32200460829493094 0.49306742640075979 0.31400560224089641 49.500000000000007 0.34577183699990721 10.500000000000002 0.85794995964487508 0.35388994307400384 0.3504385964912281 0.53907203907203927 0.42488716956802064 0.31311274509803927 0.52839964805943895 0.49132832080200506 0.30068493150684938 0.28759398496240607 82.500000000000014 0.49489742788711871 0.61574917973022247 20.500000000000004 0.32049382716049385 0.58578643578643586 0.61356664807585071 43.500000000000007 1.5000000000000002 0.41444372153545878 0.81264269406392708 0.23294573643410851 0.77677926662922259 0.95845660749506922 0.29818990155604957 0.30940170940170947 0.55217785843920153 0.64346246973365628
decision_type=2 2 2 2 2 2 2 2 2 2 2 2 2 2 2 2 2 2 2 2 2 2 2 2 2 2 2 2 2 2 2 2 2 2
left_child=2 3 9 23 7 -6 -7 8 -4 10 14 15 13 -13 30 17 -17 -12 19 20 21 -11 -22 24 28 -26 -20 -16 -2 -30 -1 -32 33 -3
right_child=1 32 4 -5 5 6 -8 -9 -10 18 11 12 -14 -15 27 16 -18 -19 26 -21 22 -23 -24 -25 25 -27 -28 -29 29 -31 31 -33 -34 -35
leaf_value=0.00047179721335101885 -0.048057894350978653 -0.0039759356792987621 -0.070327160990309986 0.04653408139743296 -0.07357253618594034 0.078708685002240375 -0.0030348133103236721 0.24754271600254785 4.9088573826174908 -0.042416222184894631 -0.058417189369219941 0.71153636826128097 0.037205198261058246 8.7207660497288444 0.036135825190292438 0.001103541573555112 -1.341415498302172 0.038916376948847364 -0.051863420103222084 -0.076900613374502602 0.10078319924918901 0.062016949598648501 0.98385605095561046 -0.10215649887961789 -0.0031618234191660394 0.13568235878338575 -0.0094562884695046766 -0.053189107720794569 -0.007384390512706028 -0.060285041695838426 0.24855628063804397 0.032981636945017115 -0.00072447576099354946 0.027529159673605429
leaf_weight=478.41642435684139 49.59653922335167 249.56163358228491 0.038126996228924237 9.2302087568677944 3.4819952000242997 19.551011733578893 9.9555173816188454 0.2165566543187083 0.014057278383006633 10.316866806242226 5.6646754299472653 0.08889925889644601 0.31308285248996981 0.0079627969248576846 4.3270363489633636 64.636478473368328 0.049460545182227089 70.520463346995996 30.450197889339051 5.9233839715598142 5.7311187562215187 9.1951041617494393 0.066332225333098793 5.3153456888976498 24.73286947729321 2.6980078706168333 33.565838662616443 21.033306025858906 54.152572373284784 10.961724983993916 0.87357295349789765 6.5693294315130402 3239.7374764428923 144.89025565291126
leaf_count=474114 379981 135653 702 83 24005 15462 272 3563 163 11026 32795 434 300 66 4448 74576 1 28456 4905 214 3886 1248 30 48 10893 811 722 52369 7951 106 1081 10683 452663 15708
internal_value=-0.00012354 -0.000691257 0.00263206 -0.0208685 0.0412654 0.037966 0.0511284 0.446269 1.27095 0.000913791 0.00346352 0.0181398 0.352108 1.36996 -0.00059244 0.017168 7.70167e-05 0.0316792 -0.0165531 0.0102456 0.0306412 0.00679838 0.110887 -0.0250876 -0.0222056 0.0104944 -0.0296279 -0.0379483 -0.0300252 -0.01629 0.00135742 0.0582836 0.000178679 0.00759653
internal_weight=4571.88 3790.88 781.007 156.687 33.2573 32.9885 29.5065 0.268741 0.0521843 747.75 652.501 141.281 0.409945 0.0968621 511.22 140.871 64.6859 76.1851 95.2488 31.2328 25.3094 19.512 5.79745 147.457 142.142 27.4309 64.016 25.3603 114.711 65.1143 485.859 7.4429 3634.19 394.452
internal_count=1749418 1003897 745521 399873 44167 39739 15734 4428 865 701354 679323 136628 800 500 542695 135828 74577 61251 22031 16404 16190 12274 3916 399790 399742 11704 5627 56817 388038 8057 485878 11764 604024 151361
is_linear=0
shrinkage=0.07


Tree=176
num_leaves=35
num_cat=0
split_feature=1 2 0 5 0 0 2 1 0 12 7 12 2 8 7 7 12 2 7 7 6 0 5 5 7 2 1 0 1 0 2 7 12 7
split_gain=1.84785 13.6527 13.206 10.1699 12.4265 23.7274 18.999 12.3814 10.2039 8.95912 8.88809 9.08659 8.33803 11.0666 15.5565 34.6875 7.86345 6.85013 6.65063 6.80244 6.22375 6.22198 6.21594 6.1096 5.81049 6.09069 5.72815 22.8603 7.32439 6.98466 6.96606 7.39711 5.59543 5.59237
threshold=0.72377109317681587 0.87007672634271105 0.82842724978973936 0.68013605442176883 0.71535181236673784 0.87026647966339421 0.64660633484162899 0.69006568144499192 0.99253731343283602 49.500000000000007 0.61826965305226189 19.500000000000004 0.72834224598930497 2.5000000000000004 0.7277389277389279 0.85794995964487508 12.500000000000002 0.32049382716049385 0.79001971158833917 0.82842712842712851 0.84389334862385335 0.7593103448275863 0.85794995964487497 0.73186673043201023 0.64126286093594431 0.68042553191489374 0.84889995848899968 0.95587280986372503 0.83910792512943055 0.8447574334898279 0.83438818565400863 0.5361571791423877 21.500000000000004 0.47643720700715525
decision_type=2 2 2 2 2 2 2 2 2 2 2 2 2 2 2 2 2 2 2 2 2 2 2 2 2 2 2 2 2 2 2 2 2 2
left_child=1 3 -2 8 6 18 10 16 -1 -9 11 -5 13 20 -15 -16 -7 -12 21 -20 -4 -6 -22 -8 33 -26 27 28 -14 -30 31 -29 -24 -10
right_child=2 -3 12 4 5 7 23 9 24 -11 17 -13 26 14 15 -17 -18 -19 19 -21 22 -23 32 -25 25 -27 -28 30 29 -31 -32 -33 -34 -35
leaf_value=-0.024626248996214635 0.024937997624068495 0.075007895758223531 0.046006910964157322 0.015624017927505271 -0.026872117271989696 0.038565005383321083 0.1038190581938519 -0.030753850781521045 0.0068762552339090852 -0.22919274358480562 0.0024551296663031809 -0.012180740552752509 -0.050140067090190137 -0.04870692410537221 -2.1370693977929265 0.070249818799168862 0.00090067726921785017 -0.0088011083247858564 0.057214343323534554 -0.029688822577157058 -0.30170459849431741 -0.067649822411383315 0.058905651068500833 0.029254006874145207 0.021760139934363178 0.18798704829142149 0.00097456630395759331 0.010632678682993623 0.083780833001365268 -0.026361203482387626 -0.026612185942312006 -0.012435278304671969 -0.057002419546778732 -0.028257540682711052
leaf_weight=181.96065058351974 107.62933333918136 11.260651885591868 36.114754857218941 282.20606734569469 30.747631230013212 35.353480269055581 5.7726913592487099 31.732004987861728 90.84885102278713 1.1554202321276523 562.24984869870639 72.358143708988791 69.554557062154345 0.3422879120480492 0.063397048594197258 0.077567677057231776 117.21320495434338 500.94876353337952 5.7645422222267397 18.832494669040898 0.36740794577053648 45.417563957482344 3.5617054096219345 80.052063168594032 3.3144647091394281 1.6022025635465977 1875.0657434563691 216.59378646028927 3.9980019691211046 9.584688229573656 43.131177224851854 99.36203231663967 4.7792495706453337 29.378154681911838
leaf_count=1181438 19889 2527 3875 96094 1159 470 275 1247 15337 457 126571 3121 19005 42 27 72 6135 94384 85 569 22 1459 277 3508 106 18 144758 11972 391 1174 2941 7067 1502 1444
internal_value=-0.000340869 -0.00186313 0.000958281 -0.00227594 -0.000256617 -0.0136252 0.00228817 0.00123094 -0.0140446 -0.0377255 0.000352181 0.00994973 -0.000134128 0.0296062 -0.303582 -0.922463 0.00962844 -0.00284849 -0.0409682 -0.00932226 0.0331984 -0.051188 -0.0199203 0.0342694 0.00134135 0.0759288 -0.000715594 -0.00788201 -0.0409585 0.00605859 -0.000224005 0.00337825 -0.00750804 -0.00170889
internal_weight=4578.39 2108.17 2470.23 2096.91 1789.8 286.216 1503.59 185.454 307.104 32.8874 1417.76 354.564 2362.6 45.3064 0.483253 0.140965 152.567 1063.2 100.762 24.597 44.8231 76.1652 8.70836 85.8248 125.144 4.91667 2317.29 442.224 83.1372 13.5827 359.087 315.956 8.34095 120.227
internal_count=1749418 1536404 213014 1533877 335534 11581 323953 8309 1198343 1704 320170 99215 193125 5817 141 99 6605 220955 3272 654 5676 2618 1801 3783 16905 124 187308 42550 20570 1565 21980 19039 1779 16781
is_linear=0
shrinkage=0.07


Tree=177
num_leaves=35
num_cat=0
split_feature=7 3 9 2 7 5 0 3 5 12 12 0 6 0 12 6 2 2 5 5 2 9 7 12 12 12 2 3 5 5 6 7 12 6
split_gain=1.78651 6.74949 9.94668 51.2378 164.763 14.0117 8.07963 16.103 16.2331 15.0968 12.426 10.5912 10.1971 8.35157 14.0819 13.626 12.57 9.1054 7.25711 8.0293 11.9642 7.12283 6.76877 8.41532 7.81415 6.74645 9.31344 8.49214 8.09415 6.5421 5.53568 6.7447 17.995 16.7076
threshold=0.69705627705627715 0.45773809523809533 0.47222222222222227 0.45748709122203107 0.66513056835637496 0.81509971509971524 0.57321428571428579 0.67117117117117131 0.54246303642264715 19.500000000000004 16.500000000000004 0.20550527903469085 0.89099909990999115 0.95293466223698797 23.500000000000004 0.69783049789292961 0.56966490299823647 0.93788580246913589 0.55938129666943237 0.78171368861024038 0.30068493150684938 0.58571428571428574 0.55479161761243245 16.500000000000004 39.500000000000007 25.500000000000004 0.93063352044907788 0.97825059101654854 0.693997599039616 0.62392660550458723 0.95678847692718072 0.57949235344095174 29.500000000000004 0.53070896605087536
decision_type=2 2 2 2 2 2 2 2 2 2 2 2 2 2 2 2 2 2 2 2 2 2 2 2 2 2 2 2 2 2 2 2 2 2
left_child=1 2 5 18 -5 -1 7 8 -3 10 -10 -9 -11 14 16 -16 21 -18 -4 20 -20 -8 24 -24 -13 26 28 -28 -15 -2 31 32 -7 -33
right_child=29 6 3 4 -6 30 13 11 9 12 -12 22 -14 25 15 -17 17 -19 19 -21 -22 -23 23 -25 -26 -27 27 -29 -30 -31 -32 33 -34 -35
leaf_value=-0.071325331070503942 0.13638338216188914 -0.081404689629389709 -0.061232775205802878 -0.070137947712170481 15.18458155827093 0.0030971483209121823 -0.052473668552063514 -0.087381250921597028 0.0074921561447887407 -0.035260412351982212 0.059259127729765534 0.06636079470282312 0.051083256030947509 0.0080780308042094212 -0.061646313706207975 0.036395403605801221 -0.0040632445116701842 0.049374268049271849 0.052020756074908608 -0.0074977828397753271 -0.055883690064900154 0.02132899079041169 0.00060019970993382271 0.067453028893016229 -0.19755119050020387 0.0090431457880821384 0.043549989857749778 -0.0065989246869610141 -0.0095686657729604652 0.0016782557691798329 0.10001625779794167 -1.1815912831571489 0.70421614902407348 -0.039901895194753498
leaf_weight=28.998194205764392 1.7690008982840471 11.184998308825156 9.6678870148085974 0.014222373767636465 0.0045886877924203864 28.126597077884231 38.919885199514624 3.2545054570675793 145.71236324771425 54.568610344766057 26.917988922345103 38.160914572912588 7.6405029796296722 611.2389227142321 41.05496358043456 8.3606763615534856 411.83577194833435 16.240521875290142 26.811061005350666 112.7139975958271 6.1991972299790623 7.670623397417784 28.742009779277396 13.588130202115279 0.55777779524214466 364.05615867034066 16.821700053973473 1009.1290916666185 160.88549779291498 1317.4673911159466 2.1125990186119443 0.062973353135023724 0.18052769033238192 23.886517428250954
leaf_count=499889 492 184990 327461 275 1 12576 62867 401 103071 2646 4536 8307 175 40132 1894 935 169241 700 12478 3110 9121 1851 1544 468 7 21297 759 47683 3881 209757 23 136 19 16695
internal_value=-0.000314122 -0.00119475 -0.0125238 -0.00205982 3.65103 -0.0320304 -0.000297978 0.0100329 0.000985736 0.00490985 0.0155641 0.0364354 -0.0246557 -0.00156838 -0.00949619 -0.0450585 -0.00579393 -0.00203591 -0.00250205 0.00139436 0.0317567 -0.0403229 0.0414073 0.0220602 0.0625589 0.000353252 -0.00140619 -0.00577667 0.00440104 0.00185889 -0.0110722 -0.0155633 0.00756851 -0.0429039
internal_weight=4574.56 3255.32 238.778 155.411 0.0188111 83.3674 3016.54 330.328 246.024 234.839 172.63 84.3033 62.2091 2686.21 524.082 49.4156 474.667 428.076 155.392 145.724 33.0103 46.5905 81.0488 42.3301 38.7187 2162.13 1798.08 1025.95 772.124 1319.24 54.3692 52.2566 28.3071 23.9495
internal_count=1749418 1539169 881784 352446 276 529338 657385 306145 295418 110428 107607 10727 2821 351240 237488 2829 234659 169941 352170 24709 21599 64718 10326 2012 8314 113752 92455 48442 44013 210249 29449 29426 12595 16831
is_linear=0
shrinkage=0.07


Tree=178
num_leaves=35
num_cat=0
split_feature=1 0 2 3 3 6 0 1 2 0 2 3 7 7 3 0 3 0 5 3 3 3 3 0 3 0 6 5 6 2 1 3 5 9
split_gain=1.67157 16.4158 11.6824 6.79185 11.6726 8.40021 25.4827 20.0825 11.441 9.70381 7.92682 6.7397 6.68217 6.79694 6.59917 6.01058 32.2002 23.2869 17.582 16.2741 13.7001 11.4854 11.0103 37.4789 7.85029 15.7089 7.5106 7.34294 9.51863 7.21128 14.3274 9.21066 6.95791 19.847
threshold=0.76028169014084523 0.82842724978973936 0.88067796610169491 0.82807881773399028 0.94028520499108736 0.50920383963862237 0.82097069597069605 0.81530214424951286 0.77015755329008351 0.80350877192982473 0.72834224598930497 0.80277777777777792 0.72024844720496906 0.76016528925619842 0.82097069597069605 0.73401360544217698 0.81530214424951286 0.89725545390570038 0.68013605442176883 0.99253731343283602 0.75716625716625729 0.9294019933554819 0.81120250685468098 0.72871572871572876 0.87026647966339421 0.80350877192982473 0.44012578616352205 0.87737200143215188 0.57080200501253142 0.56966490299823647 0.64051282051282066 0.63245614035087727 0.73186673043201023 0.19090909090909094
decision_type=2 2 2 2 2 2 2 2 2 2 2 2 2 2 2 2 2 2 2 2 2 2 2 2 2 2 2 2 2 2 2 2 2 2
left_child=2 3 15 5 10 6 8 -8 9 -2 -5 -9 -12 -14 -10 16 18 20 22 27 29 -19 -1 -24 26 -26 -22 28 -18 31 -31 -17 33 -20
right_child=1 -3 -4 4 -6 -7 7 11 14 -11 12 -13 13 -15 -16 17 19 21 32 -21 24 -23 23 -25 25 -27 -28 -29 -30 30 -32 -33 -34 -35
leaf_value=-0.030768775413037259 -0.034233119347945921 1.0227969296769871e-05 0.066383876427681648 0.19230856029240412 0.11135582195374638 0.043307009687739685 1.7942002269683806 -0.014021970446732824 0.1742889139006327 0.70681506260361227 -0.02975532610547043 0.87831756498329805 0.1652582362889144 0.008835387394116467 0.57072873568159632 0.13268317483647635 0.025902900544640398 0.039788735968466445 -0.041556094819839219 -0.033713036331897449 -0.012882039351253044 -0.0027163300795294558 0.072338568326898778 1.578189512803774 0.051868427416063234 -0.038118471435476815 -0.058510439610536973 0.026475991954801579 0.091794032469058165 0.16426897427081871 0.0032887412499535171 -0.072333139529302953 -0.0010992741958684642 0.052318051981233925
leaf_weight=117.46172216960008 2.2308348131828128 2242.5823382612989 12.294986436752877 0.98497911826052842 5.160758045867623 25.46088570455322 0.075067981339088763 0.086331309063098161 2.3133309532131539 0.090081926444326998 20.899072952968712 0.079819951028184732 1.8227492909645651 5.375006729082088 0.22583089741783613 1.3403723229268987 16.389387267417078 33.918068583903732 15.634742008697229 12.745376989885242 22.813039529510206 381.7062729944937 1.7512810857688226 0.084914429388845636 12.991928298968558 35.424130563445942 78.510184566132921 33.94956059003016 31.181093083287124 4.1415709600069004 7.8322620401204404 5.3984237467943785 1398.0620633112167 37.516582868519436
leaf_count=1098677 995 180155 2683 95 365 1217 97 48 578 223 5461 36 43 601 193 659 6233 3941 97065 838 48827 29594 1178 211 4127 18323 9785 2834 846 2761 2621 4130 212522 11456
internal_value=-0.000311575 0.00101391 -0.00166417 0.0357467 0.0143376 0.0597339 0.141721 0.843978 0.106866 -0.00547076 -0.00287892 0.414663 -0.00972153 0.0484477 0.209548 -0.0020362 0.000107341 -0.00814589 -0.00227775 0.0398442 -0.0301008 0.000752403 -0.0281099 0.141976 -0.0371578 -0.0139715 -0.0482372 0.0513447 0.0690927 0.0263699 0.0589694 -0.0315546 -0.000154201 0.0247045
internal_weight=4568.54 2307.39 2261.15 64.8047 34.2426 30.5622 5.1013 0.241219 4.86008 2.32092 29.0818 0.166151 28.0968 7.19776 2.53916 2248.85 1664.78 584.076 1570.51 94.2654 168.452 415.624 119.298 1.8362 149.739 48.4161 101.323 81.52 47.5705 18.7126 11.9738 6.7388 1451.21 53.1513
internal_count=1749418 190107 1559311 9952 6565 3387 2170 181 1989 1218 6200 84 6105 644 771 1556628 1431860 124768 1421109 10751 91233 33535 1100066 1389 81062 22450 58612 9913 7079 10171 5382 4789 321043 108521
is_linear=0
shrinkage=0.07


Tree=179
num_leaves=35
num_cat=0
split_feature=12 6 3 5 0 5 3 3 3 6 5 9 5 5 6 6 5 12 0 7 5 7 0 7 0 0 0 7 5 12 5 3 3 0
split_gain=1.66654 2.41806 7.30184 3.54834 12.0051 18.4686 14.5256 8.57924 4.79924 4.48262 7.01249 5.34168 2.98017 10.2805 96.4836 266.604 7.10244 200.818 791.318 3.19862 115.236 2.34173 2.09784 1.98922 3.64379 1.93568 5.14534 5.37309 5.27324 4.85092 9.31993 4.63611 4.58362 6.21482
threshold=10.500000000000002 0.54176929392446649 0.57359307359307365 0.80136054421768721 0.5656275635767023 0.71468475658419794 0.710394265232975 0.7593103448275863 0.95713410900183726 0.41396725879484514 0.59731240981240996 0.61250000000000016 0.60042918454935634 0.6039002152716223 0.52839964805943895 0.53070896605087536 0.59476565172767715 5.5000000000000009 0.3603278688524591 0.60479471719781808 0.84877072612921667 0.31277173913043482 0.99253731343283602 0.38119783996072659 0.43557312252964431 0.31180555555555561 0.29459980713596917 0.83796653796653808 0.88969991889699929 9.5000000000000018 0.63256584685156125 0.42020373514431242 0.42967032967032975 0.39314988290398128
decision_type=2 2 2 2 2 2 2 2 2 2 2 2 2 2 2 2 2 2 2 2 2 2 2 2 2 2 2 2 2 2 2 2 2 2
left_child=1 2 12 4 5 7 -7 -4 23 10 -6 -11 16 14 -14 -16 22 18 -18 -15 -21 -3 -1 -5 -25 26 29 28 -28 30 -23 -27 33 -33
right_child=-2 21 3 8 9 6 -8 -9 -10 11 -12 -13 13 19 15 -17 17 -19 -20 20 -22 25 -24 24 -26 31 27 -29 -30 -31 -32 32 -34 -35
leaf_value=-0.075419655387329879 0.00013396854502385828 0.15222546681309196 -0.048547528938982648 -0.076745186369368085 -0.0034175870938256184 0.33205997626496409 0.033373726824407729 0.13676707767387297 0.055404392868581544 -0.046150584780666179 0.10479790640804174 0.047309847162805577 -0.073093710543437662 -0.023551581162190329 26.145885596439562 -0.070004793223377298 -0.070004295016424578 -0.070894803442842241 -70.02392081012195 -0.076461382628679256 -8.2535608885999743 0.23726783677792257 0.13067548233739476 0.044274030258602382 -0.045131771155454137 -0.074116652623220133 -0.016467701797672235 0.26889415091687108 0.11115134705169967 -0.046477103614689742 0.0077437294770386781 -0.0054026615492047325 -0.0031466550576396894 0.25660016219276144
leaf_weight=8.9608065123895635 4129.3296773005668 0.49734847468721355 4.3888714069012229 5.8645129699434682 119.71629618937311 1.9353972863884714 1.3573271706191006 1.6976172615909488 2.8005283075617617 21.651608393593452 3.0079222970525725 3.477853985339606 0.077662047403248446 13.355060914831915 0.0026701345095716533 0.0065969779150236718 0.0038064817213139999 0.13445053032239687 0.0010006587432116547 0.67409776330179383 0.0085518652995233424 0.88268559689993153 0.24872706830501634 2.7414047689817371 12.05999083718052 4.4756005552109164 3.1131628943463161 0.59302798905264342 3.2352259634717484 8.139461800858383 48.368952908681194 1.0151586210840822 158.84393008679791 0.78795574940261293
leaf_count=562964 752649 125 34410 97 125302 216 40 1197 35 27242 149 364 994 37704 35 245 383 3450 101 10526 36 19974 1 74 230 36035 14182 35 432 16489 46274 5104 50870 1454
internal_value=-0.000299769 -0.00442541 -0.00996968 -0.0051985 -0.00140898 0.0753876 0.208936 0.00313962 -0.0305895 -0.00628063 -0.000765268 -0.0332159 -0.0466984 -0.0264066 0.732488 7.48358 -0.0773562 -0.573529 -14.6317 -0.0311061 -0.1789 0.000497302 -0.0698535 -0.0422429 -0.0285727 0.000168428 0.0104688 0.0673918 0.0485687 0.00358401 0.0118572 -0.00384465 -0.00188688 0.109092
internal_weight=4563.45 434.125 204.173 180.699 157.233 9.37921 3.29272 6.08649 23.4664 147.854 122.724 25.1295 23.4734 14.1246 0.0869292 0.00926711 9.34879 0.139258 0.00480714 14.0377 0.68265 229.953 9.20953 20.6659 14.8014 229.455 64.3325 6.94142 6.34839 57.3911 49.2516 165.123 160.647 1.80311
internal_count=1749418 996769 805795 189356 188920 35863 256 35607 436 153057 125451 27606 616439 49540 1274 280 566899 3934 484 48266 10562 190974 562965 401 304 190849 97386 14649 14614 82737 66248 93463 57428 6558
is_linear=0
shrinkage=0.07


end of trees

feature_importances:
Column_5=976
Column_3=774
Column_6=638
Column_1=608
Column_2=606
Column_9=592
Column_12=589
Column_0=584
Column_7=436
Column_8=207
Column_4=105
Column_10=5

parameters:
[boosting: gbdt]
[objective: binary]
[metric: binary_logloss]
[tree_learner: serial]
[device_type: cpu]
[data_sample_strategy: bagging]
[data: ]
[valid: ]
[num_iterations: 180]
[learning_rate: 0.07]
[num_leaves: 35]
[num_threads: 11]
[seed: 42]
[deterministic: 0]
[force_col_wise: 0]
[force_row_wise: 0]
[histogram_pool_size: -1]
[max_depth: 7]
[min_data_in_leaf: 40]
[min_sum_hessian_in_leaf: 0.001]
[bagging_fraction: 0.85]
[pos_bagging_fraction: 1]
[neg_bagging_fraction: 1]
[bagging_freq: 0]
[bagging_seed: 400]
[bagging_by_query: 0]
[feature_fraction: 0.85]
[feature_fraction_bynode: 1]
[feature_fraction_seed: 30056]
[extra_trees: 0]
[extra_seed: 12879]
[early_stopping_round: 0]
[early_stopping_min_delta: 0]
[first_metric_only: 0]
[max_delta_step: 0]
[lambda_l1: 0]
[lambda_l2: 0]
[linear_lambda: 0]
[min_gain_to_split: 0]
[drop_rate: 0.1]
[max_drop: 50]
[skip_drop: 0.5]
[xgboost_dart_mode: 0]
[uniform_drop: 0]
[drop_seed: 17869]
[top_rate: 0.2]
[other_rate: 0.1]
[min_data_per_group: 100]
[max_cat_threshold: 32]
[cat_l2: 10]
[cat_smooth: 10]
[max_cat_to_onehot: 4]
[top_k: 20]
[monotone_constraints: ]
[monotone_constraints_method: basic]
[monotone_penalty: 0]
[feature_contri: ]
[forcedsplits_filename: ]
[refit_decay_rate: 0.9]
[cegb_tradeoff: 1]
[cegb_penalty_split: 0]
[cegb_penalty_feature_lazy: ]
[cegb_penalty_feature_coupled: ]
[path_smooth: 0]
[interaction_constraints: ]
[verbosity: -1]
[saved_feature_importance_type: 0]
[use_quantized_grad: 0]
[num_grad_quant_bins: 4]
[quant_train_renew_leaf: 0]
[stochastic_rounding: 1]
[linear_tree: 0]
[max_bin: 255]
[max_bin_by_feature: ]
[min_data_in_bin: 3]
[bin_construct_sample_cnt: 200000]
[data_random_seed: 175]
[is_enable_sparse: 1]
[enable_bundle: 1]
[use_missing: 1]
[zero_as_missing: 0]
[feature_pre_filter: 1]
[pre_partition: 0]
[two_round: 0]
[header: 0]
[label_column: ]
[weight_column: ]
[group_column: ]
[ignore_column: ]
[categorical_feature: ]
[forcedbins_filename: ]
[precise_float_parser: 0]
[parser_config_file: ]
[objective_seed: 16083]
[num_class: 1]
[is_unbalance: 0]
[scale_pos_weight: 1]
[sigmoid: 1]
[boost_from_average: 1]
[reg_sqrt: 0]
[alpha: 0.9]
[fair_c: 1]
[poisson_max_delta_step: 0.7]
[tweedie_variance_power: 1.5]
[lambdarank_truncation_level: 30]
[lambdarank_norm: 1]
[label_gain: ]
[lambdarank_position_bias_regularization: 0]
[eval_at: ]
[multi_error_top_k: 1]
[auc_mu_weights: ]
[num_machines: 1]
[local_listen_port: 12400]
[time_out: 120]
[machine_list_filename: ]
[machines: ]
[gpu_platform_id: -1]
[gpu_device_id: -1]
[gpu_device_id_list: ]
[gpu_use_dp: 0]
[num_gpu: 1]

end of parameters

pandas_categorical:null
